Title,Organization,Skills,Ratings,course_url,course_students_enrolled,course_description,Review Count,Difficulty,Type,Duration
google cybersecurity,google,"['Network Security', 'Python Programming', 'Linux', 'Cloud Computing', 'Algorithms', 'Audit', 'Computer Programming', 'Computer Security Incident Management', 'Cryptography', 'Databases', 'Leadership and Management', 'Network Architecture', 'Risk Management', 'SQL']",4.8,https://www.coursera.org/professional-certificates/google-cybersecurity,700909.0,"google cloud fundamentals: core infrastructure introduces important concepts and terminology for working with google cloud. through videos and hands-on labs, this course presents and compares many of google cloud's computing and storage services, along with important resource and policy management tools.
",20000.0,beginner,professional certificate,3 - 6 Months
google data analytics,google,"['Data Analysis', 'R Programming', 'SQL', 'Business Communication', 'Spreadsheet Software', 'Business Analysis', 'Data Visualization', 'Data Management', 'General Statistics', 'Big Data', 'Communication', 'Computer Programming', 'Data Science', 'Data Visualization Software', 'Databases', 'Exploratory Data Analysis', 'Extract', 'Transform', 'Load', 'Leadership and Management', 'Microsoft Excel', 'Problem Solving', 'Small Data', 'Statistical Programming', 'Tableau Software']",4.8,https://www.coursera.org/professional-certificates/google-data-analytics,229865.0,"prepare for a new career in the high-growth field of cybersecurity, no degree or experience required. get professional training designed and delivered by subject matter experts at google and have the opportunity to connect with top employers.
organizations must continuously protect themselves and the people they serve from cyber-related threats, like fraud and phishing. they rely on cybersecurity to maintain the confidentiality, integrity, and availability of their internal systems and information. cybersecurity analysts use a collection of methods and technologies to safeguard against threats and unauthorized access — and to create and implement solutions should a threat get through.
during the 8 courses in this certificate program, you’ll learn from cybersecurity experts at google and gain in-demand skills that prepare you for entry-level roles like cybersecurity analyst, security operations center (soc) analyst, and more. at under 10 hours per week, you can complete the certificate in less than 6 months. 
upon completion of the certificate, you can directly apply for jobs with google and over 150 u.s. employers, including american express, deloitte, colgate-palmolive, mandiant (now part of google cloud), t-mobile, and walmart.
the google cybersecurity certificate helps prepare you for the comptia security+ exam, the industry leading certification for cybersecurity roles. you’ll earn a dual credential when you complete both.
applied learning project
this program includes 170 hours of instruction and hundreds of practice-based assessments and activities that simulate real-world cybersecurity scenarios that are critical for success in the workplace. through a mix of videos, assessments, and hands-on labs, you’ll become familiar with the cybersecurity tools, platforms, and skills required for an entry-level job.
skills you’ll gain will include: python, linux, sql, security information and event management (siem) tools, intrusion detection systems (ids), communication, collaboration, analysis, problem solving and more! 
additionally, each course includes portfolio activities through which you’ll showcase examples of cybersecurity skills that you can share with potential employers. acquire concrete skills that top employers are hiring for right now.
",137000.0,beginner,professional certificate,3 - 6 Months
google project management:,google,"['Project Management', 'Strategy and Operations', 'Leadership and Management', 'Communication', 'Business Communication', 'Collaboration', 'Agile Software Development', 'Software Engineering', 'Entrepreneurship', 'Scrum (Software Development)', 'Planning', 'Supply Chain and Logistics', 'Change Management', 'Finance', 'Organizational Development', 'Product Management', 'Risk Management', 'Budget Management', 'Influencing', 'Culture', 'Emotional Intelligence', 'People Management', 'Problem Solving', 'Procurement']",4.8,https://www.coursera.org/professional-certificates/google-project-management,29702.0,"prepare-se para uma nova carreira no campo de alto crescimento de gerenciamento de projetos, sem necessidade de experiência ou diploma. receba treinamento profissional desenvolvido pelo google e aumente rapidamente sua vantagem competitiva para conquistar um trabalho bem remunerado. 
os gerentes de projeto são solucionadores naturais de problemas. eles definem o plano, orientam os colegas de equipe e gerenciam mudanças, riscos e partes interessadas.
ao longo de seis cursos, você desenvolverá as habilidades necessárias para conquistar um trabalho de início de carreira na área. aprenda com funcionários do google que melhoraram as próprias carreiras com a base que tinham em gerenciamento de projetos. com menos de dez horas por semana, você conclui as aulas em menos de seis meses.
75% dos alunos que obtêm os certificados do google nos estados unidos relatam uma melhora em suas carreiras dentro de um intervalo de 6 meses após a obtenção da certificação.
veja todos os certificados de carreira do googleaquiopens in a new tab.
¹burning glass: labor insight (últimos 12 meses: 01/02/20 - 31/01/21)
fonte: *baseado nas respostas de pesquisa com os graduados pelo programa, estados unidos, 2021
applied learning project
este programa inclui mais de 140 horas de instrução e  de avaliações com base em situações reais, que ajudarão você a simular cenários reais de gerenciamento de projetos essenciais para o sucesso no  trabalho.
o conteúdo é  interativo e foi desenvolvido por funcionários do google com experiência em gerenciamento de projetos e programas.
as habilidades incluem: criação de planos de gerenciamento de riscos; compreensão das técnicas de melhoria de processos; gerenciamento de dinâmicas de equipes e de partes interessadas; criação de orçamentos e navegação pelas aquisições; utilização de softwares, ferramentas e modelos de gerenciamento de projetos; e prática de gerenciamento de projetos agile, com ênfase no scrum.
com os  vídeos, avaliações e atividades práticas, você irá iniciar, planejar e executar projetos tradicionais e agile. você desenvolverá recursos para demonstrar sua compreensão dos principais elementos do gerenciamento de projetos, cronogramas, orçamentos e equipes.
",100000.0,beginner,professional certificate,3 - 6 Months
ibm data science,ibm,"['Python Programming', 'Data Science', 'Machine Learning', 'Data Analysis', 'Algorithms', 'Data Management', 'Data Visualization', 'Human Learning', 'R Programming', 'Computer Programming', 'Data Mining', 'Data Structures', 'Database Administration', 'Database Application', 'Database Theory', 'Databases', 'Deep Learning', 'Exploratory Data Analysis', 'Machine Learning Algorithms', 'Plot (Graphics)', 'SQL', 'Data Model', 'Statistical Machine Learning', 'General Statistics', 'Probability & Statistics', 'Regression', 'Reinforcement Learning', 'Statistical Programming', 'Big Data', 'Cloud Computing', 'IBM Cloud', 'Writing']",4.6,https://www.coursera.org/professional-certificates/ibm-data-science,239622.0,"prepare for a career in the high-growth field of data science. in this program, you’ll develop the skills, tools, and portfolio to have a competitive edge in the job market as an entry-level data scientist in as little as 5 months. no prior knowledge of computer science or programming languages is required. 
data science involves gathering, cleaning, organizing, and analyzing data with the goal of extracting helpful insights and predicting expected outcomes. the demand for skilled data scientists who can use data to tell compelling stories to inform business decisions has never been greater. 
you’ll learn in-demand skills used by professional data scientists including databases, data visualization, statistical analysis, predictive modeling, machine learning algorithms, and data mining. you’ll also work with the latest languages, tools,and libraries including python, sql, jupyter notebooks, github, rstudio, pandas, numpy, scikitlearn, matplotlib, and more.
upon completing the full program, you will have built a portfolio of data science projects to provide you with the confidence to excel in your interviews. you will also receive access to join ibm’s talent network where you’ll see job opportunities as soon as they are posted, recommendations matched to your skills and interests, and tips and tricks to help you stand apart from the crowd. 
this program is ace® recommended—when you complete, you can earn up to 12 college credits. 
applied learning project
this professional certificate has a strong emphasis on applied learning and includes a series of hands-on labs in the ibm cloud that give you practical skills with applicability to real jobs.
tools you’ll use: jupyter / jupyterlab, github, r studio, and watson studio
libraries you’ll use: pandas, numpy, matplotlib, seaborn, folium, ipython-sql, scikit-learn, scippy, etc.
projects you’ll complete:
extract and graph financial data with the pandas python library
use sql to query census, crime, and school demographic data sets
wrangle data, graph plots, and create regression models to predict housing prices with data science python libraries
create a dynamic python dashboard to monitor, report, and improve us domestic flight reliability
apply and compare machine learning classification algorithms to predict whether a loan case will be paid off or not
train and compare machine learning models to predict if a space launch can reuse the first stage of a rocket
",120000.0,beginner,professional certificate,3 - 6 Months
google digital marketing & e-commerce,google,"['Digital Marketing', 'Marketing', 'Marketing Management', 'Media Strategy & Planning', 'Sales', 'E-Commerce', 'Data Analysis', 'Social Media', 'Search Engine Optimization', 'Advertising', 'Communication', 'Persona Research', 'Strategy', 'Web Design', 'Web Development', 'Web Development Tools', 'Writing', 'Data Management', 'Market Analysis']",4.8,https://www.coursera.org/professional-certificates/google-digital-marketing-ecommerce,384238.0,"this course is the eighth course in the google data analytics certificate. you’ll have the opportunity to complete an optional case study, which will help prepare you for the data analytics job hunt. case studies are commonly used by employers to assess analytical skills. for your case study, you’ll choose an analytics-based scenario. you’ll then ask questions, prepare, process, analyze, visualize and act on the data from the scenario. you’ll also learn other useful job hunt skills through videos with common interview questions and responses, helpful materials to build a portfolio online, and more. current google data analysts will continue to instruct and provide you with hands-on ways to accomplish common data analyst tasks with the best tools and resources.
learners who complete this certificate program will be equipped to apply for introductory-level jobs as data analysts. no previous experience is necessary.

by the end of this course, you will:
 - learn the benefits and uses of case studies and portfolios in the job search.
 - explore real world job interview scenarios and common interview questions.
 - discover how case studies can be a part of the job interview process. 
 - examine and consider different case study scenarios. 
 - have the chance to complete your own case study for your portfolio.
",23000.0,beginner,professional certificate,3 - 6 Months
ibm data analyst,ibm,"['Python Programming', 'Microsoft Excel', 'Data Visualization', 'Spreadsheet Software', 'Data Analysis', 'Databases', 'SQL', 'Plot (Graphics)', 'Data Management', 'Data Structures', 'Exploratory Data Analysis', 'Machine Learning', 'Business Analysis', 'Computer Programming', 'Database Administration', 'Database Application', 'Database Theory', 'Statistical Visualization', 'Data Mining', 'Data Science', 'General Statistics', 'NoSQL', 'R Programming', 'Cloud Computing', 'Data Visualization Software', 'IBM Cloud', 'Interactive Data Visualization', 'Machine Learning Algorithms', 'Probability & Statistics', 'Regression', 'Statistical Programming']",4.6,https://www.coursera.org/professional-certificates/ibm-data-analyst,173574.0,"prepare for a career in the high-growth field of data analytics. in this program, you’ll learn in-demand skills like python, excel, and sql to get job-ready in as little as 4 months. no prior experience or degree needed.
data analysis is the process of collecting, storing, modeling, and analyzing data that can inform executive decision-making, and the demand for skilled data analysts has never been greater. 
this program will teach you the foundational data skills employers are seeking for entry-level data analytics roles. it will not only help you start your career in data analytics, but also provides a strong foundation for future career development in other paths such as data science, artificial intelligence, deep learning, or data engineering. 
you’ll learn the latest skills and tools used by professional data analysts including excel spreadsheets, python, pandas, numpy, jupyter notebooks, cognos analytics, and more. you’ll work with a variety of data sources and project scenarios to gain practical experience with data manipulation and applying analytical skills.
when you complete the full program, you’ll have a portfolio of projects and a professional certificate from ibm to showcase your expertise. you’ll also earn an ibm digital badge and will gain access to career resources to help you in your job search, including mock interviews and resume support. 
this program is ace® recommended—when you complete, you can earn up to 12 college credits. 
applied learning project
throughout the program, you’ll complete hands-on projects and labs and gain a firm grasp on the required technical skills to effectively gather, wrangle, mine, and visualize data, as well as the soft skills for working with stakeholders and storytelling with data to engage your audience.
projects
import, clean, and analyze fleet vehicle inventory with excel pivot tables
use car sales key performance indicator (kpi) data to create an interactive dashboard with visualizations
extract and graph financial data with the pandas data analysis python library
use sql to query census, crime, and school demographic data sets
wrangle data, graph plots, and create regression models to predict housing prices with data science python libraries
create a dynamic python dashboard to monitor, report, and improve us domestic flight reliability
at the end of the program, you complete a real-world capstone project specifically designed to showcase your newly learned data analyst skills.
",73000.0,beginner,professional certificate,3 - 6 Months
google it support,google,"['Computer Networking', 'Network Architecture', 'Network Model', 'Networking Hardware', 'Network Analysis', 'Computer Architecture', 'Critical Thinking', 'Problem Solving', 'Communication', 'Human Computer Interaction', 'Network Security', 'Linux', 'System Security', 'Cloud Computing', 'Computer Programming', 'Customer Support', 'Cryptography', 'Leadership and Management', 'Operating Systems']",4.8,https://www.coursera.org/professional-certificates/support-informatique-google,634525.0,"this beginner-level, six-course certificate, developed by google, is designed to provide it professionals with in-demand skills -- including python, git, and it automation -- that can help you advance your career.
knowing how to write code to solve problems and automate solutions is a crucial skill for anybody in it. python, in particular, is now the most in-demand programming language by employersopens in a new tab.
this program builds on your it foundations to help you take your career to the next level. it’s designed to teach you how to program with python and how to use python to automate common system administration tasks. you'll also learn to use git and github, troubleshoot and debug complex problems, and apply automation at scale by using configuration management and the cloud.
this certificate can be completed in about 6 months and is designed to prepare you for a variety of roles in it, like more advanced it support specialist or junior systems administrator positions. upon completion, you can share your information with potential employers, like deloitte, target, verizon, and of course, google. 
we recommend that you have python installed on your machine. for some courses, you’ll need a computer where you can install git or ask your administrator to install it for you.
if you’d like to learn the fundamentals of it support, check out the beginner level google it support professional certificateopens in a new tab. 
check out all google career certificates hereopens in a new tab.
applied learning project
learn how to program with python with no previous knowledge of coding required and you’ll use python to automate common system administration tasks
learn to use git and github, to troubleshoot and debug complex problems
apply automation at scale by using configuration management and the cloud
practice your technical skills with hands-on projects including a capstone project where you’ll use your new knowledge to solve a real-world it problem
",183000.0,beginner,professional certificate,3 - 6 Months
machine learning,multiple educators,"['Machine Learning', 'Machine Learning Algorithms', 'Applied Machine Learning', 'Algorithms', 'Deep Learning', 'Machine Learning Software', 'Artificial Neural Networks', 'Human Learning', 'Python Programming', 'Regression', 'Statistical Machine Learning', 'Tensorflow', 'Mathematics', 'Critical Thinking', 'Network Model', 'Reinforcement Learning']",4.9,https://www.coursera.org/specializations/machine-learning,201871.0,"this specialization from leading researchers at the university of washington introduces you to the exciting, high-demand field of machine learning. through a series of practical case studies, you will gain applied experience in major areas of machine learning including prediction, classification, clustering, and information retrieval. you will learn to analyze large and complex datasets, create systems that adapt and improve over time, and build intelligent applications that can make predictions from data.
applied learning project
learners will implement and apply predictive, classification, clustering, and information retrieval machine learning algorithms to real datasets throughout each course in the specialization. they will walk away with applied machine learning and python programming experience.
",19000.0,beginner,specialization,1 - 3 Months
google ux design,google,"['User Experience', 'User Experience Design', 'User Research', 'Audit', 'Collaboration', 'Human Computer Interaction', 'Planning', 'Product Design', 'Product Development', 'Social Media', 'Web Design', 'Web Development Tools']",4.8,https://www.coursera.org/professional-certificates/google-ux-design,1297487.0,"prepare for a new career in the high-growth field of project management, no experience or degree required. get professional training designed by google and get on the fastrack to a competitively paid job. there are over 715,000 open jobs in project management with a median entry-level salary of $77,000.¹
project managers are natural problem-solvers. they set the plan and guide teammates, and manage changes, risks, and stakeholders.
gain in-demand skills that will prepare you for an entry-level job. learn from google employees whose foundations in project management served as launchpads for their own careers. 
upon completion, you can directly apply for jobs with google and over 150 u.s. employers including deloitte, target, verizon, and of course, google. 
this program qualifies you for over 100 hours of project management education, which helps prepare you for project management instituteopens in a new tab certifications like the globally-recognized certified associate in project management (capm)®.opens in a new tab
75% of certificate graduates report a positive career outcome (e.g., new job, promotion, or raise) within six months of completion²
check out all google career certificates hereopens in a new tab.
¹lightcast™ us job postings (2022: jan. 1, 2022 - dec. 31, 2022).
²based on program graduate survey, united states 2022
applied learning project
this program includes over 140 hours of instruction and hundreds of practice-based assessments which will help you simulate real-world project management scenarios that are critical for success in the workplace.
the content is highly interactive and exclusively developed by google employees with decades of experience in program and project management.
skills you’ll gain will include: creating risk management plans; understanding process improvement techniques; managing escalations, team dynamics, and stakeholders; creating budgets and navigating procurement; utilizing  project management software, tools, and templates; practicing agile project management, with an emphasis on scrum.
through a mix of videos, assessments, and hands-on activities, you’ll get introduced to initiating, planning, and running both traditional and agile projects. you’ll develop a toolbox to demonstrate your understanding of key project management elements, including managing a schedule, budget, and team.
",75000.0,beginner,professional certificate,3 - 6 Months
ibm devops and software engineering,ibm,"['DevOps', 'Software Engineering', 'Cloud Computing', 'Computer Programming', 'Application Development', 'Python Programming', 'Software Architecture', 'Cloud Applications', 'Continuous Delivery', 'Continuous Integration', 'Software Engineering Tools', 'Agile Software Development', 'Programming Principles', 'Security Engineering', 'Software Testing', 'Cloud Infrastructure', 'Kubernetes', 'Cloud-Based Integration', 'Microarchitecture', 'Cloud Platforms', 'Communication', 'IBM Cloud', 'Scrum (Software Development)', 'Software Security', 'Cloud Storage', 'Docker (Software)', 'Linux', 'Software-Defined Networking', 'Technical Product Management', 'Collaboration', 'Leadership and Management', 'Data Analysis', 'Mergers & Acquisitions']",4.6,https://www.coursera.org/professional-certificates/devops-and-software-engineering,4063.0,"devops professionals are in high demand! according to a recent gitlab report,  devops skills are expected to grow 122% over the next five years,  making it one of the fastest growing skills in the workforce. 
this certificate will equip you with the key concepts and technical know-how to build your skills and knowledge of devops practices, tools and technologies and prepare you for an entry-level role in software engineering. 
the courses in this program will help you develop skill sets in a variety of devops philosophies and methodologies including agile development, scrum methodology, cloud native architecture, behavior and test-driven development, and zero downtime deployments.
you will learn to program with the python language and linux shell scripts,  create projects in github, containerize and orchestrate your applications using docker, kubernetes & openshift,  compose applications with microservices, employ serverless technologies,  perform continuous integration and delivery (ci/cd), develop testcases,  ensure your code is secure, and monitor & troubleshoot your cloud deployments.
guided by experts at ibm, you will be prepared for success. labs and projects in this certificate program are designed to equip job-ready hands-on skills that will help you launch a new career in a highly in-demand field. 
this professional certificate is suitable for both - those who have none or some programming experience, as well as those with and without college degrees.
applied learning project
throughout the courses in this professional certificate,  you will develop a portfolio of projects to demonstrate your proficiency using various popular tools and technologies in devops and cloud native software engineering. 
you will: 
create applications using python programming language, using different programming constructs and logic, including functions, rest apis, and various python libraries.
develop linux shell scripts using bash and automate repetitive tasks
create projects on github and work with git commands
build  and deploy applications composed of several microservices and deploy  them to cloud using containerization tools (such as docker, kubernetes,  and openshift); and serverless technologies
employ various tools for automation, continuous integration (ci) and  continuous deployment (cd) of software including chef, puppet, github  actions, tekton and travis.
secure and monitor your applications and cloud deployments using tools like sysdig and prometheus.
",44000.0,beginner,professional certificate,3 - 6 Months
ibm applied ai,ibm,"['Machine Learning', 'Deep Learning', 'Machine Learning Algorithms', 'Artificial Neural Networks', 'Python Programming', 'Cloud Computing', 'Computer Vision', 'Human Learning', 'IBM Cloud', 'Applied Machine Learning', 'Algorithms', 'Cloud API', 'Machine Learning Software', 'Natural Language Processing', 'Human Computer Interaction', 'Computer Programming', 'Cloud Applications', 'Computer Programming Tools', 'Application Development', 'Visualization (Computer Graphics)', 'Data Analysis', 'Critical Thinking', 'Cloud-Based Integration', 'Software As A Service', 'Data Science']",4.6,https://www.coursera.org/professional-certificates/applied-artifical-intelligence-ibm-watson-ai,31078.0,"artificial intelligence (ai) is transforming our world. whether you’re a student, a developer, or a technology consultant - understanding ai and knowing how to create ai-powered applications can give you an edge in your career. this professional certificate is designed to arm you with the skills to work as an ai developer. 
this program will give you a firm understanding of ai technology, its applications, and its use cases. you will become familiar with concepts and tools like machine learning, data science, natural language processing, image classification, image processing, ibm watson ai services, opencv, and apis. even if you have no programming background, through this professional certificate, you will learn practical python skills to design, build, and deploy ai applications on the web. the courses will also enable you to apply pre-built ai smarts to your products and solutions.
rather than create complex ai algorithms and interfaces from scratch, you’ll use ibm watson ai services and apis to create smart applications with minimal coding. by the end of this professional certificate, you will have completed several projects that showcase proficiency in applying ai and building ai-powered solutions.
in addition to earning a professional certificate from coursera, you'll also receive a digital badge from ibm recognizing your proficiency in applied ai. 
applied learning project
this professional certificate contains a number of hands-on learning projects that will help develop your understanding of ai concepts and tools. projects include building your own ai chatbot; practicing python for data science; building, training, and testing your own custom image classifiers; and creating your own computer vision web application and deploying it to the cloud. 
",47000.0,beginner,professional certificate,3 - 6 Months
ibm full stack software developer,ibm,"['Cloud Computing', 'Python Programming', 'Cloud Applications', 'Computer Programming', 'IBM Cloud', 'Application Development', 'Cloud Infrastructure', 'DevOps', 'Web Development', 'Cloud Management', 'Cloud Platforms', 'Javascript', 'Software Architecture', 'Cloud API', 'Cloud Storage', 'Cloud-Based Integration', 'Full-Stack Web Development', 'Software Engineering', 'Continuous Delivery', 'Continuous Integration', 'Docker (Software)', 'Software As A Service', 'Microarchitecture', 'Django (Web Framework)', 'Database Application', 'Databases', 'Kubernetes', 'SQL', 'Software Engineering Tools', 'Data Management', 'NoSQL', 'Collaboration', 'Computer Science', 'Data Analysis', 'Front-End Web Development', 'Leadership and Management', 'Mergers & Acquisitions', 'React (web framework)']",4.6,https://www.coursera.org/professional-certificates/ibm-full-stack-cloud-developer,57396.0,"prepare for a career in the high-growth field of software development. in this program, you’ll learn in-demand skills and tools used by professionals for front-end, back-end, and cloud native application development to get job-ready in less than 4 months, with no prior experience needed. 
full stack refers to the end-to-end computer system application, including the front end and back end coding. this professional certificate covers development for both of these scenarios. cloud native development refers to developing a program designed to work on cloud architecture. the flexibility and adaptability that full stack and cloud native developers provide make them highly sought after in this digital world. 
you’ll  learn how to build, deploy, test, run, and manage full stack cloud native applications. technologies covered includes cloud foundations, github, node.js, react, ci/cd, containers, docker, kubernetes, openshift, istio, databases, nosql, django orm, bootstrap, application security, microservices, serverless computing, and more. 
after completing the program you will have developed several applications using front-end and back-end technologies and deployed them on a cloud platform using cloud native methodologies. you will publish these projects through your github repository to share your portfolio with your peers and prospective employers.
this program is ace® recommended—when you complete, you can earn up to 18 college credits.
applied learning project
throughout the courses in the professional certificate, you will develop a portfolio of hands-on projects involving various popular technologies and programming languages in full stack cloud application development. these projects include creating:
html pages on cloud object storage
an interest rate calculator using html, css, and javascript
an ai program deployed on cloud foundry using devops principles and ci/cd toolchains with a nosql database
a node.js back-end application and a react front-end application
a containerized guestbook app packaged with docker deployed with kubernetes and managed with openshift
a python app bundled as a package
a database-powered application using django orm and bootstrap
an app built using microservices & serverless
a scalable, cloud native full stack application using the technologies learned in previous courses
you will publish these projects through your github repository to share your skills with your peers and prospective employers.
",42000.0,beginner,professional certificate,3 - 6 Months
introduction to data science,ibm,"['Data Science', 'Python Programming', 'Data Analysis', 'Data Management', 'R Programming', 'Computer Programming', 'Data Mining', 'Data Structures', 'Database Administration', 'Database Application', 'Database Theory', 'Databases', 'SQL', 'Data Model', 'Machine Learning', 'Statistical Machine Learning', 'Big Data', 'Cloud Computing', 'Deep Learning', 'IBM Cloud', 'Regression', 'Writing']",4.6,https://www.coursera.org/specializations/introduction-data-science,104084.0,"start your journey in one of the fastest growing professions today with this beginner-friendly data engineering course! you will be introduced to the core concepts, processes, and tools you need to know in order to get a foundational knowledge of data engineering. as well as the roles that data engineers, data scientists, and data analysts play in the ecosystem. 
you will begin this course by understanding what is data engineering as well as the roles that data engineers, data scientists, and data analysts play in this exciting field. next you will learn about the data engineering ecosystem, the different types of data structures, file formats, sources of data, and the languages data professionals use in their day-to-day tasks. 

you will become familiar with the components of a data platform and gain an understanding of several different types of data repositories such as relational (rdbms) and nosql databases, data warehouses, data marts, data lakes and data lakehouses. you’ll then learn about big data processing tools like apache hadoop and spark. you will also become familiar with etl, elt, data pipelines and data integration. 

this course provides you with an understanding of a typical data engineering lifecycle which includes architecting data platforms, designing data stores, and gathering, importing, wrangling, querying, and analyzing data. you will also learn about security, governance, and compliance.  

you will learn about career opportunities in the field of data engineering and the different paths that you can take for getting skilled as a data engineer. you will hear from several experienced data engineers, sharing their insights and advice. 

by the end of this course, you will also have completed several hands-on labs and worked with a relational database, loaded data into the database, and performed some basic querying operations.
",86000.0,beginner,specialization,3 - 6 Months
data science fundamentals with python and sql,ibm,"['Python Programming', 'Data Analysis', 'General Statistics', 'Probability & Statistics', 'Basic Descriptive Statistics', 'Statistical Analysis', 'Statistical Tests', 'Mathematical Theory & Analysis', 'Statistical Programming', 'Computer Programming', 'Data Visualization', 'Data Science', 'Plot (Graphics)', 'R Programming', 'Data Management', 'Data Structures', 'Database Administration', 'Database Application', 'Database Theory', 'Databases', 'SQL', 'Cloud Computing', 'IBM Cloud']",4.6,https://www.coursera.org/specializations/data-science-fundamentals-python-sql,58550.0,"the data mining specialization teaches data mining techniques for both structured data which conform to a clearly defined schema, and unstructured data which exist in the form of natural language text. specific course topics include pattern discovery, clustering, text retrieval, text mining and analytics, and data visualization. the capstone project task is to solve real-world data mining challenges using a restaurant review data set from yelp.
courses 2 - 5 of this specialization form the lecture component of courses in the online master of computer science degree in data scienceopens in a new tab. you can apply to the degree program either before or after you begin the specialization.
",60000.0,beginner,specialization,3 - 6 Months
ibm data engineering,ibm,"['Data Management', 'Databases', 'Database Administration', 'Extract', 'Transform', 'Load', 'Python Programming', 'Big Data', 'SQL', 'Apache', 'Database Design', 'Distributed Computing Architecture', 'Data Architecture', 'Database Application', 'NoSQL', 'Data Structures', 'Data Model', 'Data Warehousing', 'Cloud Computing', 'Database Theory', 'Data Engineering', 'Data Visualization', 'Computer Programming', 'IBM Cloud', 'Data Mining', 'Machine Learning', 'Cloud Applications', 'Data Analysis', 'Leadership and Management', 'Kubernetes', 'PostgreSQL', 'Devops Tools', 'Business Intelligence', 'Data Visualization Software', 'Linux', 'Network Security', 'Statistical Programming', 'Data Science']",4.6,https://www.coursera.org/professional-certificates/ibm-data-engineer,7979.0,"prepare for a career in the high-growth field of data engineering. in this program, you’ll learn in-demand skills like python, sql, and databases to get job-ready in less than 5 months.
data engineering is building systems to gather data, process and organize raw data into usable information, and manage data. the work data engineers do provides the foundational information that data scientists and business intelligence (bi) analysts use to make recommendations and decisions.
this program will teach you the foundational data engineering skills employers are seeking for entry level data engineering roles, including python, one of the most widely used programming languages. you’ll also master sql, rdbms, etl, data warehousing, nosql, big data, and spark with hands-on labs and projects.
you’ll learn to use python programming language and linux/unix shell scripts to extract, transform and load (etl) data. you’ll also work with relational databases (rdbms) and query data using sql statements and use nosql databases as well as unstructured data. 
when you complete the full program, you’ll have a portfolio of projects and a professional certificate from ibm to showcase your expertise. you’ll also earn an ibm digital badge and will gain access to career resources to help you in your job search, including mock interviews and resume support. 
this program is ace® recommended—when you complete, you can earn up to 12 college credits.
applied learning project
throughout this professional certificate, you will complete hands-on labs and projects to help you gain practical experience with python, sql, relational databases, nosql databases, apache spark, building data pipelines, managing databases, and working with data warehouses.
projects:
design a relational database to help a coffee franchise improve operations.
use sql to query census, crime, and school demographic data sets.
write a bash shell script on linux that backups changed files.
set up, test, and optimize a data platform that contains mysql, postgresql, and ibm db2 databases.
analyze road traffic data to perform etl and create a pipeline using airflow and kafka.
design and implement a data warehouse for a solid-waste management company.
move, query, and analyze data in mongodb, cassandra, and cloudant nosql databases.
train a machine learning model by creating an apache spark application.
design, deploy, and manage an end-to-end data engineering platform.

",47000.0,beginner,professional certificate,3 - 6 Months
key technologies for business,ibm,"['Algorithms', 'Applied Machine Learning', 'Artificial Neural Networks', 'Computer Vision', 'Deep Learning', 'Human Learning', 'Machine Learning', 'Machine Learning Algorithms', 'Machine Learning Software', 'Cloud Computing', 'Data Science', 'Critical Thinking', 'Big Data', 'Data Analysis', 'Data Mining', 'Cloud Applications', 'Cloud Infrastructure', 'Cloud Platforms', 'Cloud Storage', 'DevOps', 'IBM Cloud', 'Regression', 'Writing']",4.7,https://www.coursera.org/specializations/key-technologies-for-business,32301.0,"this specialization is intended for the learner with no previous programming experience or the career changer transitioning to software development. javascript is generally the first programming language you will need to learn and this specialization will help you practice and build your skills through a gentle progression of modules and courses. 
applied learning project
learners will be able to follow along with the instructor and be able to apply and practice their learning through a series of low-stakes challenges and projects. quizzes are the main assessment for this specialization, along with honor options in a couple of the courses.
",83000.0,beginner,specialization,1 - 3 Months
ibm & darden digital strategy,university of virginia darden school foundation,"['Business Analysis', 'Business Transformation', 'Strategy', 'Cloud Computing', 'Data Analysis', 'Strategy and Operations', 'Applied Machine Learning', 'Entrepreneurship', 'Leadership and Management', 'Algorithms', 'Artificial Neural Networks', 'Computer Vision', 'Deep Learning', 'Human Learning', 'Innovation', 'Machine Learning', 'Machine Learning Algorithms', 'Machine Learning Software', 'Marketing', 'Sales', 'Data Visualization', 'Research and Design', 'Critical Thinking', 'Business Design', 'Business Development', 'Customer Analysis', 'Product Strategy', 'Market Analysis', 'Data Management', 'Data Mining', 'Databases', 'Python Programming', 'SQL', 'Cloud Applications', 'Cloud Infrastructure', 'Cloud Platforms', 'Cloud Storage', 'Data Science', 'DevOps', 'IBM Cloud', 'NoSQL', 'R Programming', 'Microsoft Excel']",4.7,https://www.coursera.org/specializations/digital-strategy,4285.0,"this specialization was designed to combine the most current business research in digital transformation and strategy with the most up-to-date technical knowledge of the technologies that are changing how we work and do business to enable you to advance your career. by the end of this specialization, you will have an understanding of the three technologies impacting all businesses: artificial intelligence, cloud computing, and data science. you will also be able to develop or advance a digital transformation strategy for your own business using these technologies. this specialization will help managers understand technology and technical workers to understand strategy, and is ideal for anyone who wants to be able to help lead projects in digital transformation and technical and business strategy.
applied learning project
this specialization was designed to combine the most current business research in digital transformation and strategy with the most up-to-date technical knowledge of the technologies that are changing how we work and do business to enable you to advance your career. by the end of this specialization, you will have an understanding of the three technologies impacting all businesses: artificial intelligence, cloud computing, and data science. you will also be able to develop or advance a digital transformation strategy for your own business using these technologies. this specialization will help managers understand technology and technical workers to understand strategy, and is ideal for anyone who wants to be able to help lead projects in digital transformation and technical and business strategy.
",30000.0,beginner,specialization,3 - 6 Months
deep learning,deeplearning.ai,"['Machine Learning', 'Deep Learning', 'Artificial Neural Networks', 'Machine Learning Algorithms', 'Applied Machine Learning', 'Python Programming', 'Machine Learning Software', 'Network Model', 'Algorithms', 'Computer Programming', 'Computer Vision', 'Network Architecture', 'Natural Language Processing', 'Tensorflow', 'Human Learning', 'Data Analysis', 'Data Model', 'Exploratory Data Analysis', 'Organizational Development', 'Process Analysis', 'Strategy', 'Computational Logic', 'Mathematics', 'Mathematical Theory & Analysis', 'Linear Algebra', 'Regression', 'Calculus']",4.8,https://www.coursera.org/specializations/deep-learning,383947.0,"working knowledge of sql (or structured query language) is a must for data professionals like data scientists, data analysts and data engineers. much of the world's data resides in databases. sql is a powerful language used for communicating with and extracting data from databases.
in this course you will learn sql inside out- from the very basics of select statements to
advanced concepts like joins. 
you will: 
-write foundational sql statements like: select, insert, update, and delete 
-filter result sets, use where, count, distinct, and limit clauses 
-differentiate between dml & ddl 
-create, alter, drop and load tables 
-use string patterns and ranges; order and group result sets, and built-in database functions
-build sub-queries and query data from multiple tables 
-access databases as a data scientist using jupyter notebooks with sql and python
-work with advanced concepts like stored procedures, views, acid transactions, inner & outer joins through hands-on labs and projects

you will  practice building sql queries, work with real databases on the cloud, and use real data science tools. 

in the final project you’ll analyze multiple real-world datasets to demonstrate your skills.
",142000.0,intermediate,specialization,3 - 6 Months
data engineering foundations,ibm,"['Data Management', 'Python Programming', 'Data Structures', 'Databases', 'Data Engineering', 'Database Application', 'SQL', 'Database Administration', 'Database Design', 'Extract', 'Transform', 'Load', 'Computer Programming', 'Data Architecture', 'Database Theory', 'Data Mining', 'Data Model', 'Data Analysis', 'Leadership and Management', 'Data Warehousing', 'PostgreSQL', 'Big Data', 'IBM Cloud', 'Network Security', 'NoSQL', 'Cloud Computing', 'Data Science']",4.6,https://www.coursera.org/specializations/data-engineering-foundations,22831.0,"in this specialization, you will learn to analyze and visualize data in r and create reproducible data analysis reports, demonstrate a conceptual understanding of the unified nature of statistical inference, perform frequentist and bayesian statistical inference and modeling to understand natural phenomena and make data-based decisions, communicate statistical results correctly, effectively, and in context without relying on statistical jargon, critique data-based claims and evaluated data-based decisions, and wrangle and visualize data with r packages for data analysis.    

applied learning project
you will produce a portfolio of data analysis projects from the specialization that demonstrates mastery of statistical data analysis from exploratory analysis to inference to modeling, suitable for applying for statistical analysis or data scientist positions.  
",46000.0,beginner,specialization,3 - 6 Months
applied data science,ibm,"['Python Programming', 'Data Analysis', 'Machine Learning', 'Algorithms', 'Computer Programming', 'Data Science', 'Data Visualization', 'Exploratory Data Analysis', 'General Statistics', 'Machine Learning Algorithms', 'Plot (Graphics)', 'Probability & Statistics', 'Regression', 'Statistical Programming']",4.6,https://www.coursera.org/specializations/applied-data-science,8745.0,"if you’re reading this, you’re likely interested in exploring applied computational fluid dynamics (cfd) using the simcenter star-ccm+ software or another cfd tool. this course can be a first step in improving your job performance and furthering your career or educational trajectory. 
we’ve created this course to help you use the knowledge of flow physics and computational fluid dynamics to obtain quality solutions of flow and heat transfer problems most efficiently. this course is not about instructions on how to use a particular software. simcenter star-ccm+ was used exclusively for all simulations presented in this course. still, the learning outcomes would be the same if another public or commercial software were used, as long as it has the same capabilities.
",49000.0,beginner,specialization,3 - 6 Months
ibm back-end development,ibm,"['Application Development', 'Software Engineering', 'Python Programming', 'Computer Programming', 'Software Architecture', 'DevOps', 'Software Engineering Tools', 'Cloud Applications', 'Cloud Computing', 'Security Engineering', 'Programming Principles', 'Web Development', 'Cloud Infrastructure', 'Cloud-Based Integration', 'Microarchitecture', 'Agile Software Development', 'Communication', 'IBM Cloud', 'Kubernetes', 'Software Security', 'Data Management', 'Database Application', 'Databases', 'Docker (Software)', 'Linux', 'SQL', 'Software-Defined Networking', 'Technical Product Management', 'Collaboration', 'Django (Web Framework)', 'Leadership and Management', 'Data Analysis', 'Mergers & Acquisitions']",4.6,https://www.coursera.org/professional-certificates/ibm-backend-development,1837.0,"prepare for a career in the high-growth field of software development. in this program, you’ll develop the skills, tools, and portfolio to have a competitive edge in the job market as an entry level back-end developer in as little as 6 months. 
back-end developers are the experts who build and maintain the mechanisms that process data and perform actions behind websites, and the demand for these professionals has never been greater.
you’ll learn the latest tools and technologies used by professional back-end developers, including linux scripting, git and github, python, sql, databases, django, containers with docker, kubernetes, and openshift, microservices, serverless, as well as application security, and monitoring. you will practice working hands-on with these technologies to build the type of server-side systems and services that power modern web and mobile applications.
upon completing the full program, you will have built a portfolio of projects to provide you with the confidence to excel in your interviews and you’ll receive a professional certificate from ibm to showcase your proficiency to potential employers. 
you will also receive access to join ibm’s talent network where you’ll receive job opportunities as soon as they are posted, recommendations matched to your skills and interests, and tips and tricks to help you stand apart from the crowd. 
applied learning project
 throughout the professional certificate, there are ample opportunities to apply skills learned through labs and projects. projects include:   
developing shell scripts for repetitive tasks like backing up files 
creating and sharing open-source projects on github
developing a python application with endpoints that translate between english to french 
refining code and hosting an application using ibm cloud and cloud foundry while enabling ci/cd to ensure changes are automatically deployed 
adding a feature to an online course by leveraging django full-stack skills 
building and deploying a guestbook that rolls out updates using openshift image streams and a multi-tier versioning of the guestbook
developing a back-end application that displays song lyrics, band photos, and sells concert tickets by creating and integrating a mongo database, a flask service, and a django application
 identifying and analyzing a software engineering job posting 
",37000.0,beginner,professional certificate,3 - 6 Months
ibm ai foundations for business,ibm,"['Machine Learning', 'Data Analysis', 'Applied Machine Learning', 'Data Management', 'Leadership and Management', 'Machine Learning Algorithms', 'Algorithms', 'Artificial Neural Networks', 'Business Process Management', 'Computer Vision', 'Data Architecture', 'Deep Learning', 'Human Learning', 'Machine Learning Software', 'Data Science', 'Strategy and Operations', 'Critical Thinking', 'Business Analysis', 'Business Transformation', 'Strategy', 'Big Data', 'Data Mining', 'Innovation', 'Regression', 'Writing']",4.7,https://www.coursera.org/specializations/ibm-ai-foundations-for-business,12897.0,"this specialization will explain and describe the overall focus areas for business leaders considering ai-based solutions for business challenges. the first course provides a business-oriented summary of technologies and basic concepts in ai. the second will introduce the technologies and concepts in data science. the third introduces the ai ladder, which is a framework for understanding the work and processes that are necessary for the successful deployment of ai-based solutions.  
applied learning project
each of the courses in this specialization include checks for understanding, which are designed to assess each learner’s ability to understand the concepts presented as well as use those concepts in actual practice.  specifically, those concepts are related to introductory knowledge regarding 1) artificial intelligence; 2) data science, and; 3) the ai ladder.  
",78000.0,beginner,specialization,1 - 3 Months
ibm data analytics with excel and r,ibm,"['Data Analysis', 'R Programming', 'Computer Programming', 'Data Visualization', 'Data Management', 'Statistical Programming', 'Databases', 'Plot (Graphics)', 'Exploratory Data Analysis', 'Statistical Visualization', 'Data Analysis Software', 'Data Structures', 'Statistical Analysis', 'Microsoft Excel', 'SQL', 'Basic Descriptive Statistics', 'General Statistics', 'Interactive Data Visualization', 'Database Application', 'Extract', 'Transform', 'Load', 'Spreadsheet Software', 'Visualization (Computer Graphics)', 'Programming Principles', 'Regression', 'Database Administration', 'Database Design', 'Database Theory', 'Computer Programming Tools', 'Data Mining', 'Data Visualization Software', 'Statistical Machine Learning', 'Visual Design', 'Probability & Statistics', 'System Programming', 'Business Analysis', 'Python Programming', 'Data Science', 'NoSQL']",4.7,https://www.coursera.org/professional-certificates/ibm-data-analyst-r-excel,18769.0,"prepare for the in-demand field of data analytics. in this program, you’ll learn high valued skills like excel, cognos analytics, and r programming language to get job-ready in less than 3 months, with no prior experience or degree needed.
data analytics is a strategy-based science where data is analyzed to find trends, answer questions, shape business processes, and aid decision-making. this professional certificate focuses on data analysis using microsoft excel and r programming language. if you’re interested in using python, please explore the ibm data analyst pc. 
this program will teach you the foundational data skills employers are seeking for entry level data analytics roles and will provide a portfolio of projects and a professional certificate from ibm to showcase your expertise to potential employers.
you’ll learn the latest skills and tools used by professional data analysts and upon successful completion of this program, you will be able to work with excel spreadsheets, jupyter notebooks, and r studio to analyze data and create visualizations. you will also use the r programming language to complete the entire data analysis process,  including data preparation, statistical analysis, data visualization, predictive modeling and creating interactive dashboards. lastly, you’ll learn how to communicate your data findings and prepare a summary report.
this program is ace® recommended—when you complete, you can earn up to 15 college credits.
applied learning project
you will complete hands-on labs to build your portfolio and  gain practical experience with excel, cognos analytics, sql, and the r programing language and related libraries for data science, including tidyverse, tidymodels, r shiny, ggplot2, leaflet, and rvest.
projects include:
analyzing fleet vehicle inventory data using pivot tables.
using key performance indicator (kpi) data from car sales to create an interactive dashboard.
identifying patterns in countries’ covid-19 testing data rates using r.
using sql with the rodbc r package to analyze foreign grain markets.
creating linear and polynomial regression models and comparing them with weather station data to predict precipitation.
using the r shiny package to create a dashboard that examines trends in census data.
using hypothesis testing and predictive modeling skills to build an interactive dashboard with the r shiny package and a dynamic leaflet map widget to investigate how weather affects bike-sharing demand.
",20000.0,beginner,professional certificate,3 - 6 Months
data analysis and visualization foundations,ibm,"['Microsoft Excel', 'Data Visualization', 'Spreadsheet Software', 'Data Analysis', 'Plot (Graphics)', 'Databases', 'Python Programming', 'SQL', 'Statistical Visualization', 'Business Analysis', 'Data Management', 'Data Mining', 'Data Science', 'Interactive Data Visualization', 'NoSQL', 'R Programming', 'Data Visualization Software']",4.7,https://www.coursera.org/specializations/data-analysis-visualization-foundations,184475.0,"cybersecurity affects everyone, including in the delivery of basic products and services. if you or your organization want to better understand how to address your cybersecurity, this is the course for you and your colleagues to take -- from seasoned professionals to your non-technical colleagues.
your instructor, dr. charles harry, has served on the front lines with the nsa (national security agency) and as an expert advising corporate and institutional leaders on managing cybersecurity risk. and he brings a rare and engaging perspective to help you learn cybersecurity from the ground up.

cybersecurity for everyone lays the groundwork to understand and explore the key issues facing policy makers attempting to manage the problem of cybersecurity, from its technical foundations to the domestic and international policy considerations surrounding governance, privacy, and risk management, to applications for achieving the goals of an enterprise, an institution, or a nation. this course is designed for students with some or no background in information technology, whether a novice or active in the cybersecurity field (engineers and computer scientists will learn the broader context and business aspects of cybersecurity), and will provide the principles to understand the current debates shaping a rapidly evolving security landscape.
",20000.0,beginner,specialization,3 - 6 Months
applied software engineering fundamentals,ibm,"['Python Programming', 'Computer Programming', 'Software Engineering', 'Application Development', 'Programming Principles', 'Software Architecture', 'Software Engineering Tools', 'Agile Software Development', 'Communication', 'Software-Defined Networking', 'Technical Product Management', 'Collaboration', 'Leadership and Management', 'Linux', 'Data Analysis', 'Mergers & Acquisitions']",4.6,https://www.coursera.org/specializations/software-engineering-fundamentals,3076.0,"this specialization is intended for anyone with a passion for learning who is seeking to develop the job-ready skills, tools, and portfolio to have a competitive edge in the job market as an entry-level data scientist. 
 through these five online courses, you will develop the skills you need to bring together often disparate and disconnected data sources and use the r programming language to transform data into insights that help you and your stakeholders make more informed decisions. 
 by the end of this specialization, you will be able to perform basic r programming tasks to complete the data analysis process, including data preparation, statistical analysis, and predictive modeling. you will also be able to create relational databases and query the data using sql and r and communicate your data findings using data visualization techniques. 
applied learning project
throughout this specialization, you will complete hands-on labs to help you gain practical experience with various data sources, datasets, sql, relational databases, and the r programing language. you will work with tools like r studio, jupyter notebooks, and related r libraries for data science, including dplyr, tidyverse, tidymodels, r shiny, ggplot2, leaflet, and rvest. 
  in the final course in this specialization, you will complete a capstone project that applies what you have learned to a challenge that requires data collection, analysis, basic hypothesis testing, visualization, and modelling to be performed on real-world datasets. 
",37000.0,beginner,specialization,3 - 6 Months
ai foundations for everyone,ibm,"['Human Learning', 'Machine Learning', 'Artificial Neural Networks', 'Deep Learning', 'Machine Learning Algorithms', 'Human Computer Interaction', 'Natural Language Processing', 'Algorithms', 'Applied Machine Learning', 'Cloud Computing', 'Computer Vision', 'IBM Cloud', 'Machine Learning Software', 'Critical Thinking', 'Cloud API', 'Computer Programming', 'Data Science']",4.7,https://www.coursera.org/specializations/ai-foundations-for-everyone,20717.0,"artificial intelligence (ai) is no longer science fiction. it is rapidly permeating all industries and having a profound impact on virtually every aspect of our existence. whether you are an executive, a leader, an industry professional, a researcher, or a student - understanding ai, its impact and transformative potential for your organization and our society is of paramount importance. 
 this specialization is designed for those with little or no background in ai, whether you have technology background or not, and does not require any programming skills. it is designed to give you a firm understanding of what is ai, its applications and use cases across various industries. you will become acquainted with terms like machine learning, deep learning and neural networks. 
furthermore, it will familiarize you with ibm watson ai services that enable any business to quickly and easily employ pre-built ai smarts to their products and solutions. you will also learn about creating intelligent virtual assistants and how they can be leveraged in different scenarios.
 by the end of this specialization, learners will have had hands-on interactions with several ai environments and applications, and have built and deployed an ai enabled chatbot on a website – without any coding. 
applied learning project
learners will perform several no-code hands-on exercises in each of the  three courses. at the end of the last course, learners would have developed,  tested, and deployed a watson ai powered customer service chatbot on a website to delight their clients.
",13000.0,beginner,specialization,3 - 6 Months
generative ai with large language models,deeplearning.ai,"['Machine Learning', 'Natural Language Processing', 'Python Programming']",4.8,https://www.coursera.org/learn/generative-ai-with-llms,38552.0,"instructed by ai pioneer andrew ng, generative ai for everyone offers his unique perspective on empowering you and your work with generative ai. andrew will guide you through how generative ai works and what it can (and can’t) do. it includes hands-on exercises where you'll learn to use generative ai to help in day-to-day work and receive tips on effective prompt engineering, as well as learning how to go beyond prompting for more advanced uses of ai.
you’ll get insights into what generative ai can do, its potential, and its limitations. you’ll delve into real-world applications and learn common use cases. you’ll get hands-on time with generative ai projects to put your knowledge into action and gain insight into its impact on both business and society. 

this course was created to ensure everyone can be a participant in our ai-powered future.
",1600.0,intermediate,course,1 - 4 Weeks
cloud application development foundations,ibm,"['Cloud Computing', 'Cloud Applications', 'IBM Cloud', 'Javascript', 'Cloud Infrastructure', 'Cloud Platforms', 'DevOps', 'Cloud Management', 'Computer Programming', 'Web Development', 'Cloud API', 'Cloud Storage', 'Continuous Integration', 'Software As A Service', 'Continuous Delivery', 'NoSQL', 'Computer Science', 'Front-End Web Development', 'React (web framework)']",4.6,https://www.coursera.org/specializations/ibm-cloud-application-development-foundations,6028.0,"applied learning project
",6600.0,beginner,specialization,3 - 6 Months
"devops, cloud, and agile foundations",ibm,"['DevOps', 'Cloud Computing', 'Software Engineering', 'Agile Software Development', 'Continuous Delivery', 'Continuous Integration', 'Scrum (Software Development)', 'Cloud Applications', 'Cloud Infrastructure', 'Cloud Platforms', 'Cloud Storage', 'IBM Cloud', 'Leadership and Management']",4.7,https://www.coursera.org/specializations/devops-cloud-and-agile-foundations,130698.0,"design a user experience for social good and prepare for jobs is the seventh and final course in a program that will equip you with the skills you need to become an entry-level ux designer. in this course, you will design a dedicated mobile app and a responsive website focused on social good. you will showcase all that you’ve learned during the certificate program to complete the design process from beginning to end: empathizing with users, defining their pain points, coming up with ideas for design solutions, creating wireframes and prototypes, and testing designs to get feedback. by the end of this course, you will have a new cross-platform design project to include in your professional ux portfolio. 
this course will also prepare you to land your first job as a ux designer. you’ll learn how to interview for entry-level ux design positions. you’ll get tips from googlers based on their own interview experiences and their unique perspectives as hiring managers. and, you’ll polish the professional ux portfolio you’ve been building throughout the program so that it’s ready for job applications. 

current ux designers and researchers at google will serve as your instructors, and you will complete hands-on activities that simulate real-world ux design scenarios. learners who complete the seven courses in this certificate program should be equipped to apply for entry-level jobs as ux designers. 

by the end of this course, you will be able to:
   - apply each step of the ux design process (empathize, define, ideate, prototype, test) to create designs focused on social good.
   - identify the differences between dedicated mobile apps and responsive web apps.
   - understand progressive enhancement and graceful degradation approaches for designing across devices. 
   - build wireframes, mockups, and low-fidelity and high-fidelity prototypes. 
   - add a new design project to your professional ux portfolio. 
   - create your portfolio of design work for job applications. 
   - join and participate in online ux communities.
   - interview for an entry-level ux design job. 
   - determine if freelance design work is a good career fit for you.

this course is suitable for beginner-level ux designers who have completed the previous six courses of the google ux design certificate.
",8000.0,beginner,specialization,3 - 6 Months
google advanced data analytics,google,"['Communication', 'Computer Programming', 'Data Analysis', 'Data Visualization', 'Exploratory Data Analysis', 'General Statistics', 'Machine Learning', 'Planning', 'Probability Distribution', 'Project Management', 'Python Programming', 'Regression', 'Statistical Analysis', 'Tableau Software']",4.7,https://www.coursera.org/professional-certificates/google-advanced-data-analytics,5764.0,"are you passionate about helping people change their lives with skills and jobs so they can earn a good living and feel fulfilled by the work they do? do you want a rewarding career that advances equity and helps strengthen communities? explore a new career as a career coach or navigator where you can help others develop the skills and confidence to pursue their next career move. 
this, icf accredited, professional certificate includes four beginner-level courses to help you build skills that prepare you for an entry-level job as a career coach or navigator. you will learn from professionals who work as career coaches or navigators and gain insights from the job seekers and career advancers they serve. learners that complete all courses will be able to use these credits toward renewal requirements of an international coaching federation (icf) credential. 
by the end of the program, you will be able to: 
explain the foundational concepts of career coaching and navigating.
familiarize clients with the career coaching and navigation experience.
discover career possibilities for career navigators and career coaches.
describe common career development theories, models, and tools.
summarize coaching agreements and career service plans.
identify professional and ethical standards.
describe human-centered approaches to career coaching and navigating.
applied learning project
this program includes more than 40 hours of instruction which includes scenario-based activities that will put you in the mindset of a career navigator and prepare you for real-life situations you will encounter on the job. 
through a mix of videos, assessments, readings and projects, you’ll be introduced to the human-centered approach to career coaching, intake and skills analysis, recruiting and outreach, goal setting, career navigation, interview and resume preparation, onboarding preparation and building community partnerships. these are foundational for an entry-level career coach or navigator job. 
your skills will include human-centered communication, conducting assessments, career planning, preparing clients for a new career, and more. 
learn the skills that will prepare you to step into a career coach or navigator role.
",2500.0,advanced,professional certificate,3 - 6 Months
ibm it support,ibm,"['Customer Success', 'Cloud Computing', 'Computer Networking', 'Strategy and Operations', 'Operating Systems', 'Cloud Storage', 'Cloud Applications', 'Leadership and Management', 'System Security', 'Customer Support', 'Communication', 'Computer Programming', 'Cyberattacks', 'Cloud Infrastructure', 'Cloud Platforms', 'Databases', 'DevOps', 'Networking Hardware', 'Cryptography', 'IBM Cloud', 'Information Technology', 'Network Architecture', 'Network Security', 'Security Engineering', 'Software Engineering']",4.7,https://www.coursera.org/professional-certificates/ibm-technical-support,0.0,"prepare for an in-demand career in information technology (it). in this program, you’ll develop a strong foundation in it fundamentals, networking, cybersecurity, and cloud computing to get job-ready in as little as 3 months, with no prior experience or degree needed to get started.
almost every organization, business, or individual relies on technology.  a career in it support is about providing technological assistance to better optimize organizational efficiency. this can include troubleshooting, setting up computers, setting up network & wifi, along with providing excellent customer service.
you’ll learn the latest skills and tools used by it support professionals including hardware and software setup, technical support, customer service, ticketing systems, service level agreements, and troubleshooting. you’ll demonstrate your knowledge of networking, security, and cloud computing, and practice analyzing user help requests and troubleshooting various issues.
when you successfully complete the program, you’ll have a portfolio of projects to demonstrate your proficiency, a professional certificate from ibm to showcase your job readiness to potential employers, and you’ll receive exclusive access to career support resources to help you in your job search. 
you’ll also be prepared to take the comptia itf+ certification exams and receive a 30% discount voucher for the certification exams like a+.
applied learning project
the ibm technical support professional certificate provides more than 70 hours of instructional videos and engaging hands-on interactive exercises, labs, projects and practice tests. 
the skills you’ll gain through labs and projects include hardware & mobile device setup, software configuration, windows/linux usage, gui & command line, troubleshooting procedures, it helpdesk & ticketing systems, customer service & tech support best practices, network & wifi setup, cloud computing & cybersecurity fundamentals, and much more. 
in the final capstone course, you will apply your knowledge and skills to real-world case studies, and upon completion, will be able to confidently demonstrate your it support skills to prospective employers.
course staff and teaching assistants are available throughout the program to support your success.
",6900.0,beginner,professional certificate,3 - 6 Months
meta front-end developer,meta,"['HTML and CSS', 'Javascript', 'Front-End Web Development', 'React (web framework)', 'Web Development', 'User Experience', 'Algorithms', 'Computer Science', 'Web Design', 'Application Development', 'Computer Programming', 'Software Engineering', 'Web Development Tools', 'Collaboration', 'Communication', 'Data Structures', 'Human Computer Interaction', 'Interactive Design', 'Linux', 'Problem Solving', 'Product Design', 'Software Engineering Tools', 'Software Testing']",4.7,https://www.coursera.org/professional-certificates/meta-front-end-developer,210765.0,"want to get started in the world of coding and build websites as a career? this certificate, designed by the software engineering experts at meta—the creators of facebook and instagram, will prepare you for a career as a front-end developer.
in this program, you’ll learn: 
how to code and build interactive web pages using html5, css and javascript. 
in-demand design skills to create professional page layouts using industry-standard tools such as bootstrap, react, and figma. 
github repositories for version control, content management system (cms) and how to edit images using figma. 
how to prepare for technical interviews for front-end developer roles.
by the end, you’ll put your new skills to work by completing a real-world project where you’ll create your own front-end web application. any third-party trademarks and other intellectual property (including logos and icons) referenced in the learning experience remain the property of their respective owners. unless specifically identified as such, coursera’s use of third-party intellectual property does not indicate any relationship, sponsorship, or endorsement between coursera and the owners of these trademarks or other intellectual property.
applied learning project
throughout the program, you’ll engage in hands-on activities that offer opportunities to practice and implement what you are learning. you’ll complete hands-on projects that you can showcase during job interviews and on relevant social networks.
at the end of each course, you’ll complete a project to test your new skills and ensure you understand the criteria before moving on to the next course. there are 9 projects in which you’ll use a lab environment or a web application to perform tasks such as:  
edit your bio page—using your skills in html5, css and ui frameworks
manage a project in github—using version control in git, git repositories and the linux terminal 
build a static version of an application—you’ll apply your understanding of react, frameworks, routing, hooks, bundlers and data fetching. 
at the end of the program, there will be a capstone project where you will bring your new skillset together to create the front-end web application.
",16000.0,beginner,professional certificate,3 - 6 Months
information technology (it) and cloud fundamentals,ibm,"['Cloud Computing', 'Computer Networking', 'Operating Systems', 'Cloud Storage', 'System Security', 'Cloud Applications', 'Cyberattacks', 'Cloud Infrastructure', 'Cloud Platforms', 'Databases', 'DevOps', 'Networking Hardware', 'Computer Programming', 'Cryptography', 'IBM Cloud', 'Network Architecture', 'Network Security', 'Security Engineering', 'Software Engineering']",4.7,https://www.coursera.org/specializations/it-cloud-fundamentals,0.0,"in today’s connected world, core knowledge of it hardware, software, networking, cybersecurity, and cloud technologies is vital for almost every function, or role within an organization. adding storage, updating an operating system, connecting to a network, recognizing phishing, and setting up cloud instances are some of the skills employees need or need help with.

this five-course specialization provides prerequisite skills for almost all it careers, including technical support specialist, data analyst, data scientist, ai specialist, web developer, software engineer, systems administrator, devops and site reliability engineer, data center technician, networking specialist, it manager, and cyber-security analyst.

you’ll acquire hardware, operating systems, programming, database, networking, storage, cybersecurity, and cloud computing knowledge and skills that can prepare you for an entry-level it role or better help you understand and manage it responsibilities within your organization.
in addition to receiving an ibm credential upon successful completion of this specialization, it provides a dual benefit of preparing you for the comptia it fundamentals (ift+) certification exam, which can attest to your skills, helping you gain a competitive advantage.
this program is for beginners. to start this program, no prior it background, programming experience, or cloud skills are required. all that's necessary is basic computer literacy.

applied learning project
these course assignments are designed for beginners and provide you with core skills from each course.
you will use interactive activities and reference materials to identify computer hardware, connectors, and peripherals and to recall steps related to work station setup, operating system installation, and configuration of frequently adjusted operating system settings. in hands-on labs, you’ll use python to acquire real-world, in-demand, fundamental programming skills and learn how to perform basic database operations using mysql. in additional online labs, you’ll use the ibm cloud platform and other interactive techniques towith user-facing software, back-end applications, introductory networking concepts, security practices, and cloud computing types and services.
",6400.0,beginner,specialization,3 - 6 Months
microsoft power bi data analyst,microsoft,"['Data Analysis', 'Data Management', 'Data Mining', 'Data Model', 'Data Visualization', 'Extract', 'Transform', 'Load', 'Microsoft Excel', 'Power BI', 'SQL']",4.6,https://www.coursera.org/professional-certificates/microsoft-power-bi-data-analyst,37537.0,"learners who complete this program will receive a 50% discount voucher to take the pl-300 certification exam. 
business intelligence analysts are highly sought after as more organizations rely on data-driven decision-making. microsoft power bi is the leading data analytics, business intelligence, and reporting tool in the field, used by 97% of fortune 500 companies to make decisions based on data-driven insights and analytics.1 prepare for a new career in this high-growth field with professional training from microsoft — an industry-recognized leader in data analytics and business intelligence.
through a mix of videos, assessments, and hands-on activities, you will engage with the key concepts of power bi, transforming data into meaningful insights and creating compelling reports and dashboards. you will learn to prepare data in excel for analysis in power bi, form data models using the star schema, perform calculations in dax, and more.
in your final project, you will showcase your new power bi and data analysis skills using a real-world scenario. when you complete this professional certificate, you’ll have tangible examples to talk about in your job interviews and you’ll also be prepared to take the industry-recognized pl-300: microsoft power bi data analyst certification exam.

1microsoft named a leader in the 2023 gartner® magic quadrant™ for analytics and bi platforms (april 2023)

applied learning project
this program has been uniquely mapped to key job skills required in a power bi data analyst role. in each course, you’ll be able to consolidate what you have learned by completing a project that simulates a real-world data analysis scenario using power bi. you’ll also complete a final capstone project where you’ll showcase all your new power bi data analytical skills.
the projects will include:
● a real-world scenario where you connect to data sources and transform data into an optimized data model for data analysis. 
● a real-world scenario where you demonstrate data storytelling through dashboards, reports and charts to solve business challenges and identify new opportunities.
a real-world capstone project where you analyze the performance of a multinational business and prepare executive dashboards and reports.
to round off your learning, you’ll take a mock exam that has been set up in a similar style to the industry-recognized exam pl-300: microsoft power bi data analyst.
",1400.0,beginner,professional certificate,3 - 6 Months
generative ai for everyone,deeplearning.ai,"['Strategy', 'Writing']",4.9,https://www.coursera.org/learn/generative-ai-for-everyone,2202.0,"chatgpt and other large language models are going to be more important in your life and business than your smartphone, if you use them right. chatgpt can tutor your child in math, generate a meal plan and recipes, write software applications for your business, help you improve your personal cybersecurity, and that is just in the first hour that you use it. 
the course will give you a primer that covers what generative ai is, basic prompt engineering, and how you can innovate with generative ai. you will learn the achieve framework for using generative ai to innovate in a way that augments and amplifies human creativity and problem solving rather than supplanting people. you will learn how generative ai is going to replace the gui and programming as our dominant interface to computing and why you will be using it every day at work.
",528000.0,beginner,course,1 - 4 Weeks
ibm ai engineering,ibm,"['Machine Learning', 'Deep Learning', 'Artificial Neural Networks', 'Human Learning', 'Python Programming', 'Machine Learning Algorithms', 'Applied Machine Learning', 'Algorithms', 'Machine Learning Software', 'Regression', 'Network Model', 'Statistical Machine Learning', 'Computer Vision', 'Apache', 'Big Data', 'Computer Programming', 'Data Analysis', 'Network Architecture', 'Extract', 'Transform', 'Load', 'Data Visualization', 'Tensorflow', 'Visualization (Computer Graphics)', 'Dimensionality Reduction', 'Natural Language Processing', 'Data Science']",4.6,https://www.coursera.org/professional-certificates/ai-engineer,38723.0,"artificial intelligence (ai) is revolutionizing entire industries, changing the way companies across sectors leverage data to make decisions. to stay competitive, organizations need qualified ai engineers who use cutting-edge methods like machine learning algorithms and deep learning neural networks to provide data driven actionable intelligence for their businesses. this 6-course professional certificate is designed to equip you with the tools you need to succeed in your career as an ai or ml engineer.  
you’ll master fundamental concepts of machine learning and deep learning, including supervised and unsupervised learning, using programming languages like python. you’ll apply popular machine learning and deep learning libraries such as scipy, scikitlearn, keras, pytorch, and tensorflow to industry problems involving object recognition, computer vision, image and video processing, text analytics, natural language processing (nlp), recommender systems, and other types of classifiers.
through hands-on projects, you’ll gain essential data science skills scaling machine learning algorithms on big data using apache spark. you’ll build, train, and deploy different types of deep architectures, including convolutional neural networks, recurrent networks, and autoencoders.
in addition to earning a professional certificate from coursera, you will also receive a digital badge from ibm recognizing your proficiency in ai engineering. 
applied learning project
throughout the program, you will build a portfolio of projects demonstrating your mastery of course topics. the hands-on projects will give you a practical working knowledge of machine learning libraries and deep learning frameworks such as scipy, scikitlearn, keras, pytorch, and tensorflow. you will also complete an in-depth capstone project, where you’ll apply your ai and neural network skills to a real-world challenge and demonstrate your ability to communicate project outcomes. 
",18000.0,intermediate,professional certificate,3 - 6 Months
ibm it project manager,ibm,"['Software Engineering', 'Agile Software Development', 'Computer Programming', 'Software Engineering Tools', 'Application Development', 'Programming Principles', 'Software Architecture', 'Communication', 'Cloud Applications', 'Scrum (Software Development)', 'Software-Defined Networking', 'Technical Product Management', 'Leadership and Management', 'Project Management', 'Cloud Computing', 'IBM Cloud', 'Information Technology', 'Operating Systems', 'Python Programming', 'Risk Management']",4.8,https://www.coursera.org/professional-certificates/ibm-it-project-manager,9049.0,"prepare for a career in the high-growth field of it project management. in this program, you’ll develop the skills and tools to have a competitive edge in the job market as an entry-level it project manager in less than 3 months. no prior knowledge or experience is required.
it project managers track projects, manage risks, and work cross-functionally to support an organization’s it infrastructure and software development. it project managers often act as a liaison between the business and technical functions to drive high-impact projects to a successful completion.
you’ll learn in-demand skills used by professional it project managers including planning and managing projects, effective communication and leadership methods, agile methodologies, and gain a deep understanding of the concepts, tools, and language of project management. alongside these crucial skills, you’ll receive foundational technical training in hardware, operating systems, software, cybersecurity, and cloud computing. in addition, you will be trained in software engineering fundamentals, software development lifecycle (sdlc), software development tools, technologies, and stacks to set you up for success as an it project manager.
upon completing the full program, you’ll gain access to career support resources to help you in your job search and you’ll earn a professional certificate from ibm to showcase your proficiency to potential employers. 
applied learning project
throughout the it project management professional certificate, we take the theory behind project management and apply it to real-world scenarios. this program consists of ample instructional content as well as hands-on exercises and real-world projects designed to hone your skills.
in each course, there will be exercises to practice what you have learned. from building a timeline, tracking issues, or setting up a communications plan, we’ll provide realistic scenarios you might encounter in your future work as an it project manager. the last course in the series is the capstone course, designed for learners who have completed all the courses in the program. it gives the learner a chance to demonstrate their end-to-end knowledge of project management.
by completing the program and the capstone, learners will be well-prepared to show off their skills in interviews and get job-ready as an entry-level it project manager.
",2700.0,beginner,professional certificate,3 - 6 Months
ibm data warehouse engineer,ibm,"['Data Management', 'Database Administration', 'Databases', 'SQL', 'Database Application', 'Extract', 'Transform', 'Load', 'Data Warehousing', 'Data Structures', 'Database Design', 'Data Engineering', 'Computer Programming', 'Data Analysis', 'Data Architecture', 'Database Theory', 'Apache', 'Python Programming', 'Leadership and Management', 'Professional Development', 'Big Data', 'Data Model', 'Distributed Computing Architecture', 'Business Analysis', 'PostgreSQL', 'Devops Tools', 'Cloud Computing', 'Linux', 'IBM Cloud', 'Network Security', 'NoSQL', 'Business Intelligence', 'Data Science']",4.7,https://www.coursera.org/professional-certificates/data-warehouse-engineering,4055.0,"prepare for a career in the field of data warehousing. in this program, you’ll learn in-demand skills like sql, linux, and database architecture to get job-ready in less than 3 months.
data warehouse engineers design and build large databases called data warehouses, used for data and business analytics. they work closely with data analysts, data scientists, and project management to power analysis that enable insights and inform decision-making. 
this program will teach you the foundational data warehousing skills employers are seeking for entry level data warehouse roles. this program will not only help you start your career in data warehousing, but also provides a strong foundation for future career development in other paths such as business intelligence (bi) roles.
you’ll learn the latest tools used by professional data warehouse engineers including relational database management systems (rdbms), postgresql, and mysql. alongside these tools, learn how to use linux/unix shell scripts to automate repetitive tasks and build data pipelines and extract, transform and load (etl) data. you’ll also work with data warehouses and query them using sql and bi tools.
when you complete the full program, you’ll have a portfolio of projects and a professional certificate from ibm to showcase your expertise. you’ll also earn an ibm digital badge and will gain access to career resources to help you in your job search, including mock interviews and resume support. 
applied learning project
each course includes numerous hands-on labs and a project to hone and apply the concepts and skills you learn. by the end of the program, you will have designed, implemented, configured, queried, and maintained numerous databases and created data pipelines using real-world tools and data repositories to build a portfolio of job-ready skills.
you will start by provisioning a database instance on cloud. next, you will design databases using entity-relationship diagrams (erd) and create database objects like tables and keys using mysql, postgresql and ibm db2. 
you will then become proficient with querying databases with sql using select, insert, update and delete statements, and learn to filter, sort & aggregate result sets. next, you will become familiar with common linux/unix shell commands and use them to build bash scripts. 
you will create data pipelines for batch and streaming etl jobs using apache airflow and kafka. finally, implement data warehouses & create bi dashboards.
",3800.0,beginner,professional certificate,3 - 6 Months
foundations of cybersecurity,google,"['Linux', 'Computer Programming', 'Leadership and Management', 'SQL']",4.9,https://www.coursera.org/learn/foundations-of-cybersecurity,132355.0,"develop your ability to think strategically, analyze the competitive environment, and recommend firm positioning and value creation. in this course, developed at the darden school of business at the university of virginia, top-ranked faculty will help you explore the underlying theory and frameworks that provide the foundations of a successful business strategy and provide the tools you need to understand that strategy: swot, competitor, environmental, five forces, and capabilities analyses, as well as strategy maps.
",14000.0,beginner,course,1 - 4 Weeks
foundations of project management,google,"['Project Management', 'Strategy and Operations', 'Business Communication', 'Change Management', 'Organizational Development', 'Communication', 'Culture', 'Emotional Intelligence', 'Influencing', 'Leadership and Management', 'People Management', 'Planning']",4.9,https://www.coursera.org/learn/project-management-foundations,63204.0,"the university of pennsylvania and dr. martin e.p. seligman welcome you to foundations of positive psychology. our five-course specialization provides you with the key theories and research in the field of positive psychology as well as opportunities for application.  
course topics include 
•	positive psychology: martin e.p. seligman’s visionary science with dr. martin e.p. seligman  
•	positive psychology: applications and interventions with dr. james pawelski 
•	positive psychology: character, grit and research methods with dr. angela duckworth & dr. claire     robertson-kraft
•	positive psychology: resilience skills with dr. karen reivich 
•	positive psychology specialization project with dr. martin e.p. seligman 

applied learning project
learners design and justify small-scale positive interventions to enhance specific aspects of their personal wellbeing based on the skills acquired in each course of the specialization. personal reflections are implemented provide learners with the skills to impact their personal and professional lives. 
after completing all five courses, learners earn a certificate signed by dr. martin e.p. seligman, dr. james pawelski, dr. angela duckworth, dr. claire robertson-kraft and dr. karen reivich.

",75000.0,beginner,course,1 - 4 Weeks
supervised machine learning: regression and classification,deeplearning.ai,"['Machine Learning', 'Machine Learning Algorithms', 'Regression', 'Applied Machine Learning', 'Algorithms', 'Statistical Machine Learning', 'Mathematics', 'Critical Thinking', 'Machine Learning Software', 'Python Programming']",4.9,https://www.coursera.org/learn/machine-learning,468943.0,"in the first course of the machine learning specialization, you will:
• build machine learning models in python using popular machine learning libraries numpy and scikit-learn.
• build and train supervised machine learning models for prediction and binary classification tasks, including linear regression and logistic regression

the machine learning specialization is a foundational online program created in collaboration between deeplearning.ai and stanford online. in this beginner-friendly program, you will learn the fundamentals of machine learning and how to use these techniques to build real-world ai applications. 

this specialization is taught by andrew ng, an ai visionary who has led critical research at stanford university and groundbreaking work at google brain, baidu, and landing.ai to advance the ai field.

this 3-course specialization is an updated and expanded version of andrew’s pioneering machine learning course, rated 4.9 out of 5 and taken by over 4.8 million learners since it launched in 2012. 

it provides a broad introduction to modern machine learning, including supervised learning (multiple linear regression, logistic regression, neural networks, and decision trees), unsupervised learning (clustering, dimensionality reduction, recommender systems), and some of the best practices used in silicon valley for artificial intelligence and machine learning innovation (evaluating and tuning models, taking a data-centric approach to improving performance, and more.)

by the end of this specialization, you will have mastered key concepts and gained the practical know-how to quickly and powerfully apply machine learning to challenging real-world problems. if you’re looking to break into ai or build a career in machine learning, the new machine learning specialization is the best place to start.
",16000.0,beginner,course,1 - 4 Weeks
"bi foundations with sql, etl and data warehousing",ibm,"['Data Management', 'Extract', 'Transform', 'Load', 'Data Warehousing', 'Database Administration', 'Apache', 'Computer Programming', 'Python Programming', 'Data Analysis', 'Data Structures', 'Databases', 'Big Data', 'Database Application', 'Distributed Computing Architecture', 'Cloud Computing', 'Database Theory', 'Devops Tools', 'Leadership and Management', 'Linux', 'SQL', 'Business Intelligence', 'IBM Cloud']",4.6,https://www.coursera.org/specializations/bi-foundations-sql-etl-data-warehouse,56137.0,"this is the seventh course in the google cybersecurity certificate. these courses will equip you with the skills you need to apply for an entry-level cybersecurity job. you’ll build on your understanding of the topics that were introduced in the sixth google cybersecurity certificate course.
in this course, you will be introduced to the python programming language and apply it in a cybersecurity setting to automate tasks. you'll start by focusing on foundational python programming concepts, including data types, variables, conditional statements, and iterative statements. you'll also learn to work with python effectively by developing functions, using libraries and modules, and making your code readable. in addition, you'll work with string and list data, and learn how to import, parse and debug files.  

google employees who currently work in cybersecurity will guide you through videos, provide hands-on activities and examples that simulate common cybersecurity tasks, and help you build your skills to prepare for jobs. 

learners who complete this certificate will be equipped to apply for entry-level cybersecurity roles. no previous experience is necessary.

by the end of this course, you will: 
- explain how the python programming language is used in cybersecurity.
- write conditional and iterative statements in python.
- create new, user-defined python functions.
- use python to work with strings and lists.
- use regular expressions to extract information from text.
- use python to open and read the contents of a file.
- identify best practices to improve code readability.
- practice debugging code.
",20000.0,beginner,specialization,3 - 6 Months
"foundations: data, data, everywhere",google,"['Data Analysis', 'SQL', 'Data Visualization', 'Business Analysis', 'Spreadsheet Software', 'Data Science', 'Databases', 'Microsoft Excel']",4.8,https://www.coursera.org/learn/foundations-data,1077990.0,"foundations of user experience (ux) design is the first of a series of seven courses that will equip you with the skills needed to apply to entry-level jobs in user experience design. ux designers focus on the interactions that people have with products like websites, mobile apps, and physical objects. ux designers make those everyday interactions usable, enjoyable, and accessible. the role of an entry-level ux designer might include empathizing with users, defining their pain points, coming up with ideas for design solutions, creating wireframes, prototypes, and mockups, and testing designs to get feedback. 
current ux designers and researchers at google will serve as your instructors, and you will complete hands-on activities that simulate real-world ux design scenarios.

learners who complete the seven courses in this certificate program should be equipped to apply for entry-level jobs as ux designers. no previous experience is necessary.

by the end of this course, you will be able to: 
   - define the field of ux and explain why it’s important for consumers and businesses.
   - understand foundational concepts in ux design, such as user-centered design, the design thinking framework, accessibility, and equity-focused design. 
   - identify the factors that contribute to great user experience design.
   - review common job responsibilities of entry-level ux designers and teams that they work with.
   - explore job opportunities and career paths within the field of user experience.  
   - explain why design sprints are an important and useful part of a ux designer’s work.
  - describe common ux research methods. 
   - identify and account for biases in ux research.
",96000.0,beginner,course,1 - 3 Months
mathematics for machine learning and data science,deeplearning.ai,"['Mathematics', 'Algebra', 'Linear Algebra', 'Machine Learning', 'Machine Learning Algorithms', 'Calculus', 'Differential Equations', 'Regression', 'Artificial Neural Networks', 'Mathematical Theory & Analysis', 'Python Programming', 'Algorithms', 'Critical Thinking', 'Dimensionality Reduction', 'General Statistics', 'Probability & Statistics', 'Statistical Analysis']",4.6,https://www.coursera.org/specializations/mathematics-for-machine-learning-and-data-science,46591.0,"mathematics for machine learning and data science is a foundational online program created by deeplearning.ai and taught by luis serrano. this beginner-friendly specialization is where you’ll master the fundamental mathematics toolkit of machine learning.
many machine learning engineers and data scientists need help with mathematics, and even experienced practitioners can feel held back by a lack of math skills. this specialization uses innovative pedagogy in mathematics to help you learn quickly and intuitively, with courses that use easy-to-follow plugins and visualizations to help you see how the math behind machine learning actually works. 

this is a beginner-friendly program, with a recommended background of at least high school mathematics. we also recommend a basic familiarity with python, as labs use python to demonstrate learning objectives in the environment where they’re most applicable to machine learning and data science.
applied learning project
by the end of this specialization, you will be ready to:
represent data as vectors and matrices and identify their properties using concepts of singularity, rank, and linear independence
apply common vector and matrix algebra operations like dot product, inverse, and determinants 
express certain types of matrix operations as linear transformations 
apply concepts of eigenvalues and eigenvectors to machine learning problems
optimize different types of functions commonly used in machine learning
perform gradient descent in neural networks with different activation and cost functions 
describe and quantify the uncertainty inherent in predictions made by machine learning models
understand the properties of commonly used probability distributions in machine learning and data science
apply common statistical methods like mle and map
assess the performance of machine learning models using interval estimates and margin of errors 
apply concepts of statistical hypothesis testing
",1400.0,beginner,specialization,1 - 3 Months
business foundations,university of pennsylvania,"['Accounting', 'Finance', 'General Accounting', 'Financial Accounting', 'Strategy and Operations', 'Account Management', 'Accounts Payable and Receivable', 'Cost Accounting', 'Leadership and Management', 'Strategy', 'Cash Management', 'Communication', 'Financial Analysis', 'Generally Accepted Accounting Principles (GAAP)', 'Marketing', 'Brand Management', 'Budget Management', 'Customer Analysis', 'Market Analysis', 'Marketing Design', 'Product Marketing', 'Product Strategy', 'Entrepreneurship', 'Human Resources', 'People Analysis', 'Performance Management', 'Business Analysis', 'Digital Marketing', 'Estimation', 'Mathematical Theory & Analysis', 'Change Management', 'Organizational Development', 'People Management', 'Talent Management', 'Planning', 'Operations Management']",4.7,https://www.coursera.org/specializations/wharton-business-foundations,2166.0,"in a world driven by big data, it is crucial to understand how valuable information can be extracted from large volumes of data. further, it is pivotal to utilize information to its full potential. this not only requires one to extract value from data but also to effectively communicate the information obtained. the business data management and communication specialization is tailored to deliver a well-balanced curriculum that focuses on all three aspects - understanding data, extracting valuable information, and effective communication. the courses in this specialization will focus on advanced accounting, working with big data, communicating data and information analysis. 
topics covered include:
understand the basics of how to analyze balance sheet and cash flow statements
understand how accrual accounting and fundamental accounting concepts work
learn how to collect, analyze, and visualize data and use the same in decision making processes
learn how to use r to communicate data analytics results
explore various ways that information can generate economic value
understand how crucial information is and learn how to gauge the potential of valuable information

applied learning project
the core concept based on which the specialization is structured is that data and information, when utilized effectively, can provide significant economic benefits. getting from raw data to valuable information involves a plethora of analytical processes and understanding of the underlying data. each course in the specialization will provide an in-depth application and data analysis exercise.

",24000.0,beginner,specialization,3 - 6 Months
google it automation with python,google,"['Cloud Computing', 'Cloud Platforms', 'Collaboration', 'Computer Programming', 'Data Structures', 'Google Cloud Platform', 'Leadership and Management', 'Problem Solving', 'Python Programming']",4.7,https://www.coursera.org/professional-certificates/google-it-automation,472123.0,"prepare for a new career in the high-growth fields of digital marketing and e-commerce, in under six months, no experience or degree required. businesses need digital marketing and e-commerce talent more than ever before; 86% of business leaders opens in a new tabreport that digital commerce will be the most important route to growth. there are over 213,000 open jobs in digital marketing and e-commerce with a median entry-level salary of $59,000.¹
throughout this program, you will gain in-demand skills that prepare you for an entry-level job and learn how to use tools and platforms like canva, constant contact, google ads, google analytics, hootsuite, hubspot, mailchimp, shopify, and twitter. you will learn from subject-matter experts at google and have a chance to build your own portfolio with projects like customer personas and social media calendars to show to potential employers. 
75% of certificate graduates report a positive career outcome (e.g., new job, promotion, or raise) within six months of completion²
check out all google career certificates hereopens in a new tab.
this program contains no confidential information. all google search features taught are publicly available, you can learn more in official google search documentationopens in a new tab.
¹lightcast™ us job postings (2022: jan. 1, 2022 - dec. 31, 2022).
²based on program graduate survey, united states 2022
applied learning project
this program includes over 190 hours of instruction and practice-based assessments, which simulate real-world digital marketing and e-commerce scenarios that are critical for success in the workplace. the content is highly interactive and developed by google employees with experience in the field.
skills you’ll gain will include: developing digital marketing and e-commerce strategies; attracting and engaging customers through digital marketing channels like search and email; measuring marketing analytics and sharing insights; building e-commerce stores, analyzing e-commerce performance, and building customer loyalty.
platforms and tools you will learn include: canva, constant contact, google ads, google analytics, hootsuite, hubspot, mailchimp, shopify, and twitter
through a mix of videos, assessments, and hands-on activities, you’ll learn how to use popular tools and platforms required for an entry-level job. learn concrete skills that top employers are hiring for right now.
",43000.0,beginner,professional certificate,3 - 6 Months
ai for everyone,deeplearning.ai,"['Data Science', 'Deep Learning', 'Machine Learning', 'Artificial Neural Networks', 'Business Transformation', 'Human Learning', 'Planning', 'Project Management']",4.8,https://www.coursera.org/learn/ai-for-everyone,1092100.0,"ai is not only for engineers. if you want your organization to become better at using ai, this is the course to tell everyone--especially your non-technical colleagues--to take. 
in this course, you will learn:

- the meaning behind common ai terminology, including neural networks, machine learning, deep learning, and data science
- what ai realistically can--and cannot--do
- how to spot opportunities to apply ai to problems in your own organization
- what it feels like to build machine learning and data science projects
- how to work with an ai team and build an ai strategy in your company
- how to navigate ethical and societal discussions surrounding ai

though this course is largely non-technical, engineers can also take this course to learn the business aspects of ai.
",40000.0,beginner,course,1 - 4 Weeks
ibm it scrum master,ibm,"['DevOps', 'Software Engineering', 'Computer Programming', 'Agile Software Development', 'Programming Principles', 'Software Engineering Tools', 'Application Development', 'Software Architecture', 'Communication', 'Continuous Delivery', 'Cloud Applications', 'Continuous Integration', 'Scrum (Software Development)', 'Software-Defined Networking', 'Technical Product Management', 'Leadership and Management', 'Project Management', 'Cloud Computing', 'IBM Cloud', 'Information Technology', 'Operating Systems', 'Python Programming']",4.8,https://www.coursera.org/professional-certificates/ibm-it-scrum-master,1954.0,"advance your career as an it scrum master. as more organizations adopt agile development practices, the demand for scrum masters, especially in the it industry, is expected to grow significantly over the next 10 years. in this program, you’ll develop the skills, tools, and portfolio to have a competitive edge in the job market.
scrum masters play a crucial role leading teams using agile project management methodologies to lead projects to a successful completion. they work to remove any obstacles that may hinder project completion or progress. they facilitate scrum events such as daily stand-up meetings, sprint planning, sprint reviews, and retrospectives. they plan, track, and lead all communication and collaboration between leadership and key team members. 
an it scrum master needs to be proficient in it fundamentals, the software development lifecycle, devops, and agile project management in order to lead successful it projects. in this program, you’ll master these essential skills, tools, and methodologies. upon completion, you’ll have a portfolio of real world projects and a professional certificate from ibm to showcase your proficiency to potential employers.
this program is ideal for existing software and it professionals who want to level up their careers with modern development practices and skills. additionally, the content covered during this program will help prepare learners for certifications such as the scrum alliance csm, pmi-acp, and pmi-dasm.
applied learning project
this program has a strong emphasis on applied learning and includes a series of hands-on activities. you’ll take the theory and skills you’ve learned and apply them to real-world scenarios. you will build a swot analysis, research the software engineering role, analyze devops scenarios, and create an agile plan using zenhub.   
the courses also include practice with operating systems, programming, databases, networking, cybersecurity, cloud, software development tools, and languages. after completing this program you will have practical experience with some of the key tools used in the software engineering & it industry.    
in the capstone course of this program, you will play the role of an it scrum master and apply your skills and knowledge from the previous courses to a real-life inspired project scenario. the final course will test your learnings about the scrum master profession  and help prepare you for taking the official certified scrummaster (csm) certification exam.
",4100.0,beginner,professional certificate,3 - 6 Months
python for everybody,university of michigan,"['Computer Programming', 'Python Programming', 'Computer Programming Tools', 'Programming Principles', 'Data Structures', 'Computational Thinking', 'Computational Logic', 'Data Analysis', 'Software Engineering', 'Algorithms', 'Critical Thinking', 'Problem Solving', 'Data Architecture', 'Data Management', 'Databases', 'Theoretical Computer Science', 'Database Administration', 'Data Model', 'Data Visualization', 'Database Design', 'Database Theory', 'Web Development', 'Web Development Tools', 'Computer Networking', 'Extract', 'Transform', 'Load', 'SQL', 'HTML and CSS']",4.8,https://www.coursera.org/specializations/python,1560414.0,"this specialization builds on the success of the python for everybody course and will introduce fundamental programming concepts including data structures, networked application program interfaces, and databases, using the python programming language. in the capstone project, you’ll use the technologies learned throughout the specialization to design and create your own  applications for data retrieval, processing, and visualization.
",269000.0,beginner,specialization,3 - 6 Months
ibm project manager,ibm,"['Software Engineering', 'Agile Software Development', 'Scrum (Software Development)', 'Business Analysis', 'Communication', 'Leadership and Management', 'Project Management', 'Risk Management']",4.8,https://www.coursera.org/professional-certificates/ibm-project-manager,5661.0,"prepare for a career in the high-growth field of project management. in this program, you’ll develop the skills, knowledge, and portfolio to have a competitive edge in the job market as an entry-level project manager in as little as 3 months. no prior knowledge or experience required.  
project managers are the backbone of any organization. they plan, track, and manage projects to successful completion, work cross-functionally to guide team members, manage risks, and create a strong channel of communication amongst stakeholders. the demand for project managers who can lead a project to a successful completion has never been greater in our ever-changing, fast-paced world. 
you’ll learn in-demand skills used by professional project managers including the processes and tools needed to set up a project for success, gain a comprehensive understanding of project management concepts, and learn project management methodologies including agile. 
by the end of this program, you’ll have a portfolio of projects to demonstrate your proficiency, including developing project timelines, roles and responsibility matrices, stakeholder management tools, and communications plans. you’ll also unlock exclusive access to career support resources and a professional certificate from ibm to help you in your job search.
 in addition, this program is designed to help you prepare for attaining project management certifications such as the capm certification from pmi.
applied learning project
this professional certificate has a strong emphasis on applied learning and includes a series of hands-on activities. in these exercises, you’ll take the theory and skills you’ve gained and apply it to real-world scenarios. from building a timeline, tracking issues, or setting up a communications plan, we’ll provide realistic scenarios you might encounter as a project manager.
towards the end of the program are two final courses designed to bring everything together to test your practical skills in project management. a capstone course will test your practical skills and help you build a portfolio of skills and projects you can share in future interviews. in addition, the final course in the professional certificate is an exam that was designed to help prepare you for the capm certification exam.
",2000.0,beginner,professional certificate,3 - 6 Months
ibm applied devops engineering,ibm,"['DevOps', 'Software Engineering', 'Cloud Computing', 'Continuous Delivery', 'Continuous Integration', 'Application Development', 'Cloud Applications', 'Software Architecture', 'Security Engineering', 'Computer Programming', 'Kubernetes', 'Cloud Infrastructure', 'Cloud-Based Integration', 'Microarchitecture', 'Software Testing', 'Agile Software Development', 'IBM Cloud', 'Docker (Software)', 'Scrum (Software Development)', 'Software Security', 'Leadership and Management']",4.7,https://www.coursera.org/professional-certificates/ibm-applied-devops-engineering,0.0,"gain the in-demand skills to advance from programming to devops engineering. in this program, you’ll learn the latest devops practices, tools, and technologies from experts at ibm to get job-ready in less than 3 months.
almost every company is looking to become more agile and shorten software development cycles, creating a high demand for devops engineers! devops professionals are skilled in both software development and operations, and have a working knowledge of coding and infrastructure management.
this program is ideal for existing software and it professionals who want to level up their careers with modern development practices and skills. it requires knowledge of software engineering fundamentals, at least 1 programming language (preferably python), linux commands and scripts, and git/github.
you’ll master the latest devops practices, agile methodologies, and cloud native technologies such as scrum, containers, docker, kubernetes, openshift, microservices, rest, serverless, test driven development (tdd), continuous integration and continuous deployment (ci/cd), application security and monitoring. you will practice hands-on with tools used by professionals, giving you job-ready experience.
when you complete the program, you’ll have a portfolio of projects to demonstrate your proficiency and a professional certificate from ibm. you’ll also gain access to exclusive career support, resume building, job search and interview prep resources.
applied learning project
each course in this professional certificate includes hands-on labs and real-world projects to build your devops portfolio such as:
creating and executing an agile plan using zenhub
building and deploying an application with kubernetes and horizontal pod scaling
developing a web application with microservices and deploying it on cloud using serverless
a capstone project where you write a restful flask microservice and automate its testing with the python nose package while practicing agile principles and deploy using kubernetes/openshift and a tekton ci/cd pipeline
",4300.0,intermediate,professional certificate,3 - 6 Months
ai in healthcare,stanford university,"['Machine Learning', 'Leadership and Management', 'Data Analysis', 'Critical Thinking', 'Data Mining']",4.7,https://www.coursera.org/specializations/ai-healthcare,25026.0,"artificial intelligence (ai) has transformed industries around the world, and has the potential to radically alter the field of healthcare. imagine being able to analyze data on patient visits to the clinic, medications prescribed, lab tests, and procedures performed, as well as data outside the health system -- such as social media, purchases made using credit cards, census records, internet search activity logs that contain valuable health information, and you’ll get a sense of how ai could transform patient care and diagnoses.
in this specialization, we'll discuss the current and future applications of ai in healthcare with the goal of learning to bring ai technologies into the clinic safely and ethically.  
this specialization is designed for both healthcare providers and computer science professionals, offering insights to facilitate collaboration between the disciplines.
cme accreditation
the stanford university school of medicine is accredited by the accreditation council for continuing medical education (accme) to provide continuing medical education for physicians.  view the full cme accreditation information on the individual course faq page.
applied learning project
the final course will consist of a capstone project that will take you on a guided tour exploring all the concepts we have covered in the different classes. this will be a hands-on experience following a patient's journey from the lens of the data, using a unique dataset created for this specialization.we will review how the different choices you make -- such as those around feature construction, the data types to use, how the model evaluation is set up and how you handle the patient timeline -- affect the care that would be recommended by the model.
",1300.0,beginner,specialization,3 - 6 Months
ibm front-end developer,ibm,"['Cloud Applications', 'Software Engineering', 'Computer Programming', 'Application Development', 'Cloud Computing', 'IBM Cloud', 'Programming Principles', 'Software Engineering Tools', 'Web Development', 'Agile Software Development', 'Cloud API', 'Cloud Infrastructure', 'Cloud Management', 'Cloud Platforms', 'Communication', 'DevOps', 'Software Architecture', 'Continuous Integration', 'Software As A Service', 'Cloud Storage', 'Continuous Delivery', 'Front-End Web Development', 'Leadership and Management', 'Software-Defined Networking', 'Technical Product Management', 'Collaboration', 'Javascript', 'NoSQL', 'Mergers & Acquisitions', 'Python Programming', 'React (web framework)', 'Strategy', 'User Experience']",4.6,https://www.coursera.org/professional-certificates/ibm-frontend-developer,0.0,"prepare for a career in the lucrative field of software engineering. in this program, you’ll learn in-demand skills like ui/ux design, programming, and web development to get job-ready for an entry level role in front-end development in less than 3 months. no prior experience needed to get started. 
the role of a front-end developer is to build and optimize the user experience of a website or application they focus on creating the interactive and visual elements of a website, the physical layout of each page, and enhancing the site experience.
this program will help you plan, build, deploy, and test web designs and applications. you’ll create applications using automated build tools, and will learn the latest skills and tools used by professional front-end developers including ui/ux design, web development, and highly sought after programming languages, libraries and frameworks such as html, css, javascript, react and bootstrap. you’ll also learn to manage your project source code using github repositories, interface with external and back-end services like databases, and become familiar with devops and agile practices and methodologies like ci/cd and scrum. 
when you complete the program, you’ll have a portfolio of projects and a professional certificate from ibm to showcase your expertise. you’ll also earn an ibm digital badge and will gain exclusive access to career resources to help you in your job search, including mock interviews and resume support. 
applied learning project
throughout this professional certificate, you will develop a portfolio of hands-on projects involving various popular technologies and programming languages in front-end development. projects and labs include:   
displaying hello world using 11 programming languages 
understanding programming fundamentals with python
creating a single page portfolio website using html, css, and javascript
cloning and forking github projects
creating github repositories, working with branches and performing pull requests (prs)
communicating with back-end services using restful apis
accessing a nosql database like mongodb from a front-end app 
designing compelling user interfaces and experiences (ui/ux) using figma
creating a ci/cd pipeline and deploying updates to the application
you will publish these projects through your github repository to share your skills with your peers and prospective employers.
",1800.0,beginner,professional certificate,3 - 6 Months
ibm cybersecurity analyst,ibm,"['Cryptography', 'Python Programming', 'Linux', 'Network Security', 'Security Strategy', 'Software Security', 'System Software', 'Computer Security Incident Management', 'Networking Hardware', 'Security Software', 'Cloud Computing', 'Cyberattacks', 'DevOps', 'Mobile Security', 'Computer Programming', 'Databases', 'Leadership and Management', 'Operating Systems', 'SQL', 'System Security']",4.6,https://www.coursera.org/professional-certificates/ibm-cybersecurity-analyst,170606.0,"a growing number of exciting, well-paying jobs in today’s security industry do not require a college degree. this professional certificate will give you the technical skills to become job-ready for a cybersecurity analyst role. instructional content and labs will introduce you to concepts including network security, endpoint protection, incident response, threat intelligence, penetration testing, and vulnerability assessment.
cybersecurity is one of the most in-demand career fields.
●  according to cyberseekopens in a new tab, from june 2019  through may 2020, there were 171,000 openings for information security analysts, but only 125,000 workers currently employed in those positions – an annual talent shortfall of 46,000 workers. on average, cybersecurity roles take 21% longer to fill than other it jobs.
● the u.s. bureau of labor statisticsopens in a new tab expects 31% hiring growth for cybersecurity analysts between 2019 and 2029, growing much faster than average in other careers.
you should be comfortable working with computers, be willing to develop new technical skills, and enjoy collaborative problem solving and communicating solutions. by the end of this program, you will have completed a real-world security breach hands-on project and applied concepts through industry tool virtual labs to provide you with the confidence to start a career in cybersecurity.
this program is ace® approved - you can earn up to 10 college credits, the equivalent of 2 ½ associate degree-level courses.
applied learning project
throughout the program, you will use virtual labs and internet sites that will provide you with practical skills with applicability to real jobs that employers value, including: 
tools: wireshark, ibm qradar, ibm maas360, ibm guardium, ibm resilient, i2 enterprise insight analysis
 labs: securitylearningacademy.com
libraries: python
projects: investigate a real-world security breach identifying the attack, vulnerabilities, costs and prevention recommendations.
",22000.0,beginner,professional certificate,3 - 6 Months
meta social media marketing,meta,"['Marketing', 'Digital Marketing', 'Social Media', 'Advertising', 'Communication', 'Media Strategy & Planning', 'Marketing Management', 'Customer Analysis', 'Brand Management', 'Business Analysis', 'Marketing Design', 'Sales', 'Strategy and Operations', 'Data Analysis', 'General Statistics', 'Market Analysis', 'Probability & Statistics', 'Leadership and Management', 'Research and Design', 'Planning', 'Entrepreneurship']",4.8,https://www.coursera.org/professional-certificates/facebook-social-media-marketing,258931.0,"want to turn your passion for social media into a career? in this program, you’ll learn how to create a social media presence on facebook and instagram that people want to follow! social media marketing jobs are amongst the most in-demand skills for organizations of all sizes. whether you’re completely new to digital marketing or you’ve been tinkering with social media platforms for your own business, you’ve come to the right place. this six-course program designed by experts at meta and aptly will provide an introduction to digital marketing and all the major social media platforms such as facebook, instagram, linkedin, youtube, tiktok  and more to prepare you with the skills and tools needed to grow an engaging social community and run effective social media advertising.
upon successful completion of the program, you’ll:
earn both a professional certificate and the meta digital marketing associate certification, showcasing your skills in social media marketing and the use of meta ads manager to potential employers.
the professional certificate is now ace® recommendedopens in a new tab.  you can learn more hereopens in a new tab.  
this specialization is also offered in arabicopens in a new tab, portugueseopens in a new tab, and spanishopens in a new tab.
applied learning project
throughout the program, you’ll get to practice your new skills through hands-on projects. our projects offer an opportunity to apply social media marketing skills practically, such as:
creating a facebook or instagram business page
doing a brand exercise for your business
creating posts on facebook and instagram
creating a content calendar
creating a creative brief for your social media ad
building your own full ad campaign in meta ads manager
presenting your campaign results
by the end, you’ll have a project-based portfolio you can demonstrate to recruiters, potential employers or clients to help land the job!
",18000.0,beginner,professional certificate,3 - 6 Months
meta react native,meta,"['React (web framework)', 'Javascript', 'Mobile Development', 'Mobile Development Tools', 'Web Development', 'HTML and CSS', 'Front-End Web Development', 'Web Development Tools', 'Application Development', 'Computer Programming', 'User Experience', 'Web Design', 'Software Engineering Tools', 'SQL', 'Software Engineering', 'Agile Software Development', 'Collaboration', 'Data Management', 'Human Computer Interaction', 'Interactive Design', 'Linux', 'Product Design', 'Product Lifecycle', 'Project Management']",4.7,https://www.coursera.org/specializations/meta-react-native,10242.0,"if you want to learn how to create apps for android and ios devices, this course is right for you. this program is taught by industry-recognized experts at meta.  
cross-platform mobile developers build and write code for apps that are hosted on mobile devices powered by multiple operating systems. they do everything from creating the app to debugging it after deployment. they design interactive and attractive user interfaces (uis) to ensure the best possible end-user or customer experiences. 
this specialization can be a stepping stone for building a successful career as an ios or android developer.
in this program, you’ll learn: 
essential cross-platform programming concepts and the tools needed to develop apps.
work with web technologies such as html, css and javascript.
manage data across multiple mobile operating systems including ios and android.
in-demand skills to develop, test and maintain cross-platform mobile apps using react and react native.
github repositories for version control and content management systems (cms).
by the end, you’ll put your new skills to work by completing a real-world portfolio project. you’ll build a dynamic mobile app using a responsive design that you can showcase during a job interview. plus, you’ll get support in your job search.
please note that the launch date, program content, and course titles are subject to change.

applied learning project
throughout the program, you’ll engage in a number of practical lab-based exercises that offer opportunities to practice and implement what you are learning. you’ll complete hands-on projects that you can showcase during job interviews and on relevant social networks.
at the end of each course, you’ll complete an assignment to test your new skills. there are various assignments in which you’ll use a lab environment or a web application to perform tasks such as:
use javascript and data from multiple sources to dynamically control a web app.
manage a project using version control in git and github.
build apps using react, routing, hooks, and data fetching. 
 at the end of the program, there will be a capstone project where you will bring your new skillset together to create a mobile app.

",7200.0,beginner,specialization,3 - 6 Months
finance & quantitative modeling for analysts,university of pennsylvania,"['Finance', 'Business Analysis', 'Data Analysis', 'Financial Analysis', 'Accounting', 'Forecasting', 'Financial Management', 'General Accounting', 'General Statistics', 'Statistical Analysis', 'Financial Accounting', 'Mathematical Theory & Analysis', 'Accounts Payable and Receivable', 'Probability & Statistics', 'Basic Descriptive Statistics', 'Cost Accounting', 'Data Model', 'Mathematics', 'Regression', 'Estimation', 'Management Accounting', 'Statistical Tests', 'Budget Management', 'Microsoft Excel', 'Spreadsheet Software', 'Leadership and Management', 'Entrepreneurship', 'Computer Programming']",4.5,https://www.coursera.org/specializations/finance-quantitative-modeling-analysts,29968.0,"this course is the first course in a five-course us federal tax specialization. it covers and focuses on the u.s. federal tax system as it relates to individuals, employees, and sole proprietors. key concepts covered include gross income and items that are statutorily included or excluded in it, personal and business expenses that qualify as tax deductions, and the differing tax treatments for employees versus self-employed taxpayers. unlike many other introductory courses in tax and as part of this course’s comprehensive wrap-up, learners will be provided with practical and tangible experience reporting both income and expenses on the main individual tax return used in the us, form 1040.
if you have enjoyed this course, consider enrolling in our online graduate accounting program. the university of illinois at urbana-champaign, consistently ranked as one of the nation's top three accounting programs, now offers a master’s in accounting at a very affordable tuition rate and is completely online. the imsa is a full master of accountancy program and students graduate with an ms that is highly recognized. try an open course or two, then apply for admission into the credit-bearing version as you may be eligible to take credit-bearing courses during the application process. if you are missing any prerequisites for the full degree, you can complete coursera courses to demonstrate readiness and strengthen your application for the imsa. for more information on this exciting imsa online program, refer to this link: https://www.coursera.org/degrees/imsa
",16000.0,beginner,specialization,3 - 6 Months
technical support fundamentals,google,"['Communication', 'Computer Architecture', 'Computer Networking', 'Customer Support', 'Networking Hardware']",4.8,https://www.coursera.org/learn/technical-support-fundamentals,1619616.0,"this course is the first of a series that aims to prepare you for a role as an entry-level it support specialist. in this course, you’ll be introduced to the world of information technology, or it. you’ll learn about the different facets of information technology, like computer hardware, the internet, computer software, troubleshooting, and customer service. this course covers a wide variety of topics in it that are designed to give you an overview of what’s to come in this certificate program.
by the end of this course, you’ll be able to:
● understand how the binary system works
● assemble a computer from scratch
● choose and install an operating system on a computer
● understand what the internet is, how it works, and the impact it has in the modern world
● learn how applications are created and how they work under the hood of a computer
● utilize common problem-solving methodologies and soft skills in an information technology setting
",147000.0,beginner,course,1 - 3 Months
natural language processing,deeplearning.ai,"['Natural Language Processing', 'Machine Learning', 'Python Programming', 'Statistical Programming', 'Artificial Neural Networks', 'Deep Learning', 'Probability & Statistics', 'Statistical Machine Learning', 'Machine Learning Algorithms', 'Applied Machine Learning', 'Computer Programming', 'Human Learning', 'Linear Algebra']",4.6,https://www.coursera.org/specializations/natural-language-processing,22160.0,"dear potential learner,
please take some time to read through this note before deciding to enroll.
 
this course, narrative economics, is relatively short and proposes a simple concept: we need to incorporate the contagion of narratives into our economic theory. you can think of narratives as stories that shape public beliefs, which in turn influence our decision making. understanding how people arrived at certain decisions in the past can aid our understanding of the economy today and improve our forecasts of the future.

popular thinking heavily influences our answers to questions such as how much to invest, how much to spend or save, whether to go to college or take a certain job, and many more. narrative economics is the study of the viral spread of popular narratives that affect economic behavior. i believe incorporating these ideas into our research must be done both to improve our ability to anticipate and prepare for economic events and help us structure economic institutions and policy. until we better incorporate it into our methods of analysis and forecasting, we remain blind to a very real, very palpable, very important mechanism for economic change. even in the dawning age of the internet and artificial intelligence, so long as people remain ultimately in control, human narratives will matter. maybe they will especially matter as the new technology exploits human weaknesses and creates new venues for narrative contagion. if we do not understand the epidemics of popular narratives, we cannot fully understand changes in the economy and in economic behavior.
 
 the course is broken into 4 modules:
 
part i introduces basic concepts and demonstrates how popular stories change over time to affect economic outcomes, including recessions, depressions and inequality as well as effective inspiration and growth.. these stories can be observed from diverse sources such as politics, the media, or even popular songs.
 
part ii seeks to answer why some stories go viral, while others are quickly forgotten, by defining our narrative theory more firmly. this module enumerates and explores a list of seven propositions to help discipline any analysis of economic narratives.
 
part iii examines nine perennial narratives that have proved their ability to influence important economic decisions. they include narratives regarding artificial intelligence, stock market bubbles, and job insecurity.
 
part iv looks to the future and highlights the opportunities for consilience in narrative economics. we share some thoughts about where narratives are taking us at this point in history and what kind of future research could improve our understanding of them.
 
this course offers only the beginnings of a new idea and a few suggestions for how it could be used by economists and financial professionals. the tone is not prescriptive or authoritative, as perhaps my coursera course, financial markets, is in places. it represents the beginning of the journey (epidemic). this course is my way of floating the “germ” of this idea out into the broader community of not only professionals but of anyone who is interested in discovering how and why things become “important” to us as a society. i hope some of you will become infected by this idea, mutate it, spread it, and advance it. the beginning of the journey is the easy part. the challenge will come in taking these concepts to the next level. we have the tools to incorporate narratives into our research and the moral obligation to act; only the work remains.

- robert j. shiller
",5500.0,intermediate,specialization,3 - 6 Months
deeplearning.ai tensorflow developer,deeplearning.ai,"['Machine Learning', 'Tensorflow', 'Deep Learning', 'Machine Learning Algorithms', 'Artificial Neural Networks', 'Applied Machine Learning', 'Human Learning', 'Computer Programming', 'Python Programming', 'Machine Learning Software', 'Natural Language Processing', 'Computer Vision', 'Forecasting', 'Data Visualization', 'Statistical Machine Learning', 'Statistical Analysis']",4.7,https://www.coursera.org/professional-certificates/tensorflow-in-practice,15467.0,"you’re almost there! this is the third and final course in the google business intelligence certificate. in this course, you’ll apply your understanding of stakeholder needs, plan and create bi visuals, and design reporting tools, including dashboards. you’ll also explore how to answer business questions with flexible and interactive dashboards that can monitor data over long periods of time.
google employees who currently work in bi will guide you through this course by providing hands-on activities that simulate job tasks, sharing examples from their day-to-day work, and helping you build business intelligence skills to prepare for a career in the field. 

learners who complete the three courses in this certificate program will have the skills needed to apply for business intelligence jobs. this certificate program assumes prior knowledge of foundational analytical principles, skills, and tools covered in the google data analytics certificate.  

by the end of this course, you will:
-explain how bi visualizations answer business questions
-identify complications that may arise during the creation of bi visualizations
-produce charts that represent bi data monitored over time
-use dashboard and reporting tools
-build dashboards using best practices to meet stakeholder needs
-iterate on a dashboard to meet changing project requirements
-design bi presentations to share insights with stakeholders
-create or update a resume and prepare for bi interviews
",24000.0,intermediate,professional certificate,3 - 6 Months
introduction to finance and accounting,university of pennsylvania,"['Accounting', 'Finance', 'Financial Accounting', 'General Accounting', 'Financial Analysis', 'Generally Accepted Accounting Principles (GAAP)', 'Accounts Payable and Receivable', 'Cost Accounting', 'Account Management', 'Cash Management', 'Estimation', 'Decision Making', 'Investment Management', 'Taxes', 'Budget Management', 'Management Accounting', 'Problem Solving', 'Business Analysis', 'Mathematical Theory & Analysis', 'Mathematics', 'Entrepreneurship']",4.6,https://www.coursera.org/specializations/finance-accounting,1717.0,"to understand current environmental problems, we need to consider physical, biological & chemical processes that are often the basis of those problems. this course will give you the skills necessary to address the environmental issues we are facing today by examining scientific principles and the application of those principles to natural systems. this course surveys some of the many environmental science topics at an introductory level, ultimately considering the sustainability of human activities on the planet.
environmental impacts on earth come from the number of people & the amount and types of resources that they use. by applying scientific principles and considering real-world examples, we will examine:
the field of environmental science and how to think like an environmental scientist
the human population and the ways in which changes in the population affect the environment
agriculture, soils and the environmental implications of eating meat, vegetables, local, organic, sustainable, industrial and other types of food
non-renewable fossil fuels with a focus on coal, petroleum & natural gas and the benefits + consequences of using each
renewable fuels such as wind and solar and identify that even renewable “green” energy sources have impacts as well as benefits
biodiversity and global change, which are the integrating units of environmental science
applied learning project
the three courses comprising the introduction to environmental science specialization utilize video lectures; case studies from various sites in and around dartmouth; interviews with experts; readings; both prompted and open discussions; and one graded quiz per module. 
",13000.0,beginner,specialization,3 - 6 Months
it fundamentals for cybersecurity,ibm,"['Cryptography', 'Network Security', 'Linux', 'Networking Hardware', 'Security Software', 'System Software', 'Cloud Computing', 'Cyberattacks', 'Databases', 'Leadership and Management', 'Operating Systems', 'SQL', 'System Security']",4.6,https://www.coursera.org/specializations/it-fundamentals-cybersecurity,54320.0,"there are a growing number of exciting, well-paying jobs in today’s security industry that do not require a traditional college degree.  forbes estimates that there will be as many as 3.5 million unfilled positions in the industry worldwide by 2021! one position with a severe shortage of skills is as a junior cybersecurity analyst. 
throughout this specialization, you will learn concepts around cybersecurity tools and processes, system administration,  operating system and database vulnerabilities, types of cyber attacks and basics of networking. you will also gain knowledge around important topics such as cryptography and digital forensics.  
the instructors are architects , security operation center (soc) analysts, and distinguished engineers who work with cybersecurity in their day to day lives at ibm with a worldwide perspective.  they will share their skills which they need to secure ibm and its clients security systems.
the completion of this specialization also makes you eligible to earn the it fundamentals for cybersecurity ibm digital badge.  more information about the badge can be found here:  
https://www.youracclaim.com/org/ibm/badge/cybersecurity-it-fundamentals-specialist opens in a new tab

applied learning project
this specialization will provide you with the basics you need to get started. throughout this specialization, you will learn concepts around cybersecurity tools and processes, system administration, operating system and database vulnerabilities, types of cyber attacks and basics of networking. you will also gain knowledge around important topics such as cryptography and digital forensics.
this specialization is truly an international offering from ibm with experts from the united states, costa rica, canada and italy. these instructors are architects, security operation center (soc) analysts, and distinguished engineers who work with cybersecurity in their day to day lives at ibm. they will share their skills which they need to secure ibm and its clients security systems.
learners will apply the skills they acquire to complete assessment exams as well as a project at the end of the four courses within this specialization.

",20000.0,beginner,specialization,3 - 6 Months
foundations of digital marketing and e-commerce,google,"['Digital Marketing', 'Marketing', 'E-Commerce', 'Strategy', 'Data Analysis', 'Social Media']",4.8,https://www.coursera.org/learn/foundations-of-digital-marketing-and-e-commerce,2930.0,"building fast and highly performant data science applications requires an intimate knowledge of how data can be organized in a computer and how to efficiently perform operations such as sorting, searching, and indexing. this course will teach the fundamentals of data structures and algorithms with a focus on data science applications. this specialization is targeted towards learners who are broadly interested in programming applications that process large amounts of data (expertise in data science is not required), and are familiar with the basics of programming in python. we will learn about various data structures including arrays, hash-tables, heaps, trees and graphs along with algorithms including sorting, searching, traversal and shortest path algorithms. 
this specialization can be taken for academic credit as part of cu boulder’s ms in data science or ms in computer science degrees offered on the coursera platform. these fully accredited graduate degrees offer targeted courses, short 8-week sessions, and pay-as-you-go tuition. admission is based on performance in three preliminary courses, not academic history. cu degrees on coursera are ideal for recent graduates or working professionals. learn more: 
ms in data science: https://www.coursera.org/degrees/master-of-science-data-science-boulder 
ms in computer science: https://coursera.org/degrees/ms-computer-science-boulder
applied learning project
learners will solve data-structure problems by analyzing and designing algorithms for searching, sorting, and indexing; creating trees and graphs; and addressing intractability. courses also include conceptual algorithm design problems as well as 
opportunities to program data-structures/algorithms in the python 
programming language.
",16000.0,beginner,course,1 - 4 Weeks
machine learning engineering for production (mlops),deeplearning.ai,"['Machine Learning', 'Applied Machine Learning', 'Tensorflow', 'Python Programming', 'Statistical Programming', 'DevOps', 'Devops Tools', 'Exploratory Data Analysis', 'Feature Engineering', 'Machine Learning Software', 'Probability & Statistics', 'Cloud Computing', 'Deep Learning', 'Google Cloud Platform', 'Performance Management', 'Strategy and Operations', 'Kubernetes', 'Leadership and Management']",4.7,https://www.coursera.org/specializations/machine-learning-engineering-for-production-mlops,60425.0,"understanding machine learning and deep learning concepts is essential, but if you’re looking to build an effective ai career, you need production engineering capabilities as well. 
effectively deploying machine learning models requires competencies more commonly found in technical fields such as software engineering and devops. machine learning engineering for production combines the foundational concepts of machine learning with the functional expertise of modern software development and engineering roles. 
the machine learning engineering for production (mlops) specialization covers how to conceptualize, build, and maintain integrated systems that continuously operate in production. in striking contrast with standard machine learning modeling, production systems need to handle relentless evolving data. moreover, the production system must run non-stop at the minimum cost while producing the maximum performance. in this specialization, you will learn how to use well-established tools and methodologies for doing all of this effectively and efficiently.
in this specialization, you will become familiar with the capabilities, challenges, and consequences of machine learning engineering in production. by the end, you will be ready to employ your new production-ready skills to participate in the development of leading-edge ai technology to solve real-world problems.
applied learning project
by the end, you'll be ready to
• design an ml production system end-to-end: project scoping, data needs, modeling strategies, and deployment requirements
• establish a model baseline, address concept drift, and prototype how to develop, deploy, and continuously improve a productionized ml application
• build data pipelines by gathering, cleaning, and validating datasets
• implement feature engineering, transformation, and selection with tensorflow extended
• establish data lifecycle by leveraging data lineage and provenance metadata tools and follow data evolution with enterprise data schemas
• apply techniques to manage modeling resources and best serve offline/online inference requests
• use analytics to address model fairness, explainability issues, and mitigate bottlenecks
• deliver deployment pipelines for model serving that require different infrastructures
• apply best practices and progressive delivery techniques to maintain a continuously operating production system
",3400.0,advanced,specialization,3 - 6 Months
meta back-end developer,meta,"['Python Programming', 'Databases', 'HTML and CSS', 'SQL', 'Database Design', 'Programming Principles', 'Algorithms', 'Computer Science', 'Big Data', 'React (web framework)', 'Software Testing', 'Web Development', 'Application Development', 'Back-End Web Development', 'Cloud API', 'Cloud Computing', 'Cloud Infrastructure', 'Collaboration', 'Communication', 'Computer Programming', 'Data Model', 'Data Structures', 'Data Warehousing', 'Database Administration', 'Database Application', 'Database Theory', 'DevOps', 'Django (Web Framework)', 'Front-End Web Development', 'Full-Stack Web Development', 'Javascript', 'Kubernetes', 'Linux', 'Problem Solving', 'Semantic Web', 'Software Engineering', 'Software Engineering Tools', 'Statistical Programming', 'Tensorflow', 'Web Design', 'Web Development Tools']",4.7,https://www.coursera.org/professional-certificates/meta-back-end-developer,56242.0,"ready to gain new skills and the tools developers use to create websites and web applications? this certificate, designed by the software engineering experts at  meta—the creators of facebook and instagram, will prepare you for an entry-level career as a back-end developer. 
in this program, you’ll learn:
python syntax—the most popular choice for machine learning, data science and artificial intelligence.
in-demand programming skills and how to confidently use code to solve problems. 
linux commands and git repositories to implement version control.
the world of data storage and databases using mysql, and how to craft sophisticated sql queries. 
django web framework and how the front-end consumes data from the rest apis. 
how to prepare for technical interviews for back-end developer roles.
any third-party trademarks and other intellectual property (including logos and icons) referenced in the learning experience remain the property of their respective owners. unless specifically identified as such, coursera’s use of third-party intellectual property does not indicate any relationship, sponsorship, or endorsement between coursera and the owners of these trademarks or other intellectual property.
applied learning project
throughout the program, you’ll engage in applied learning through hands-on activities to help level up your knowledge. at the end of each course, you’ll complete 10 micro-projects that will help prepare you for the next steps in your engineer career journey. 
in these projects, you’ll use a lab environment or a web application to perform tasks such as:   
solve problems using python code. 
manage a project in github using version control in git, git repositories and the linux terminal. 
design and build a simple django app. 
at the end of the program, there will be a capstone project where you will bring all of your knowledge together to create a django web app.
",6500.0,beginner,professional certificate,3 - 6 Months
intuit academy bookkeeping,intuit,"['Accounting', 'General Accounting', 'Financial Accounting', 'Business Analysis', 'Data Analysis', 'Financial Analysis', 'Cash Management', 'Finance', 'Financial Management', 'Accounts Payable and Receivable', 'Cost Accounting', 'Inventory Management', 'Accounting Software', 'Taxes']",4.6,https://www.coursera.org/professional-certificates/intuit-bookkeeping,468701.0,"explore the fascinating world of human physiology and learn about the body's organ systems, their functions, and how they maintain health. in this comprehensive course, you will:
- master key concepts in human physiology and homeostasis
- delve into the nervous, endocrine, cardiovascular, respiratory, and urinary systems
- examine the role of senses, muscles, gastrointestinal, and reproductive systems
- apply knowledge to real-life situations and medical conditions

this course is perfect for students, healthcare professionals, and anyone interested in human physiology and biology, building upon a basic understanding of human anatomy. this course is an excellent resource for mcat preparation or as a refresher for health professionals. 

as a bonus, enhance your learning with a unique immersive virtual reality (vr) experience, accessible on both vr and desktop platforms, that takes you on an incredible journey inside the human body. this course offers a captivating way to explore and understand complex physiological concepts, as you virtually shrink to navigate through blood vessels and then return to normal size to measure blood pressure. the course comes to life as an educational adventure.
",5000.0,beginner,professional certificate,3 - 6 Months
meta ios developer,meta,"['Mobile Development', 'Swift Programming', 'iOS Development', 'Computer Programming', 'Mobile Development Tools', 'React (web framework)', 'Application Development', 'Software Engineering', 'Data Structures', 'User Experience', 'User Experience Design', 'Web Development', 'Computer Programming Tools', 'Software Engineering Tools', 'Front-End Web Development', 'Algorithms', 'Computer Science', 'Interactive Design', 'Javascript', 'Collaboration', 'Communication', 'Data Management', 'Django (Web Framework)', 'Human Computer Interaction', 'Linux', 'Problem Solving', 'Product Design', 'Software Architecture', 'Web Design']",4.7,https://www.coursera.org/professional-certificates/meta-ios-developer,18200.0,"have you ever wanted to build outstanding mobile apps like facebook and instagram?
this professional certificate will teach you how to build applications for ios devices and start a new career as an ios developer. by the end of this program, you’ll be able to create and run a mobile app powered by ios operating systems.
in this program, you’ll learn:
essential ios programming concepts and the tools needed to develop applications 
create user interfaces (uis) for mobile apps using swiftui
manage the lifecycle and data collections of mobile applications 
work with web technologies and manage data on ios applications 
build an ios app 
create cross-platform applications using react native
prepare for technical interviews for ios developer roles
any third-party trademarks and other intellectual property (including logos and icons) referenced in the learning experience remain the property of their respective owners. unless specifically identified as such, coursera’s use of third-party intellectual property does not indicate any relationship, sponsorship, or endorsement between coursera and the owners of these trademarks or other intellectual property.
applied learning project
engage in hands-on activities and learn how to implement concepts through applied learning structures. 
create a protocol in swift 
build a ui for an application in swift 
develop a native ios mobile application 
in the final course, you will also complete a capstone project that will require you to utilize your new skillset by building an app. you can add this project to your portfolio and showcase your work during job interviews.  
",5300.0,beginner,professional certificate,3 - 6 Months
meta android developer,meta,"['Mobile Development', 'Computer Programming', 'React (web framework)', 'Mobile Development Tools', 'Application Development', 'Software Engineering', 'Android Development', 'Other Programming Languages', 'Web Development', 'User Experience', 'Algorithms', 'Computer Science', 'Front-End Web Development', 'Javascript', 'Programming Principles', 'Cloud API', 'Collaboration', 'Communication', 'Data Management', 'Data Structures', 'Databases', 'Human Computer Interaction', 'Interactive Design', 'Linux', 'Problem Solving', 'Product Design', 'Software Architecture', 'Software Engineering Tools', 'Swift Programming', 'Web Design']",4.6,https://www.coursera.org/professional-certificates/meta-android-developer,21100.0,"have you ever wanted to build your own mobile app? this certificate will teach you the top android programming languages and frameworks used for building apps like facebook and instagram, and how to create your own android application. 
in this program, you’ll learn:
essential android programming concepts and the tools needed to develop applications 
how to use the kotlin playground 
create user interfaces (ui) for mobile apps using android studio 
manage the lifecycle and data collections of mobile applications 
work with web technologies and persistent data on android applications 
describe best practices for designing the ui and experience for mobile applications 
create cross-platform applications using react native
prepare for technical interviews for android developer roles
any third-party trademarks and other intellectual property (including logos and icons) referenced in the learning experience remain the property of their respective owners. unless specifically identified as such, coursera’s use of third-party intellectual property does not indicate any relationship, sponsorship, or endorsement between coursera and the owners of these trademarks or other intellectual property.
applied learning project
you’ll engage in hands-on activities and build a project-based portfolio that you can show to recruiters and potential employers when interviewing. throughout each course, you’ll complete activities using use a lab environment or an application to perform tasks such as: 
design the ui using interface builder 
create simple ui using the layout editor 
build a native android mobile app 
in the final course, you will also complete a capstone project where you will create an android app. 
",5600.0,beginner,professional certificate,3 - 6 Months
prompt engineering for chatgpt,vanderbilt university,"['Creativity', 'Problem Solving', 'Writing']",4.8,https://www.coursera.org/learn/prompt-engineering,176842.0,"chatgpt and other large language models are going to be more important in your life and business than your smartphone, if you use them right. chatgpt can tutor your child in math, generate a meal plan and recipes, write software applications for your business, help you improve your personal cybersecurity, and that is just in the first hour that you use it. this course will teach you how to be an  expert user of these generative ai tools. the course will show amazing examples of how you can tap into these generative ai tools' emergent intelligence and reasoning, how you can use them to be more productive day to day, and give you insight into how they work.
large language models respond to instructions and questions posed by users in natural language statements, known as “prompts”. although large language models will disrupt many fields, most users lack the skills to write effective prompts. expert users, who understand how to write good prompts, are orders of magnitude more productive and can unlock significantly more creative uses for these tools. 

this course introduces students to the patterns and approaches for writing effective prompts for large language models.  anyone can take the course and the only required knowledge is basic computer usage skills, such as using a browser and accessing chatgpt. students will start with basic prompts and build towards writing sophisticated prompts to solve problems in any domain. by the end of the course, students will have strong prompt engineering skills and be capable of using large language models for a wide range of tasks in their job, business, personal life, and education, such as writing, summarization, game play, planning, simulation, and programming.
",2000.0,beginner,course,1 - 3 Months
play it safe: manage security risks,google,"['Audit', 'Leadership and Management', 'Risk Management']",4.8,https://www.coursera.org/learn/manage-security-risks,14514.0,"the past 15 years have been exciting ones in plant biology. hundreds of plant genomes have been sequenced, rna-seq has enabled transcriptome-wide expression profiling, and a proliferation of ""-seq""-based methods has permitted protein-protein and protein-dna interactions to be determined cheaply and in a high-throughput manner. these data sets in turn allow us to generate hypotheses at the click of a mouse or tap of a finger.the plant bioinformatics specialization on coursera introduces core bioinformatic competencies and resources, such as ncbi's genbank, blast, multiple sequence alignments, phylogenetics in bioinformatic methods i, followed by protein-protein interaction, structural bioinformatics and rna-seq analysis in bioinformatic methods ii. in plant bioinformatics we cover 33 plant-specific online tools from genome browsers to transcriptomic data mining to promoter/network analyses and others. last, a plant bioinformatics capstone uses these tools to hypothesize a biological role for a gene of unknown function, summarized in a written lab report.this specialization is useful to any modern plant molecular biologist wanting to get a feeling for the incredible scope of data available to researchers. a small amount of r programming is introduced in bioinformatic methods ii, but most of the tools are web applications. it is recommended that you have access to a laptop or desktop computer for running these as they may not work as mobile applications on your phone or tablet.
applied learning project
the plant bioinformatics specialization on coursera introduces core bioinformatic competencies and resources, such as ncbi's genbank, blast, multiple sequence alignments, phylogenetics in bioinformatic methods i, followed by protein-protein interaction, structural bioinformatics and rna-seq analysis in bioinformatic methods ii. in plant bioinformatics we cover 33 plant-specific online tools from genome browsers to transcriptomic data mining to promoter/network analyses and others. last, a plant bioinformatics capstone uses these tools to hypothesize a biological role for a gene of unknown function, summarized in a written lab report.
",4300.0,beginner,course,1 - 4 Weeks
ai for business,university of pennsylvania,"['Machine Learning', 'Machine Learning Algorithms', 'Applied Machine Learning', 'Data Analysis', 'Algorithms', 'Human Learning', 'Leadership and Management', 'Business Analysis', 'Decision Making', 'Human Resources', 'People Management', 'People Analysis', 'Artificial Neural Networks', 'Deep Learning', 'Business Transformation', 'Customer Analysis', 'Finance', 'Financial Accounting', 'Marketing', 'Probability & Statistics', 'Regulations and Compliance', 'Statistical Machine Learning', 'Strategy', 'User Experience', 'Big Data']",4.7,https://www.coursera.org/specializations/ai-for-business-wharton,13671.0,"this specialization will provide learners with the fundamentals of using big data, artificial intelligence, and machine learning and the various areas in which you can deploy them to support your business. you'll cover ethics and risks of ai, designing governance frameworks to fairly apply ai, and also cover people management in the fair design of hr functions within machine learning. you'll also learn effective marketing strategies using data analytics, and how personalization can enhance and prolong the customer journey and lifecycle. finally, you will hear from industry leaders who will provide you with insights into how ai and big data are revolutionizing the way we do business.
by the end of this specialization, you will be able to implement ethical ai strategies for people management and have a better understanding of the relationship between data analytics, artificial intelligence, and machine learning. you will leave this specialization with insight into how these tools can shape and influence how you manage your business. 
for additional reading, professor hosanagar's book ""a human’s guide to machine intelligence"" can be used as an additional resource,"". you can find professor hosanagar's book on his personal websiteopens in a new tab or at penguin randomhouseopens in a new tab.

applied learning project
each course module in this specialization culminates in an assessment, with two courses including peer-review exercises. these assessments are designed to check learners' knowledge and to provide an opportunity for learners to apply course concepts such as data analytics, machine learning tools, and people management best practices with ai algorithms.
the assessments will be cumulative and cover the application of artificial intelligence, ethical governance rules, big data management, the customer journey, fraud prevention, and personalization technology in order to develop and implement a successful ai strategy for your business.
",456000.0,beginner,specialization,3 - 6 Months
business and financial modeling,university of pennsylvania,"['Business Analysis', 'Data Analysis', 'Finance', 'General Statistics', 'Probability & Statistics', 'Financial Analysis', 'Statistical Analysis', 'Forecasting', 'Mathematics', 'Spreadsheet Software', 'Statistical Tests', 'Basic Descriptive Statistics', 'Data Model', 'Mathematical Theory & Analysis', 'Risk Management', 'Correlation And Dependence', 'Probability Distribution', 'Decision Making', 'Investment Management', 'Accounting', 'Leadership and Management', 'Regression', 'Financial Accounting', 'Microsoft Excel', 'Performance Management', 'Cash Management', 'General Accounting', 'Computer Programming']",4.5,https://www.coursera.org/specializations/wharton-business-financial-modeling,17159.0,"we are surrounded by so much discussion of sustainability that it can sometimes become overwhelming. important questions include: what role can business have in ensuring the sustainability of the planet? how should business work with society to preserve the environment? these questions will be answered in this course as we explore the meaning of sustainability and its impact on modern organisations as they move to circular ideas to reduce waste, increase recycling and become fit for our modern society. in the course you will not only learn about the role of business in sustainability, but also your own personal contribution. 
in addition to environmental issues we will also reflect on how employees are pressuring firms to see themselves as a positive part of the wider society. the specific topics we will cover include: paris climate accord, carbon footprint, the circular economy, reverse logistics, recycling strategies, right to repair, corporate social responsibility, bottom of the pyramid and developing economies, and fair trade business models. by the end of the course, your understanding of sustainability and business's relationship with society will have increased considerably. you will develop new skills in research and analysis and will have lots of new ideas to take away with you and apply in your own organisation and your own working life.
",11000.0,beginner,specialization,3 - 6 Months
foundations of user experience (ux) design,google,"['User Experience', 'User Experience Design', 'User Research', 'Product Development']",4.8,https://www.coursera.org/learn/foundations-user-experience-design,63452.0,"the foundations of teaching for learning programme is for anyone who is teaching, or who would like to teach, in any subject and any context - be it at school, at home or in the workplace. with dynamic lessons taught by established and respected professionals from across the commonwealth, this eight course programme will see you develop and strengthen your skills in teaching, professionalism, assessment, and more. as you carry on through the programme, you will find yourself strengthening not only your skills, but your connection with colleagues across the globe. a professional development opportunity not to be missed. 
this introductory course considers the three domains of being a teacher:  professional knowledge and understanding; professional practice; and professional values, relationships and engagement.

enhance your course by joining the commonwealth teaching community on our website, facebook and twitter.
",61000.0,beginner,course,1 - 4 Weeks
google business intelligence,google,"['Business Intelligence', 'Data Analysis', 'Data Management', 'Data Model', 'Data Visualization', 'Extract', 'Transform', 'Load', 'Leadership and Management', 'Tableau Software']",4.7,https://www.coursera.org/professional-certificates/google-business-intelligence,54602.0,"get professional training designed by google and take the next step in your career with advanced data analytics skills. there are over 144,000 open jobs in advanced data analytics and the median salary for entry-level roles is $118,000.¹ 
advanced data professionals are responsible for collecting, analyzing, and interpreting extremely large amounts of data. these jobs require manipulating large data sets and using advanced analytics including machine learning, predictive modeling, and experimental design. 
this certificate builds on your data analytics skills and experience to take your career to the next level. it's designed for graduates of the google data analytics certificateopens in a new tab or people with equivalent data analytics experience. expand your knowledge with practical, hands-on projects, featuring jupyter notebook, python, and tableau.
after seven courses, you’ll be prepared for jobs like senior data analyst, junior data scientist, data science analyst, and more. at under 10 hours a week, the certificate program can be completed in less than six months. upon completion, you can apply for jobs with google and over 150 u.s. employers, including deloitte, target, and verizon.
75% of certificate graduates report a positive career outcome (e.g., new job, promo or raise) within six months of completion2
¹lightcast™ us job postings (last 12 months: 1/1/2022 – 12/31/2022) 
2based on program graduate survey, united states 2022

applied learning project
this program includes over 200 hours of instruction and hundreds of practice-based assessments, which will help you simulate real-world advanced data analytics scenarios that are critical for success in the workplace. the content is highly interactive and exclusively developed by google employees with decades of experience in advanced data analytics and data science. through a mix of videos, assessments, and hands-on labs, you’ll get introduced to advanced data analytics tools and platforms and key technical skills required for an advanced role.
platforms and tools you will learn include: jupyter notebook, python, tableau
in addition to expert training and hands-on projects, you'll complete a capstone project that you can share with potential employers to showcase your new skill set. learn concrete skills that top employers are hiring for right now.
",1100.0,advanced,professional certificate,3 - 6 Months
meta database engineer,meta,"['SQL', 'Databases', 'Statistical Programming', 'Python Programming', 'Database Design', 'Programming Principles', 'Algorithms', 'Computer Science', 'Big Data', 'Software Testing', 'Application Development', 'Collaboration', 'Communication', 'Computer Programming', 'Data Analysis', 'Data Management', 'Data Model', 'Data Structures', 'Data Warehousing', 'Database Administration', 'Database Application', 'Database Theory', 'Django (Web Framework)', 'Javascript', 'Linux', 'Problem Solving', 'Project Management', 'Software Engineering', 'Software Engineering Tools', 'Tableau Software', 'Tensorflow', 'Web Development']",4.6,https://www.coursera.org/professional-certificates/meta-database-engineer,36481.0,"want to get started in the world of database engineering? this program is taught by industry-recognized experts at meta. you’ll learn the key skills required to create, manage and manipulate databases, as well as industry-standard programming languages and software such as sql, python, and django used for supporting outstanding websites and apps like facebook, instagram and more.
in this program, you’ll learn:
core techniques and methods to structure and manage databases. 
advanced techniques to write database driven applications and advanced data modeling concepts. 
mysql database management system (dbms) and data creation, querying and manipulation.
how to code and use python syntax
how to prepare for technical interviews for database engineer roles.
any third-party trademarks and other intellectual property (including logos and icons) referenced in the learning experience remain the property of their respective owners. unless specifically identified as such, coursera’s use of third-party intellectual property does not indicate any relationship, sponsorship, or endorsement between coursera and the owners of these trademarks or other intellectual property.
applied learning project
you’ll complete a series of 5 projects in which you will demonstrate your proficiency in different aspects of database engineering. 
you’ll demonstrate your skills with database normalization by structuring your own relational database by defining relationships between entities and developing relational schema. 
this is followed by a stored procedure project in which you’ll demonstrate your competency in sql automation by writing a stored procedure to solve real world problems. after developing your skills in python, you’ll create a python application to administer a mysql database and program its interactions with clients. 
in the next project, you are required to apply data modeling to a real-world project by enacting advanced data modeling concepts such as automation, storage and optimization. 
finally, you’ll be tasked with creating a mysql database solution for an app by drawing on the knowledge and skills that they have gained throughout the program.
",4800.0,beginner,professional certificate,3 - 6 Months
project initiation: starting a successful project,google,"['Project Management', 'Strategy and Operations', 'Collaboration', 'Communication', 'Leadership and Management', 'Planning']",4.8,https://www.coursera.org/learn/project-initiation-google,548356.0,"this is the second course in the google project management certificate program. this course will show you how to set a project up for success in the first phase of the project life cycle: the project initiation phase. in exploring the key components of this phase, you’ll learn how to define and manage project goals, deliverables, scope, and success criteria. you’ll discover how to use tools and templates like stakeholder analysis grids and project charters to help you set project expectations and communicate roles and responsibilities. current google project managers will continue to instruct and provide you with hands-on approaches for accomplishing these tasks while showing you the best project management tools and resources for the job at hand.
learners who complete this program should be equipped to apply for introductory-level jobs as project managers. no previous experience is necessary.

by the end of this course, you will be able to: 
- understand the significance of the project initiation phase of the project life cycle. 
- describe the key components of the project initiation phase. 
- determine a project’s benefits and costs.
- define and create measurable project goals and deliverables. 
- define project scope and differentiate among tasks that are in-scope and out-of-scope. 
- understand how to manage scope creep to avoid impacting project goals.
- define and measure a project’s success criteria. 
- complete a stakeholder analysis and explain its significance.
- utilize raci charts to define and communicate project team member responsibilities.
- understand the key components of project charters and develop a project charter for project initiation.
- evaluate various project management tools to meet project needs.
",18000.0,beginner,course,1 - 4 Weeks
ask questions to make data-driven decisions,google,"['Business Communication', 'Data Analysis', 'Spreadsheet Software', 'Big Data', 'Communication', 'Leadership and Management', 'Problem Solving', 'Small Data']",4.7,https://www.coursera.org/learn/ask-questions-make-decisions,35382.0,"today cultural institutions are facing important dilemmas in many aspects of their management. over the past decades, a new figure has emerged that of the art manager. 
imagine you went to work every day to connect artists with audiences, vision with reality, and money with a mission. that is what managers in the arts do, they play an essential role in transforming the minds, lives, and communities through creative expression.
	
this course has been conceptualized to address the need of skills and techniques to help professionals and managers in running art and cultural institutions. 

learning objectives
there are three objectives to this course. first, we will approach the biggest issue cultural institutions face, the coexistence of managers and curators and giving evidence as to when, how, and why they can get along. second, we will focus on some contemporary facets on what is means to manage a cultural institution and what cultural managers should expect and be able to face. and lastly, we will provide models and tools to design and implement appropriate courses of action to satisfy customers (visitors and audiences) and build an advantage over the competition.

course structure
the course is divided into six sections. five sections are dedicated to specific aspects and themes of managing cultural institutions, while the sixth section is dedicated to individual interviews of prominent cultural institution managers on specific topics. the involvement of professionals and managers gives an incredible value to the learning experience of this course. 

each module is paired with a quiz and discussion forums to reflect on the variety of the heritage management, its complexity, and the power of the network that we will build together during the course.
successful completion of the quizzes is required for a course certificate as explained in the grading policy page.

if you love art and want to make an impact in this unique and fantastic sector, this course will support you in understanding the peculiarities of this sector and how to leverage on its tools to make a bigger impact.

look forward to meeting you online!

acknowledgements:

vatican museums: www.museivaticani.va
cenacolo vinciano: 
www.beniculturali.it/mibac/export/mibac/sito-mibac/contenuti/mibacunif/eventi/visualizza_asset.html_1283837989.html (ita)
fai (fondo ambiente italiano): eng.fondoambiente.it
muve (fondazione musei civici venezia): www.visitmuve.it
the national trust: www.nationaltrust.org.uk
the archeological site of paestum: www.museopaestum.beniculturali.it   whc.unesco.org/en/list/842
museo dell'opera del duomo (florence): www.museumflorence.com
museo del violino: www.museodelviolino.org
_________________________________
disclaimer - since some of the videos are conducted with those whose native language is not english, we have decided to sometimes preserve their more emphatic speech to keep a tighter match between the audio and subtitles.
",29000.0,beginner,course,1 - 4 Weeks
microsoft 365 fundamentals,microsoft,"['Visual Design', 'Communication', 'Microsoft Excel', 'Data Visualization', 'Interactive Data Visualization', 'Spreadsheet Software', 'Computer Graphics', 'Critical Thinking', 'Data Analysis', 'Visualization (Computer Graphics)', 'Collaboration', 'User Experience', 'Computer Graphic Techniques', 'Research and Design', 'Statistical Visualization', 'User Experience Design', 'Writing', 'Basic Descriptive Statistics', 'Data Analysis Software', 'Graphic Design', 'Databases', 'General Accounting', 'Marketing Design', 'Product Design', 'Software Engineering Tools']",4.7,https://www.coursera.org/specializations/microsoft-365-fundamentals,67979.0,"this specialization is intended to help all novice computer users get up to speed with microsoft 365 quickly. it covers different features of the interface, shows you how to perform basic tasks, and introduces you to the most important tools in word, powerpoint, and excel.

this program will help you to become familiar with the apps and services included in a microsoft 365 subscription. you will improve your word processing, spreadsheet, and presentation skills to take your productivity to the next level. you will learn how to work smarter and more collaboratively with the latest intelligent features of office 365.

by the end of this program of courses, you will be ready to take and sign-up for the mo-100: microsoft word (word and word 2019), mo-200: microsoft excel (excel and excel 2019), and mo-300: microsoft powerpoint (powerpoint and powerpoint 2019).

applied learning project
as a learner, you will engage in hands-on activities throughout this program that offer opportunities to practice and implement what you are learning. you will also have the opportunity to complete projects that create artifacts that will be useful to you in your personal and professional life. 
for example, you will use word to create a professional-looking resumé, analyze data and present a report with excel, and create a presentation with powerpoint on a topic that interests you to demonstrate your skills in this area.
",2800.0,beginner,specialization,3 - 6 Months
microsoft cybersecurity analyst,microsoft,"['Cloud Computing', 'Computer Architecture', 'Data Management', 'Leadership and Management', 'Microsoft Azure', 'Network Security', 'Operating Systems', 'System Security']",4.8,https://www.coursera.org/professional-certificates/microsoft-cybersecurity-analyst,31727.0,"learners who complete this program will receive a 50% discount voucher to take the sc-900 certification exam. 
organizations rely on cybersecurity experts to protect themselves from threats, but nearly 60% report security talent shortages.1 prepare for a new career in this high-demand field with professional training from microsoft — an industry-recognized leader in cybersecurity.
the role of a cybersecurity analyst includes monitoring networks for vulnerabilities or potential threats, mitigating attacks on the network infrastructures, and implementing strategies for data protection. with 95% of fortune 500 companies using azure, it’s critical for cybersecurity professionals to learn to protect data within an azure environment.2
through a mix of videos, assessments, and hands-on activities, you’ll learn cybersecurity concepts and how they apply to a business environment, discuss threat mitigation strategies from an enterprise perspective, apply effective cybersecurity policy measures within an azure environment, & practice on tools like ms defender, azure active directory & more.
when you graduate, you’ll have tangible examples to talk about in job interviews and you’ll also be prepared to take the microsoft sc-900 certification exam.
1mckinsey & company, securing your organization to reduce cyber risk (june 2022)
2microsoft azure, microsoft azure:the only consistent, comprehensive hybrid cloud (sept 2018)

applied learning project
this program has been uniquely mapped to key job skills required in cybersecurity analyst roles. in each course, you’ll be able to consolidate what you have learned by completing a capstone project that simulates real-world cybersecurity scenarios. you’ll also complete a final capstone project where you’ll create your own cybersecurity proposal for the creation and protection of a business network and infrastructure. the projects will include practicing on:
a real-world scenario focused on penetration testing, building configuration, and testing strategy for white box testing of a penetration test on virtual networks.
a real-world capstone project that enables you to demonstrate your cybersecurity analyst skills. 
to round off your learning, you’ll take a mock exam that has been set up in a similar style to the industry-recognized microsoft exam sc-900: microsoft security, compliance, and identity fundamentals.  
",711000.0,beginner,professional certificate,3 - 6 Months
advanced learning algorithms,deeplearning.ai,"['Applied Machine Learning', 'Machine Learning', 'Machine Learning Algorithms', 'Algorithms', 'Artificial Neural Networks', 'Deep Learning', 'Network Model', 'Tensorflow', 'Machine Learning Software', 'Python Programming']",4.9,https://www.coursera.org/learn/advanced-learning-algorithms,173009.0,"in the second course of the machine learning specialization, you will:
• build and train a neural network with tensorflow to perform multi-class classification
• apply best practices for machine learning development so that your models generalize to data and tasks in the real world
• build and use decision trees and tree ensemble methods, including random forests and boosted trees

the machine learning specialization is a foundational online program created in collaboration between deeplearning.ai and stanford online. in this beginner-friendly program, you will learn the fundamentals of machine learning and how to use these techniques to build real-world ai applications. 

this specialization is taught by andrew ng, an ai visionary who has led critical research at stanford university and groundbreaking work at google brain, baidu, and landing.ai to advance the ai field.

this 3-course specialization is an updated and expanded version of andrew’s pioneering machine learning course, rated 4.9 out of 5 and taken by over 4.8 million learners since it launched in 2012. 

it provides a broad introduction to modern machine learning, including supervised learning (multiple linear regression, logistic regression, neural networks, and decision trees), unsupervised learning (clustering, dimensionality reduction, recommender systems), and some of the best practices used in silicon valley for artificial intelligence and machine learning innovation (evaluating and tuning models, taking a data-centric approach to improving performance, and more.)

by the end of this specialization, you will have mastered key theoretical concepts and gained the practical know-how to quickly and powerfully apply machine learning to challenging real-world problems. if you’re looking to break into ai or build a career in machine learning, the new machine learning specialization is the best place to start.
",4300.0,beginner,course,1 - 4 Weeks
become a cbrs certified professional installer by google,google - spectrum sharing,"['Communication', 'SAS (Software)', 'Regulations and Compliance', 'Systems Design', 'System Security', 'Network Architecture', 'Process Analysis', 'Training', 'Decision Making', 'Operating Systems']",4.6,https://www.coursera.org/learn/google-cbrs-cpi-training,9008.0,"this specialization is intended for all learners seeking to develop proficiency in statistics, bayesian statistics, bayesian inference, r programming, and much more. through four complete courses (from concept to data analysis; techniques and models; mixture models; time series analysis) and a culminating project, you will cover bayesian methods — such as conjugate models, mcmc, mixture models, and dynamic linear modeling — which will provide you with the skills necessary to perform analysis, engage in forecasting, and create statistical models using real-world data.
applied learning project
this specialization trains the learner in the bayesian approach to statistics, starting with the concept of probability all the way to the more complex concepts such as dynamic linear modeling. you will learn about the philosophy of the bayesian approach as well as how to implement it for common types of data, and then dive deeper into the analysis of time series data.
the courses in this specialization combine lecture videos, computer demonstrations, readings, exercises, and discussion boards to create an active learning experience, while the culminating project is an opportunity for the learner to demonstrate a wide range of skills and knowledge in bayesian statistics and to apply what you know to real-world data. you will review essential concepts in bayesian statistics, learn and practice data analysis using r (an open-source, freely available statistical package), perform a complex data analysis on a real dataset, and compose a report on your methods and results.


",189000.0,all_levels,course,1 - 3 Months
financial markets,yale university,"['Finance', 'Investment Management', 'Risk Management', 'Banking', 'Behavioral Economics', 'Critical Thinking', 'Decision Making', 'Financial Analysis', 'Innovation', 'Regulations and Compliance', 'Leadership and Management']",4.8,https://www.coursera.org/learn/financial-markets-global,17578.0,"this specialization is intended for aspiring learners and professionals seeking to hone their skills in the quantitative finance area. through a series of 5 courses, we will cover derivative pricing, asset allocation, portfolio optimization as well as other applications of financial engineering such as real options, commodity and energy derivatives and algorithmic trading. those financial engineering topics will prepare you well for resolving related problems, both in the academic and industrial worlds.

applied learning project
learners will apply the knowledge and skills to various problems in the financial engineering area, including pricing derivatives of futures, equities, interest rates, and credit, conducting delta hedging, mean-variance portfolio construction, model fitting and optimization.

",26000.0,beginner,course,1 - 3 Months
hrci human resource associate,hrci,"['Benefits', 'Compensation', 'Employee Relations', 'Mergers & Acquisitions', 'Performance Management', 'Recruitment', 'Risk Management', 'Training']",4.8,https://www.coursera.org/professional-certificates/hrci-human-resource-associate,349644.0,"graphic design is all around us, in a myriad of forms, both on screen and in print, yet it is always made up of images and words to create a communication goal. this four-course sequence exposes students to the fundamental skills required to make sophisticated graphic design: process, historical context, and communication through image-making and typography. the sequence is completed by a capstone project that applies the skills of each course and peer feedback in a finished branding project suitable for a professional portfolio.
the goal of this specialization is to equip learners with a set of transferable formal and conceptual tools for “making and communicating” in the field of graphic design. this core skill set will equip learners for formal studies in graphic design, and a starting point for further work in interface design, motion graphics, and editorial design.
",445000.0,beginner,professional certificate,3 - 6 Months
excel skills for business,macquarie university,"['Spreadsheet Software', 'Business Analysis', 'Microsoft Excel', 'Data Analysis', 'Plot (Graphics)', 'Data Visualization', 'Data Model', 'Databases', 'Finance', 'Leadership and Management']",4.9,https://www.coursera.org/specializations/excel,203729.0,"everyday parenting gives you access to a toolkit of behavior-change techniques that will make your typical day in the home easier as you develop the behaviors you would like to see in your child. the lessons provide step-by-step instructions and demonstrations to improve your course of action with both children and adolescents.  among many techniques, you will learn how even simple modifications to tone of voice and phrasing can lead to more compliance.  the course will also shed light on many parenting misconceptions and ineffective strategies that are routinely used.
the key to the course is practice. it is not enough to know the strategies; you have to do them to reap the rewards. using the techniques on a temporary basis will lead to permanent change. 

chances are your parenting is perfectly fine and working the way you would like.  but if you have any frustrations with your child or would like improve your effectiveness in changing your child’s behavior, these videos will be a very useful guide.

subtitles available in chinese and spanish.
",59000.0,beginner,specialization,3 - 6 Months
the bits and bytes of computer networking,google,"['Computer Networking', 'Network Architecture', 'Network Model', 'Networking Hardware', 'Network Analysis', 'Critical Thinking', 'Problem Solving', 'Computer Architecture', 'Human Computer Interaction', 'Network Security', 'Cloud Computing']",4.7,https://www.coursera.org/learn/computer-networking,684788.0,"this course is designed to provide a full overview of computer networking. we’ll cover everything from the fundamentals of modern networking technologies and protocols to an overview of the cloud to practical applications and network troubleshooting. 
by the end of this course, you’ll be able to:
● describe computer networks in terms of a five-layer model
● understand all of the standard protocols involved with tcp/ip communications
● grasp powerful network troubleshooting tools and techniques
● learn network services like dns and dhcp that help make computer networks run
● understand cloud computing, everything as a service, and cloud storage
",47000.0,beginner,course,1 - 3 Months
ibm machine learning,ibm,"['Machine Learning', 'Machine Learning Algorithms', 'Human Learning', 'Statistical Machine Learning', 'Data Analysis', 'Probability & Statistics', 'Applied Machine Learning', 'Algorithms', 'Forecasting', 'Statistical Analysis', 'Regression', 'Deep Learning', 'General Statistics', 'Python Programming', 'Machine Learning Software', 'Artificial Neural Networks', 'Exploratory Data Analysis', 'Feature Engineering', 'Correlation And Dependence', 'Dimensionality Reduction', 'Statistical Tests', 'Probability Distribution', 'Reinforcement Learning', 'Basic Descriptive Statistics', 'Network Model', 'Tensorflow']",4.6,https://www.coursera.org/professional-certificates/ibm-machine-learning,22376.0,"prepare for a career in the field of machine learning. in this program, you’ll learn in-demand skills like ai and machine learning to get job-ready in less than 3 months.
machine learning is the use and development of computer systems that are able to learn and adapt by using algorithms and statistical models to analyze and draw inferences from patterns in data. machine learning is a branch of artificial intelligence (ai) where computers are taught to imitate human intelligence in that they solve complex tasks. roles available to those proficient in machine learning include machine learning engineer, nlp scientist, and data engineer.
this program consists of courses that provide you with a solid theoretical understanding and considerable practice of the main algorithms, uses, and best practices related to machine learning. topics covered include supervised and unsupervised learning, regression, classification, clustering, deep learning and reinforcement learning.
you will follow along and code your own projects using some of the most relevant open-source frameworks and libraries, and you will apply what you have learned in various courses by completing a final capstone project. 
upon completion, you’ll have a portfolio of projects and a professional certificate from ibm to showcase your expertise. you’ll also earn an ibm digital badge and will gain access to career resources to help you in your job search, including mock interviews and resume support. 
applied learning project
this professional certificate has a strong emphasis on developing the real-world skills that help you advance a career in machine learning and deep learning. all the courses include a series of hands-on labs and final projects that help you focus on a specific project that interests you. throughout this professional certificate, you will gain exposure to a series of tools, libraries, cloud services, datasets, algorithms, assignments, and projects that will provide you with practical skills to use on machine learning jobs. 
these skills include:
tools: jupyter notebooks and watson studio
libraries: pandas, numpy, matplotlib, seaborn, ipython-sql, scikit-learn, scippy, keras, and tensorflow.
algorithms: supervised and unsupervised learning, regression, classification, clustering, linear regression, ridge regression, machine learning (ml) algorithms, decision tree, ensemble learning, survival analysis, k-means clustering, dbscan, dimensionality reduction
",2000.0,intermediate,professional certificate,3 - 6 Months
indigenous canada,university of alberta,['Critical Thinking'],4.8,https://www.coursera.org/learn/indigenous-canada,572934.0,"indigenous canada is a 12-lesson massive open online course (mooc) from the faculty of native studies that explores the different histories and contemporary perspectives of indigenous peoples living in canada. from an indigenous perspective, this course explores complex experiences indigenous peoples face today from a historical and critical perspective highlighting national and local indigenous-settler relations. topics for the 12 lessons include the fur trade and other exchange relationships, land claims and environmental impacts, legal systems and rights, political conflicts and alliances, indigenous political activism, and contemporary indigenous life, art and its expressions.
",22000.0,all_levels,course,1 - 3 Months
connect and protect: networks and network security,google,"['Network Security', 'Cloud Computing', 'Network Architecture']",4.8,https://www.coursera.org/learn/networks-and-network-security,26028.0,"this specialization takes a critical look at digital advertising tactics for small business. students will learn how to generate and launch ad campaigns on small budgets with limited-to-no design skills. these courses include: 1) search (google ads), 2) social media (facebook, instagram and twitter) and 3) native advertising (taboola). students who complete our search course will also gain a résumé credential through the official google ads search certification and a certification through programmatic advertising leader, the trade desk.
",2400.0,beginner,course,1 - 4 Weeks
preparing for google cloud certification: cloud architect,google cloud,"['Google Cloud Platform', 'Cloud Computing', 'Cloud Applications', 'Cloud Engineering', 'Cloud Platforms', 'Cloud Infrastructure', 'Cloud Management', 'Cloud Storage', 'Other Cloud Platforms and Tools', 'Cloud-Based Integration', 'Computer Networking', 'DevOps', 'Google App Engine', 'Computer Architecture', 'Cross Platform Development', 'Kubernetes', 'Billing & Invoicing', 'Computer Security Models', 'Critical Thinking', 'Network Architecture', 'Network Analysis', 'Computer Programming', 'Operational Analysis', 'Software Testing', 'Leadership and Management']",4.7,https://www.coursera.org/professional-certificates/gcp-cloud-architect,50502.0,"google cloud professional cloud architect certification was ranked #2 on global knowledge's list of 15 top-paying certifications in 2021opens in a new tab! enroll now! to prepare!
this program provides the skills you need to advance your career in cloud architecture and provides a pathway to earn the industry-recognized google cloud professional cloud architect certification. you'll deploy solution elements, including infrastructure components such as networks, systems and applications services, and you'll gain real world experience through hands-on qwiklabs projects that you can share with potential employers.
you'll also have the opportunity to practice key job skills, including case analysis, identifying technical watchpoints, and developing proposed solutions. test your basic abilities with activity tracking challenge labs. for learners looking to get certified, this program will provide sample questions similar to those on the exam, including solutions and practice exam quizzes that simulate the exam-taking experience.
upon successful completion of this program, you will earn a certificate of completion to share with your professional network and potential employers. if you'd like to earn your google cloud certification, you will need to register for and pass the certification exam. please note that this program helps equip you with the skills you need to take the certification exam, but the certification and certification fee is not included in the cost of this training program.
applied learning project
this professional certificate incorporates hands-on labs using our qwiklabs platform.
these hands on components will let you apply the skills you learn in the video lectures. projects will incorporate topics such as google cloud platform products, which are used and configured within qwiklabs. you can expect to gain practical hands-on experience with the concepts explained throughout the modules.
",58000.0,intermediate,professional certificate,3 - 6 Months
neural networks and deep learning,deeplearning.ai,"['Artificial Neural Networks', 'Deep Learning', 'Machine Learning', 'Machine Learning Algorithms', 'Python Programming', 'Computational Logic', 'Computer Programming', 'Network Architecture', 'Network Model', 'Calculus', 'Human Learning', 'Regression', 'Mathematics']",4.9,https://www.coursera.org/learn/neural-networks-deep-learning,38677.0,"this specialization gives participants broad study of core infrastructure and networking options on google cloud platform. through recorded lectures, demonstrations, and hands-on labs, participants explore and deploy gcp networking technologies, such as google virtual private cloud (vpc) networks, subnets, firewalls; interconnection among networks; load balancing; cloud dns; cloud cdn. the specialization will also cover common network design patterns and automated deployment using deployment manager.
this class is intended for the following participants:
● network engineers and admins who are either using google cloud platform or are planning to do so
● individuals who want to be exposed to software-defined networking solutions in the cloud.
to get the most out of this course, participants should have:
*prior understanding of the osi 7-layer model
*prior understanding of ipv4 addressing
*prior experience with managing ipv4 routes
applied learning project
this specialization incorporates hands-on labs using our qwiklabs platform.
these hands on components will let you apply the skills you learn in the video lectures. projects will incorporate topics such as google cloud platform products, which are used and configured within qwiklabs. you can expect to gain practical hands-on experience with the concepts explained throughout the modules.
",120000.0,intermediate,course,1 - 4 Weeks
business analytics,university of pennsylvania,"['Data Analysis', 'Business Analysis', 'Probability & Statistics', 'Statistical Analysis', 'Leadership and Management', 'Strategy and Operations', 'Basic Descriptive Statistics', 'Exploratory Data Analysis', 'Financial Analysis', 'Forecasting', 'Data Model', 'Mathematics', 'Performance Management', 'Strategy', 'Accounting', 'Customer Analysis', 'Human Resources', 'Human Resources Operations', 'Market Analysis', 'Market Research', 'Marketing', 'Mathematical Theory & Analysis', 'Operations Management', 'Operations Research', 'Organizational Development', 'People Analysis', 'People Management', 'Spreadsheet Software', 'Talent Management', 'Financial Accounting', 'Collaboration', 'Finance', 'Regulations and Compliance']",4.6,https://www.coursera.org/specializations/analytics,11461.0,"with more companies leveraging software that runs on the cloud, there is a growing need to find and hire individuals with the skills needed to build solutions on a variety of cloud platforms. employers agree: cloud talent is hard to find. this specialization is designed to address the cloud talent gap by providing training to anyone interested in developing the job-ready, pragmatic skills needed for careers that leverage cloud-native technologies.
in the first course, you will learn how to build foundational cloud computing infrastructure, including websites involving serverless technology and virtual machines, using the best practices of devops. the second course will teach you how to build effective microservices using technologies like flask and kubernetes that are continuously deployed to a cloud platform: amazon web services (aws), azure or google cloud platform (gcp). the third course begins to put together all of the cloud concepts introduced in the first two courses to tackle more complex data engineering solutions. and finally, in the fourth course you will apply machine learning engineering to build a flask web application that serves out machine learning predictions.
applied learning project
each course concludes with a real-world project where you have an opportunity to build a cloud-native solution. for each cloud solution that you develop, you will also create a demo video and github repository of code that can be showcased in your digital portfolio for employers. by the end of this specialization, you will be well-equipped to begin designing cloud-native data engineering and machine learning solutions. 
",18000.0,beginner,specialization,3 - 6 Months
preparing for google cloud certification: cloud engineer,google cloud,"['Cloud Computing', 'Google Cloud Platform', 'Cloud Platforms', 'Cloud Applications', 'Cloud Engineering', 'Cloud Storage', 'Cloud Infrastructure', 'Cloud Management', 'Computer Networking', 'Cloud-Based Integration', 'Computer Architecture', 'Google App Engine', 'Other Cloud Platforms and Tools', 'Cross Platform Development', 'DevOps', 'Kubernetes', 'Network Architecture', 'Computer Programming', 'Billing & Invoicing', 'Data Analysis', 'Leadership and Management']",4.7,https://www.coursera.org/professional-certificates/cloud-engineering-gcp,46038.0,"this program provides the skills you need to advance your career in cloud architecture and provides a pathway to earn the industry-recognized google cloud associate cloud engineer certification. through a combination of presentations, demos, and labs, you'll explore and deploy solution elements, including infrastructure components such as networks, systems and applications services; and you'll gain real world experience through a number of hands-on qwiklabs projects that you can share with potential employers.
you'll also have the opportunity to practice key job skills, such as setting up a cloud environment and configuring and deploying a solution in the cloud. for learners looking to get certified, this program will also provide sample questions similar to those on the exam, including solutions and practice exam quizzes that simulates the exam-taking experience.
upon successful completion of this program, you will earn a certificate of completion to share with your professional network and potential employers. if you'd like to earn your google cloud certification, you will need to register for and pass the certification exam. please note that this program helps equip you with the skills you need to take the certification exam, but the certification and certification fee is not included in the cost of this training program.
applied learning project
this professional certificate incorporates hands-on labs using our qwiklabs platform.
these hands on components will let you apply the skills you learn in the video lectures. projects will incorporate topics such as google cloud platform products, which are used and configured within qwiklabs. you can expect to gain practical hands-on experience with the concepts explained throughout the modules.
",58000.0,intermediate,professional certificate,3 - 6 Months
ibm introduction to machine learning,ibm,"['Machine Learning', 'Machine Learning Algorithms', 'Algorithms', 'Statistical Machine Learning', 'Human Learning', 'Probability & Statistics', 'Applied Machine Learning', 'Data Analysis', 'Regression', 'General Statistics', 'Python Programming', 'Feature Engineering', 'Machine Learning Software', 'Exploratory Data Analysis', 'Dimensionality Reduction', 'Statistical Analysis', 'Probability Distribution', 'Statistical Tests', 'Basic Descriptive Statistics']",4.6,https://www.coursera.org/specializations/ibm-intro-machine-learning,7705.0,"machine learning skills are becoming more and more essential in the modern job market. in 2019, machine learning engineer was ranked as the #1 job in the united states, based on the incredible 344% growth of job openings in the field between 2015 to 2018, and the role’s average base salary of $146,085 (indeedopens in a new tab). 
this four-course specialization will help you gain the introductory skills to succeed in an in-demand career in machine learning and data science. after completing this program, you’ll be able to realize the potential of machine learning algorithms and artificial intelligence in different business scenarios. you’ll be able to identify when to use machine learning to explain certain behaviors and when to use it to predict future outcomes. you’ll also learn how to evaluate your machine learning models and to incorporate best practices. 
by the end of this program, you will have developed concrete machine learning skills to apply in your workplace or career search, as well as a portfolio of projects demonstrating your proficiency. in addition to receiving a certificate from coursera, you'll also earn an ibm badgeopens in a new tab to help you share your accomplishments with your network and potential employer.
you can also leverage the learning from the program to complete the remaining two courses of the six-course ibm machine learning professional certificateopens in a new tab and power a new career in the field of machine learning. 
applied learning project
in this program, you’ll complete hands-on projects designed to develop your analytical and machine learning skills. you’ll also produce a summary of your insights from each project using data analysis skills, in a similar way as you would in a professional setting, including producing a final presentation to communicate insights to fellow machine learning practitioners, stakeholders, c-suite executives, and chief data officers.
you are highly encouraged to compile your completed projects into an online portfolio that showcases the skills learned in this specialization.
",1900.0,intermediate,specialization,3 - 6 Months
modern project management,skillup edtech,"['Business Analysis', 'Communication', 'Leadership and Management', 'Project Management', 'Risk Management']",4.6,https://www.coursera.org/specializations/skillup-edtech-modern-project-management,195766.0,"we live in a complex world with diverse people, firms, and governments whose behaviors aggregate to produce novel, unexpected phenomena. we see political uprisings, market crashes, and a never ending array of social trends. how do we make sense of it? models. evidence shows that people who think with models consistently outperform those who don't. and, moreover people who think with lots of models outperform people who use only one. why do models make us better thinkers? models help us to better organize information - to make sense of that fire hose or hairball of data (choose your metaphor) available on the internet. models improve our abilities to make accurate forecasts. they help us make better decisions and adopt more effective strategies. they even can improve our ability to design institutions and procedures. in this class, i present a starter kit of models: i start with models of tipping points. i move on to cover models explain the wisdom of crowds, models that show why some countries are rich and some are poor, and models that help unpack the strategic decisions of firm and politicians. 
the models covered in this class provide a foundation for future social science classes, whether they be in economics, political science, business, or sociology. mastering this material will give you a huge leg up in advanced courses. they also help you in life. here's how the course will work. for each model, i present a short, easily digestible overview lecture. then, i'll dig deeper. i'll go into the technical details of the model. those technical lectures won't require calculus but be prepared for some algebra. for all the lectures, i'll offer some questions and we'll have quizzes and even a final exam. if you decide to do the deep dive, and take all the quizzes and the exam, you'll receive a course certificate. if you just decide to follow along for the introductory lectures to gain some exposure that's fine too. it's all free. and it's all here to help make you a better thinker!
",140000.0,beginner,specialization,3 - 6 Months
preparing for google cloud certification: machine learning engineer,google cloud,"['Machine Learning', 'Google Cloud Platform', 'Applied Machine Learning', 'Cloud Computing', 'Human Learning', 'Machine Learning Software', 'Cloud Platforms', 'Machine Learning Algorithms', 'Tensorflow', 'Deep Learning', 'Feature Engineering', 'Artificial Neural Networks', 'Training', 'DevOps', 'Exploratory Data Analysis', 'Python Programming', 'Cloud-Based Integration', 'Data Analysis', 'Data Visualization', 'Big Data', 'Probability & Statistics', 'Regression', 'Statistical Programming', 'Statistical Visualization', 'Algorithms', 'Continuous Integration', 'SQL', 'Cloud API', 'Apache', 'Extract', 'Transform', 'Load', 'Docker (Software)']",4.6,https://www.coursera.org/professional-certificates/preparing-for-google-cloud-machine-learning-engineer-professional-certificate,36932.0,"87% of google cloud certified users feel more confident in their cloud skills. this program provides the skills you need to advance your career and provides training to support your preparation for the industry-recognized google cloud professional machine learning engineeropens in a new tab certification.
here's what you have to do
1) complete the preparing for google cloud machine learning engineer professional certificate
2) review other recommended resources for the google cloud professional machine learning engineer opens in a new tabexam
3) review the professional machine learning engineer exam guideopens in a new tab
4) complete professional machine learning engineeropens in a new tab sample questions
5) registeropens in a new tab for the google cloud certification exam (remotely or at a test center)
applied learning project
this professional certificate incorporates hands-on labs using qwiklabs platform.these hands on components will let you apply the skills you learn. projects incorporate google cloud platform products used within qwiklabs. you will gain practical hands-on experience with the concepts explained throughout the modules.
applied learning project
this specialization incorporates hands-on labs using google's qwiklabs platform.
these hands on components will let you apply the skills you learn in the video lectures. projects will incorporate topics such as google cloud platform products, which are used and configured within qwiklabs. you can expect to gain practical hands-on experience with the concepts explained throughout the modules.
",26000.0,intermediate,professional certificate,3 - 6 Months
architecting with google compute engine,google cloud,"['Cloud Applications', 'Cloud Computing', 'Google Cloud Platform', 'Cloud Infrastructure', 'Cloud Platforms', 'Cloud Management', 'Other Cloud Platforms and Tools', 'Cloud Engineering', 'Cloud Storage', 'Cloud-Based Integration', 'Computer Networking', 'DevOps', 'Google App Engine', 'Network Architecture', 'Computer Programming', 'Kubernetes', 'Leadership and Management']",4.7,https://www.coursera.org/specializations/gcp-architecture,4621.0,"if you want to enter the exciting world of software development, this software engineering foundations specialization is for you. no prior degrees or knowledge of programming or application development are necessary.  

software developers are in great demand earning a median salary of us$110,140 per year according to the us bureau of labor and statistics. the field is growing at a rate of 22% making it a great time to start a career in software engineering.. the self-paced courses in this program provide the foundations to prepare for a wide range of it & software development related careers, including web development, mobile application development, front-end, back-end, and full stack application development, software testing & quality assurance (qa), as well as devops engineering. 

this specialization is full of engaging videos, hands-on labs, and real-world projects that explore fundamental programming principles and foundations of design, architecture, and deployment; the software development lifecycle; git and github repositories; using the linux terminal and creating bash shell scripts to automate a variety of tasks; and coding with the python programming language.
 
the program is suitable for those new to software engineering or for those who would like a review of software engineering fundamentals. it prepares you with an introduction to the culture, technology, and job-ready skills needed to become successful in software engineering.    
applied learning project
each course is packed with hands-on labs, interactive activities, and projects so you can build your portfolio while gaining practical knowledge of software engineering concepts. you will develop software engineering skills  throughout the program. projects involve:.
exploring job listings to become familiar with skills and requirements in the software engineering domain. 
using git commands and github to create an open source project while working with branches, merging code, and performing pull requests (prs).
writing a bash shell script on linux that takes backups of changed files and schedules it to run every 24 hours using crontab. 
coding with python using lists, tuples, dictionaries, sets, conditions, branching, loops, functions, exception handling, objects, and classes, web services & apis, and libraries like numpy & pandas.  
developing a python web app that uses ibm watson to translate languages, including writing unit tests and packaging the app for distribution.
",57000.0,intermediate,specialization,3 - 6 Months
sap technology consultant,sap,"['Leadership and Management', 'Strategy and Operations', 'Cloud-Based Integration', 'Business Analysis', 'Business Transformation', 'Business Process Management', 'Cloud Applications', 'Strategy', 'Customer Analysis', 'Planning', 'Project Management', 'Business Intelligence', 'Software As A Service', 'Supply Chain and Logistics', 'Cloud Standards', 'Cloud Computing', 'Network Architecture', 'Software Architecture', 'System Software', 'Communication']",4.7,https://www.coursera.org/professional-certificates/sap-technology-consultant,27742.0,"launch your career in the high-demand field of sap consulting. build the consulting skills successful companies are looking for through tailored training and hands-on projects designed by sap. no experience or degree required to enroll.
what does an sap consultant do? sap consultants are problem solvers who relish getting the details right. they are experts in process management and have a deep understanding of sap solutions. they are also outstanding communicators and excel at collaborating with all contributors and stakeholders in a project.
this program has been designed specifically for learners seeking to get their first job in the sap domain.
you’ll get the inside track on how to build a consulting career beyond just having product knowledge. you’ll learn about project management methodologies and agile processes. you’ll gain core consulting skills such as requirements gathering, stakeholder interviewing, client communication, client analysis, and solution design. plus, you’ll go through several implementation project lifecycles to build your practical experience and complete a comprehensive hands-on project using a case study to apply the skills you have learned.
with sap customers generating 87% of total global commerce, sap consulting skills are in high demand. through this program, you’ll build the critical skills that the largest and highly successful companies such as accenture, capgemini, deloitte and kpmg, are looking for. 
applied learning project
each course contains a client-related project that enables you to develop your skills in context. as the courses progress, the projects give you the opportunity to deepen your consulting skills as you learn.
in addition to each end-of-course project, however, you’ll conduct a comprehensive hands-on project that takes you through the full sap implementation lifecycle from start to finish. this will include carrying out the appropriate customer analysis and gap analysis, identifying business requirements, designing a solution, implementing your proposed solution, and completing qa and testing activities. plus, you’ll build your own sap career development plan in readiness for when you’ve successfully earned your professional certificate.
once you’ve completed the program, you will have a variety of simulated project implementations that you can refer to in interviews to evidence your hands-on experience. 
",558000.0,beginner,professional certificate,3 - 6 Months
digital product management,university of virginia,"['Agile Software Development', 'Product Management', 'Leadership and Management', 'Design and Product', 'Software Engineering', 'Product Development', 'Project Management', 'User Experience', 'Customer Analysis', 'Product Design', 'User Research', 'Data Analysis', 'Communication', 'Continuous Delivery', 'People Analysis', 'Planning', 'Product Strategy', 'Strategy']",4.7,https://www.coursera.org/specializations/uva-darden-digital-product-management,33032.0,"whether you’re a high school graduate exploring manufacturing careers, or an operations manager hungry for an understanding of the newest manufacturing technologies, this specialization will provide a foundation in how digital advances are changing the landscape and capabilities of factories. nine courses – developed with input from the manufacturing industry – touch on industry 4.0 and its components, including digital manufacturing and design practices, the concept of the digital thread, the internet of things and big data. to learn more about the digital manufacturing and design technology specialization, please watch the overview video by copying and pasting the following link into your web browser: https://youtu.be/wetk1o9c-caopens in a new tab
applied learning project
learners will create a roadmap to achieve their own personal goals related to the digital manufacturing and design (dm&d) profession, which will help them leverage relevant opportunities. the culminating project provides a tangible element to include in their professional portfolios that showcases their knowledge of industry 4.0.
",9100.0,beginner,specialization,3 - 6 Months
graphic design,california institute of the arts,"['Graphic Design', 'Visual Design', 'Communication', 'Computer Graphic Techniques', 'Computer Graphics', 'Creativity', 'Graph Theory', 'Visualization (Computer Graphics)', 'Geometry', 'Interactive Design']",4.7,https://www.coursera.org/specializations/graphic-design,0.0,"빠르게 성장 중인 데이터 애널리틱스 분야에서 새로운 커리어를 준비하세요. 관련 경력이나 학위는 필요하지 않습니다. google이 설계한 전문 교육을 받고, 일류 기업에 지원할 수 있는 기회도 얻을 수 있습니다. 데이터 애널리틱스는 결론을 예측 및 도출하고 정보에 기반한 의사결정을 내리기 위해 데이터를 수집, 변환, 구성하는 작업입니다.
8개의 강좌를 통해 업계에서 사용되는  주요 스킬을 학습하고 엔트리 레벨 직무에 대비해보세요. 데이터 애널리틱스를 기반으로 커리어를 쌓은 google 직원이 직접 강의합니다. 일주일당 최대 10시간 학습 시 6개월 이내에 수료증을 이수할 수 있습니다.
주니어 또는 어소시에이트 데이터 애널리스트, 데이터베이스 관리자 등을 포함한 직무에 대비해보세요. 미국에서 google 수료증 과정을 이수한 수강생의 75%가 완료 후 6개월 이내에 커리어가 개선되었다고 응답했습니다*
여기opens in a new tab에서 모든 google career 수료증 과정을 확인해보세요.
¹burning glass: labor insight(지난 12개월: 2020년 2월 1일~2021년 1월 31일)
*2021년 미국, 수료증 과정 이수 설문조사 응답에 기반함
applied learning project
이 수료증 과정은 180시간 이상의 강의와 수백 개의 실습 기반 평가를 포함하고 있습니다. 평가에는 실제 데이터 애널리틱스 업무 시나리오가 사용되므로 수강생은 업무를 성공적으로 수행하는 데 도움이 되는 실제 시나리오를 시뮬레이션해볼 수 있습니다. 본 콘텐츠는 데이터 애널리틱스 분야에서 수십 년간 경력을 쌓은 google 직원들이 수준 높은 대화형 구성으로 독점 개발했습니다. 동영상, 평가, 실습 활동 단계에 따라 분석 도구 및 플랫폼과 엔트리 레벨 직무에 필요한 핵심 분석 스킬을 배울 수 있습니다.
배우게 될 스킬: 데이터 정리, 문제 해결, 비판적 사고, 데이터 윤리, 데이터 시각화
배울 도구 및 플랫폼: 프레젠테이션, 스프레드시트, sql, tableau, r 프로그래밍
전문 교육 및 실습 프로젝트 외에도 채용에 관심이 있는 기업에 새롭게 학습한 스킬을 선보일 수 있는 사례 연구 활동을 실시하게 됩니다. 현재 일류 기업에서 실제로 요구하는 스킬을 배워보세요.
",20000.0,beginner,specialization,3 - 6 Months
"python for data science, ai & development",ibm,"['Python Programming', 'Computer Programming', 'Data Analysis']",4.6,https://www.coursera.org/learn/python-for-applied-data-science-ai,671781.0,"kickstart your learning of python with this beginner-friendly self-paced course taught by an expert. python is one of the most popular languages in the programming and data science world and demand for individuals who have the ability to apply python has never been higher.  
this introduction to python course will take you from zero to programming in python in a matter of hours—no prior programming experience necessary! you will learn about python basics and the different data types. you will familiarize yourself with python data structures like list and tuples, as well as logic concepts like conditions and branching. you will use python libraries such as pandas, numpy & beautiful soup. you’ll also use python to perform tasks such as data collection and web scraping with apis.  

you will practice and apply what you learn through hands-on labs using jupyter notebooks. by the end of this course, you’ll feel comfortable creating basic programs, working with data, and automating real-world tasks using python.  

this course is suitable for anyone who wants to learn data science, data analytics, software development, data engineering, ai, and devops as well as a number of other job roles.
",34000.0,beginner,course,1 - 3 Months
aws cloud solutions architect,amazon web services,"['Amazon Web Services', 'Cloud Computing', 'Cloud Storage', 'Data Management', 'Big Data', 'Cloud Applications', 'Cloud Engineering', 'Cloud Platforms', 'Data Analysis', 'Data Warehousing', 'Extract', 'Transform', 'Load', 'Cloud Management', 'Data Architecture', 'Cloud Infrastructure', 'Data Visualization', 'Database Design', 'Other Cloud Platforms and Tools', 'Software Architecture', 'Leadership and Management', 'Machine Learning']",4.8,https://www.coursera.org/professional-certificates/aws-cloud-solutions-architect,35988.0,"this professional certificate provides the knowledge and skills you need to start building your career in cloud architecture and helps you prepare for the aws certified solutions architect - associate exam. you will start by learning key aws services for compute, storage, database, networking, monitoring, and security, then dive into how to design architectural solutions, how to create and operate a data lake, and how to prepare for the certification exam.
the aws certified solutions architect – associate certification showcases knowledge and skills in aws technology across a wide range of aws services. the certification focuses on the design of cost and performance optimized solutions and demonstrating a strong understanding of the aws well-architected framework. this aws certification is one of the top-paying it certifications, per the  skillsoft it skills and salary reportopens in a new tab. per enterprise strategy groupopens in a new tab, surveyed aws certification holders credited their certification for their higher earnings (74%), increased confidence (87%), and increased influence among coworkers (79%).
to prepare for your aws certification exam, we recommend that — in addition to attaining this professional certificate — candidates review the free exam guide, sample questions, and aws technical documentation (e.g. white papers and product faqs) on the aws certified solutions architect - associate exam pageopens in a new tab to understand what content and services are covered by the exam.
applied learning project
through 15 hands-on labs, you’ll use the aws management console to apply skills learned in the videos. 
for example: 
in architecting solutions on aws, you’ll use amazon api gateway, aws lambda, amazon sqs, amazon dynamodb, and amazon sns to build a serverless web backend.
in introduction to designing data lakes, you’ll use amazon s3, amazon opensearch service, aws lambda and amazon api gateway to create an amazon opensearch service cluster. you’ll also use amazon s3, amazon ec2, amazon kinesis data firehose, amazon kinesis data analytics, amazon elasticsearch service to create a data ingestion pipeline with the use of high-scale aws managed services. 
in cloud technical essentials, you’ll design a 3-tier architecture using services like amazon vpc, amazon ec2, amazon rds with high availability and elastic load balancing following aws best practices. you’ll upload an architecture diagram laying out your design including the networking layer.
",4800.0,intermediate,professional certificate,3 - 6 Months
preparing for google cloud certification: cloud security engineer,google cloud,"['Cloud Computing', 'Google Cloud Platform', 'Cloud Platforms', 'Cloud Engineering', 'Cloud Infrastructure', 'Network Security', 'Computer Networking', 'Computer Security Models', 'Cloud Applications', 'Cloud Management', 'Cloud Storage', 'Network Architecture', 'Software Security', 'System Security', 'Other Cloud Platforms and Tools', 'Security Engineering', 'Security Strategy', 'Google App Engine', 'Network Model', 'Computer Security Incident Management', 'DevOps', 'Software-Defined Networking', 'Security Software', 'Kubernetes', 'Leadership and Management']",4.7,https://www.coursera.org/professional-certificates/google-cloud-security,7998.0,"87% of google cloud certified users feel more confident in their cloud skills*. this program provides the skills you need to advance your career as a security engineer and provides training to support your preparation for the industry-recognized google cloud professional cloud security engineeropens in a new tab certification. 
you'll also have the opportunity to configure access, configure network security, and ensure data protection among other things. 
your journey to google cloud certification:  
1) complete the coursera google cloud security professional certificate. 
2) review other recommended learning resources for the google cloud professional cloud security engineeropens in a new tab opens in a new tab exam. 
3) review the google cloud professional security engineer exam guide.opens in a new tab
4) review the professional cloud security engineer sample questionsopens in a new tab.
5) registeropens in a new tab for the google cloud certification exam. (the exam can be taken remotely or at a test center)
---------------------------------------------------------------
* percentages indicate those who strongly or somewhat agree with the statement. findings from a survey conducted with google cloud certified individuals in may 2019 by an independent third-party research organization.
applied learning project
learners will create, update, delete, and undelete custom iam roles - as they would do to provide access components within google cloud. they will enable internal ip addresses to be used between two vpc networks using network peering. learners will create and configure a private cluster for kubernetes in google cloud. the virtual machines on which the kubernetes nodes run will not be externally accessible. they will use network policies to apply finely-grained restrictions to limit intra-cluster communication. finally, they will provision two service accounts for two user personas and namespaces for dev, test, prod (i.e., development, test, and production). learners will also assign api permissions to a cluster application and do some basic troubleshooting.
",49000.0,intermediate,professional certificate,3 - 6 Months
aws cloud technology consultant,amazon web services,"['Amazon Web Services', 'Cloud API', 'Cloud Computing', 'Cloud Infrastructure', 'Cloud Storage', 'Continuous Integration', 'Customer Support', 'Data Analysis', 'Data Architecture', 'DevOps', 'Information Technology', 'Leadership and Management', 'Project Management', 'Python Programming', 'Software Architecture', 'Software Testing', 'Strategy', 'Web Development']",4.8,https://www.coursera.org/professional-certificates/aws-cloud-technology-consultant,3034.0,"prepare for a new career in the fast growing field of cloud consulting. get professional training designed by aws and learn how to design and build on aws from experienced instructors. you’ll also have the chance to unlock career opportunities by connecting with top employers. 
through this nine-course program, you’ll gain in-demand skills that prepare you for an entry-level job in the field. you’ll learn from aws experts how to understand business goals and drivers, translate those into an appropriate aws technical solution and provide technical direction and oversight to cloud implementation teams.
after completing this hands-on program you’ll have the foundational and technical context to understand how to build solutions and solve technical problems and how to choose the right aws solution. you’ll master both the soft skills to become successful cloud consultants and the technical knowledge to go deep into how software gets built, tested and deployed. 
you’ll also be able to work on a capstone project centered on the well architected framework that you can later share in interviews to demonstrate your job-readiness to potential employers.  
you can also gain access to the aws educate job board, where you can explore, search for, and apply to in-demand jobs and internships with leading organizations. 
applied learning project
through 18 hands-on labs, you’ll use the aws management console to apply skills learned in the videos and readings. here are a few examples of the activities you’ll perform in this professional certificate: in introduction to information technology and aws cloud, you’ll create a static website with s3 in the easiest way. this lab will introduce you to the aws management console, help you understand the aws cloud, and practice hosting a static website on aws. in aws cloud technical essentials, you’ll use aws identity and access management (iam) to manage your aws services’ access and permissions. you’ll practice the steps to add users to groups, manage passwords, log in as users with various permissions, and view the effects of iam policies. in automation in the aws cloud, you’ll work with aws cli, write a bash script to perform a task/write user data script to download code and run it on ec2 and build a run command to uninstall apache and install nginx.  

",4600.0,beginner,professional certificate,3 - 6 Months
preparing for google cloud certification: cloud data engineer,google cloud,"['Cloud Computing', 'Google Cloud Platform', 'Cloud Platforms', 'Big Data', 'Data Management', 'Data Analysis', 'Data Analysis Software', 'Databases', 'Computer Networking', 'Applied Machine Learning', 'Data Warehousing', 'Machine Learning', 'SQL', 'Communication', 'Cloud Storage', 'Data Architecture', 'Human Learning', 'Machine Learning Algorithms', 'Machine Learning Software', 'Algorithms', 'Cloud Applications', 'Cloud Infrastructure', 'Distributed Computing Architecture', 'Business Analysis', 'Leadership and Management', 'Problem Solving', 'Apache', 'Python Programming', 'Warehouse Management', 'Feature Engineering', 'Statistical Programming', 'Tensorflow']",4.6,https://www.coursera.org/professional-certificates/gcp-data-engineering,81451.0,"google cloud professional data engineer certification was ranked #1 on global knowledge's list of 15 top-paying certifications in 2021opens in a new tab! enroll now to prepare!
---
87% of google cloud certified users feel more confident in their cloud skills. this program provides the skills you need to advance your career and provides training to support your preparation for the industry-recognized google cloud professional data engineeropens in a new tab certification.
here's what you have to do
1) complete the coursera data engineering professional certificate
2) review other recommended resources for the google cloud professional data engineer certificationopens in a new tab exam
3) review the professional data engineer exam guideopens in a new tab
4) complete professional data engineeropens in a new tab sample questions
5) registeropens in a new tab for the google cloud certification exam (remotely or at a test center)
applied learning project
this professional certificate incorporates hands-on labs using qwiklabs platform.these hands on components will let you apply the skills you learn. projects incorporate google cloud platform products used within qwiklabs. you will gain practical hands-on experience with the concepts explained throughout the modules.
applied learning project
 this professional certificate incorporates hands-on labs using our qwiklabs platform.
these hands on components will let you apply the skills you learn in the video lectures. projects will incorporate topics such as google bigquery, which are used and configured within qwiklabs. you can expect to gain practical hands-on experience with the concepts explained throughout the modules.
",18000.0,intermediate,professional certificate,3 - 6 Months
data analysis and presentation skills: the pwc approach,pwc,"['Data Analysis', 'Business Analysis', 'Data Management', 'Data Visualization', 'Microsoft Excel', 'Data Analysis Software', 'Spreadsheet Software', 'Problem Solving', 'Statistical Analysis', 'Interactive Data Visualization', 'Data Structures', 'Statistical Visualization', 'Extract', 'Transform', 'Load', 'Data Model', 'Data Visualization Software', 'General Statistics', 'Big Data', 'Critical Thinking', 'Professional Development', 'Visualization (Computer Graphics)', 'Decision Making', 'Communication', 'Business Communication', 'Storytelling', 'Customer Analysis', 'Forecasting', 'Visual Design', 'Planning']",4.6,https://www.coursera.org/specializations/pwc-analytics,118882.0,"this course gives you the background needed to understand basic cybersecurity  around people. process and technology.  you will learn:
●	 understand the key cybersecurity roles within an organization. 
●	 list key cybersecurity processes and an example of each process.
●	 describe the architecture, file systems, and basic commands for multiple operating systems including windows, mac/os, linux and mobile.
●	 understand the concept of virtualization as it relates to cybersecurity 

finally, you will begin to learn about organizations and resources to further research cybersecurity issues in the modern era.

this course is intended for anyone who wants to gain a basic understanding of cybersecurity or as the second course in a series of courses to acquire the skills to work in the cybersecurity field as a jr cybersecurity analyst.

the completion of this course also makes you eligible to earn the cybersecurity roles, processes & operating system security ibm digital badge.  more information about the badge can be found here:   https://www.youracclaim.com/org/ibm/badge/cybersecurity-roles-processes-operating-system-security
",11000.0,beginner,specialization,3 - 6 Months
aws fundamentals,amazon web services,"['Amazon Web Services', 'Cloud Computing', 'Cloud Infrastructure', 'Cloud Management', 'Cloud Applications', 'Cloud Platforms', 'Cloud Engineering', 'Cloud Storage', 'Network Security', 'Cloud API', 'Cloud-Based Integration', 'Computer Security Models', 'Security Engineering', 'Security Software', 'Security Strategy', 'System Security', 'Software Security', 'Distributed Computing Architecture', 'Other Cloud Platforms and Tools', 'Data Management', 'Database Application', 'Database Design', 'Databases', 'Software Architecture', 'Data Architecture', 'Continuous Delivery', 'Data Visualization', 'Leadership and Management', 'Data Analysis']",4.8,https://www.coursera.org/specializations/aws-fundamentals,18282.0,"this specialization gives current or aspiring it professionals an overview of the features, benefits, and capabilities of amazon web services (aws). as you proceed through these four interconnected courses, you will gain a more vivid understanding of core aws services, key aws security concepts, strategies for migrating from on-premises to aws, and basics of building serverless applications with aws. additionally, you will have opportunities to practice what you have learned by completing labs and exercises developed by aws technical instructors.
applied learning project
this specialization gives current or aspiring it professionals an overview of the features, benefits, and capabilities of amazon web services (aws). as you proceed through these four interconnected courses, you will gain a more vivid understanding of core aws services, key aws security concepts, strategies for migrating from on-premises to aws, and basics of building serverless applications with aws. additionally, you will have opportunities to practice what you have learned by completing labs and exercises developed by aws technical instructors.
",4700.0,beginner,specialization,1 - 3 Months
learn sql basics for data science,"university of california, davis","['Databases', 'SQL', 'Data Management', 'Data Analysis', 'Big Data', 'Data Model', 'Exploratory Data Analysis', 'Database Administration', 'Problem Solving', 'Database Design', 'Business Analysis', 'Database Application', 'Extract', 'Transform', 'Load', 'Critical Thinking', 'Apache', 'Data Architecture', 'Customer Analysis', 'Distributed Computing Architecture', 'Data Science']",4.6,https://www.coursera.org/specializations/learn-sql-basics-data-science,226926.0,"this specialization is intended for a learner with no previous coding experience seeking to develop sql query fluency. through four progressively more difficult sql projects with data science applications, you will cover topics such as sql basics, data wrangling, sql analysis, ab testing, distributed computing using apache spark, delta lake and more. these topics will prepare you to apply sql creatively to analyze and explore data; demonstrate efficiency in writing queries; create data analysis datasets; conduct feature engineering, use sql with other data analysis and machine learning toolsets; and use sql with unstructured data sets. 
",17000.0,beginner,specialization,3 - 6 Months
leadership skills,iima - iim ahmedabad,"['Communication', 'Leadership and Management', 'People Management']",4.8,https://www.coursera.org/learn/leadershipskills,16737.0,"in this specialization, we will cover 3 key technologies that are foundational and driving significant growth and innovation. these are cloud computing, data science, and artificial intelligence (ai).
technology is essential for the future of business. almost any organization that wants to modernize or get ahead, and anyone working there, needs to understand and leverage these essential technologies.
the courses in this specialization provide foundational knowledge of cloud, data and ai, including business drivers behind their growth, the value they provide, their applications and use cases, and an understanding of how these technologies work. you will not only become familiar with the buzzwords associated with these technologies, but also experience them in action and develop hands-on skills to start working with them.
this specialization is suitable for a variety of learners who are beginners with these technologies, including managers and executives, professionals who want to upskill, and students getting ready to start a career.
there is no special prior knowledge or hardware required. the only pre-requisites are basic computer literacy, device with a modern web browser with internet connectivity, and motivation to self-learn online.
applied learning project
each course includes hands-on assignments and interactions that demonstrate specific technologies in action. for example, you will utilize computer vision to demonstrate the power of ai. similarly, you will provision an instance of cloud object storage, and use it to share files.  these practical exercises are suitable for even those without any specialized it skills or programming knowledge. 
",958000.0,beginner,course,1 - 3 Months
introduction to generative ai,google cloud,"['Artificial Neural Networks', 'Deep Learning', 'Machine Learning']",4.6,https://www.coursera.org/learn/introduction-to-generative-ai,249037.0,"welcome to introduction to front-end development, the first course in the meta front-end developer program.  
this course is a good place to start if you want to become a web developer. you will learn about the day-to-day responsibilities of a web developer and get a general understanding of the core and underlying technologies that power the internet. you will learn how front-end developers create websites and applications that work well and are easy to maintain. 

you’ll be introduced to the core web development technologies like html and css and get opportunities to practice using them. you will also be introduced to modern ui frameworks such as bootstrap and react that make it easy to create interactive user experiences. 

by the end of the course, you will be able to: 
- describe the front-end developer role 
- explain the core and underlying technologies that power the internet 
- use html to create a simple webpage 
- use css to control the appearance of a simple webpage 
- explain what react is 
- describe the applications and characteristics of the most popular ui frameworks 

for the final project in this course, you will create and edit a webpage using html and the bootstrap css framework. using a responsive layout grid, you will construct a responsive webpage containing text and images that looks great on any size screen. 

this is a beginner course intended for learners eager to learn the fundamentals of web development. to succeed in this course, you do not need prior web development experience, only basic internet navigation skills and an eagerness to get started with coding.
",2500.0,beginner,course,1 - 4 Weeks
tools of the trade: linux and sql,google,"['Linux', 'Databases', 'SQL']",4.8,https://www.coursera.org/learn/linux-and-sql,83945.0,"this is the fourth course in the google cybersecurity certificate. these courses will equip you with the skills you need to apply for an entry-level cybersecurity job. you’ll build on your understanding of the topics that were introduced in the third google cybersecurity certificate course.
in this course, you will explore computing skills that you’ll use on-the-job as a cybersecurity analyst. first, you'll practice using linux, an operating system commonly used by cybersecurity professionals. for example, you'll use the linux command line through the bash shell to navigate and manage the file system and authenticate users. then, you'll use sql to communicate with a database. 

google employees who currently work in cybersecurity will guide you through videos, provide hands-on activities and examples that simulate common cybersecurity tasks, and help you build your skills to prepare for jobs. 

learners who complete this certificate will be equipped to apply for entry-level cybersecurity roles. no previous experience is necessary.

by the end of this course, you will: 
- explain the relationship between operating systems, applications, and hardware.
- compare a graphical user interface to a command line interface.
- identify the unique features of common linux distributions.
- navigate and manage the file system using linux commands via the bash shell.
- use linux commands via the bash shell to authenticate and authorize users.
- describe how a relational database is organized.
- use sql to retrieve information from a database.
- apply filters to sql queries and use joins to combine multiple tables.
",2000.0,beginner,course,1 - 4 Weeks
"data engineering, big data, and machine learning on gcp",google cloud,"['Google Cloud Platform', 'Cloud Computing', 'Cloud Platforms', 'Big Data', 'Data Analysis', 'Data Management', 'Applied Machine Learning', 'Data Warehousing', 'Machine Learning', 'SQL', 'Cloud Storage', 'Data Architecture', 'Human Learning', 'Machine Learning Algorithms', 'Machine Learning Software', 'Algorithms', 'Cloud Applications', 'Cloud Infrastructure', 'Distributed Computing Architecture', 'Apache', 'Python Programming', 'Warehouse Management', 'Feature Engineering', 'Statistical Programming', 'Tensorflow']",4.6,https://www.coursera.org/specializations/gcp-data-machine-learning,450552.0,"this course is the seventh course in the google data analytics certificate. these courses will equip you with the skills needed to apply to introductory-level data analyst jobs. in this course, you’ll learn about the programming language known as r. you’ll find out how to use rstudio, the environment that allows you to work with r. this course will also cover the software applications and tools that are unique to r, such as r packages. you’ll discover how r lets you clean, organize, analyze, visualize, and report data in new and more powerful ways.  current google data analysts will continue to instruct and provide you with hands-on ways to accomplish common data analyst tasks with the best tools and resources.
learners who complete this certificate program will be equipped to apply for introductory-level jobs as data analysts. no previous experience is necessary.

by the end of this course, you will:
 - examine the benefits of using the r programming language.
 - discover how to use rstudio to apply r to your analysis. 
 - explore the fundamental concepts associated with programming in r. 
 - explore the contents and components of r packages including the tidyverse package.
 - gain an understanding of dataframes and their use in r.
 - discover the options for generating visualizations in r.
 - learn about r markdown for documenting r programming.
",18000.0,intermediate,specialization,3 - 6 Months
construction management,columbia university,"['Project Management', 'Leadership and Management', 'Strategy and Operations', 'Planning', 'Estimation', 'Operations Management', 'Budget Management', 'Accounting', 'Decision Making', 'Finance', 'Cost Accounting', 'Critical Thinking', 'Financial Accounting', 'Performance Management', 'Strategy', 'Financial Analysis', 'Investment Management', 'Financial Management', 'Process Analysis', 'Risk Management', 'Computational Thinking', 'Computational Logic', 'Statistical Visualization', 'Collaboration', 'Innovation', 'Change Management', 'Business Transformation', 'Supply Chain and Logistics', 'Feature Engineering', 'Entrepreneurship']",4.7,https://www.coursera.org/specializations/construction-management,26711.0,"master the fundamentals of conflict resolution, harness the power of positive conflict, and hone your intercultural communication skills.  in this specialization, you’ll learn to strengthen your personal and professional relationships by constructively addressing conflicts between individuals and within organizations. you’ll build skills specifically aimed at managing intercultural conflicts in today’s global society, and you’ll explore how competing interests and goals, power imbalances, and other factors influence the nature of conflict and management strategies. in the final capstone project, you’ll analyze a specific conflict and outline an approach to management and resolution.
",8100.0,beginner,specialization,3 - 6 Months
cybersécurité google,google,"['Linux', 'SQL']",4.7,https://www.coursera.org/professional-certificates/cybersecurite-google,2134.0,"in this specialization, you will learn how to define cybersecurity risk and discuss
the threats that create it while you also learn to describe the role of cybersecurity
management in the management of cybersecurity risk. you will go on to understand the elements of a general risk management framework as well as how to develop and administer a risk management
effort. along the way you will learn about the dominant standards and frameworks
in risk management, and the tools used to support them.
applied learning project

given a case study of a sample organization, learner will specify a risk management framework to manage cybersecurity risk.  they will describe the resources needed to support this rmf and perform the initial steps of a risk management effort by identifying, classifying and prioritizing organizational assets and the threats to those assets. 


 








",67000.0,beginner,professional certificate,3 - 6 Months
ciberseguridad de google,google,"['Computer Programming', 'Databases', 'Linux', 'Python Programming', 'SQL']",4.9,https://www.coursera.org/professional-certificates/ciberseguridad-de-google,68816.0,"this course covers chemicals in our environment and in our bodies and how they impact our health. it addresses policies and practices related to chemicals, particularly related to how they get into our bodies (exposures), what they do when they get there (toxicology), how we measure them (biomonitoring) and their impact on our health. most examples are drawn from the us.
",1500.0,beginner,professional certificate,3 - 6 Months
preparing for google cloud certification: cloud developer,google cloud,"['Cloud Applications', 'Cloud Computing', 'Google Cloud Platform', 'Cloud Infrastructure', 'Cloud Platforms', 'Cloud API', 'Cloud Engineering', 'Other Cloud Platforms and Tools', 'Cloud Management', 'Cloud Storage', 'Cloud Load Balancing', 'DevOps', 'Application Development', 'Google App Engine', 'Software Architecture', 'Computer Architecture', 'Docker (Software)', 'Machine Learning Software', 'Kubernetes']",4.7,https://www.coursera.org/professional-certificates/google-cloud-developer,6709.0,"a cloud developer designs, builds, analyzes, and maintains cloud-native applications. this learning path guides you through a curated collection of on-demand courses, labs, and skill badges that provide you with real-world, hands-on experience using google cloud technologies essential to the cloud developer role. once you complete the path, check out the google cloud developer certification to take the next steps on your professional journey.
applied learning project
this specialization incorporates hands-on labs using our qwiklabs platform.
these hands on components will let you apply the skills you learn in the video lectures. projects will incorporate topics such as google cloud products, which are used and configured within qwiklabs. you can expect to gain practical hands-on experience with the concepts explained throughout the modules.
",51000.0,intermediate,professional certificate,3 - 6 Months
project planning: putting it all together,google,"['Project Management', 'Strategy and Operations', 'Leadership and Management', 'Entrepreneurship', 'Finance', 'Planning', 'Supply Chain and Logistics', 'Budget Management', 'Communication', 'Risk Management', 'Procurement']",4.8,https://www.coursera.org/learn/project-planning-google,347717.0,"this is the third course in the google project management certificate program. this course will explore how to map out a project in the second phase of the project life cycle: the project planning phase. you will examine the key components of a project plan, how to make accurate time estimates, and how to set milestones. next, you will learn how to build and manage a budget and how the procurement processes work. then, you will discover tools that can help you identify and manage different types of risk and how to use a risk management plan to communicate and resolve risks. finally, you will explore how to draft and manage a communication plan and how to organize project documentation. current google project managers will continue to instruct and provide you with hands-on approaches for accomplishing these tasks while showing you the best project management tools and resources for the job at hand.
learners who complete this program should be equipped to apply for introductory-level jobs as project managers. no previous experience is necessary.

by the end of this course, you will be able to: 
 - describe the components of the project planning phase and their significance.
 - explain why milestones are important and how to set them. 
 - make accurate time estimates and describe techniques for acquiring them from team members.  
 - identify tools and best practices to build a project plan and risk management plan. 
 - describe how to estimate, track, and maintain a budget.
 - explain the procurement process and identify key procurement documentation. 
 - draft a communication plan and explain how to manage it.
 - explain why milestones are important and how to set them. 
 - explain why a project plan is necessary and what components it contains. 
 - make accurate time estimates and describe techniques for acquiring them from team members.
",11000.0,beginner,course,1 - 3 Months
search engine optimization (seo),"university of california, davis","['Marketing', 'Search Engine Optimization', 'Digital Marketing', 'Strategy', 'Social Media', 'User Experience', 'Customer Analysis', 'Media Strategy & Planning', 'User Research', 'Web Development', 'Market Analysis', 'Data Analysis', 'Market Research', 'Marketing Management', 'Marketing Psychology', 'User Experience Design', 'Web Development Tools', 'Algorithms', 'Brand Management', 'Communication', 'Critical Thinking', 'Influencing', 'Audit', 'Customer Relationship Management']",4.6,https://www.coursera.org/specializations/seo,161706.0,"this specialization will teach you to optimize website content for the best possible search engine ranking. you'll learn the theory behind google search and other search engine algorithms; you'll also build practical, real-world skills that you can apply to a career in digital marketing or online content development, including on-page and off-page optimization, optimizing for local and international audiences, conducting search-focused website audits, and aligning seo with overall business strategies. each course is intended to build on the skills from the previous course, thus we recommend you take the courses in the order they are listed. the specialization culminates in a hands-on capstone project, in which you will apply your skills to a comprehensive seo consulting task. 

",12000.0,beginner,specialization,3 - 6 Months
data structures and algorithms,university of california san diego,"['Algorithms', 'Theoretical Computer Science', 'Computer Programming', 'Data Structures', 'Problem Solving', 'Mathematics', 'Computational Thinking', 'Computer Programming Tools', 'Computational Logic', 'Critical Thinking', 'Graph Theory', 'Programming Principles', 'Mathematical Theory & Analysis', 'C++ Programming', 'Algebra', 'Software Testing']",4.6,https://www.coursera.org/specializations/data-structures-algorithms,13769.0,"this specialization is intended for data analysts looking to expand their toolbox for working with data. traditionally, data analysts have used tools like relational databases, csv files, and sql programming, among others, to perform their daily workflows. in this specialization, you will leverage existing skills to learn new ones that will allow you to utilize advanced technologies not traditionally linked to this role - technologies like databricks and apache spark. by the end of this specialization, you'll be able to solve real-world business problems with databricks and the most popular machine learning techniques.
applied learning project
in this specialization, you'll complete a series of hands-on lab assignments and projects. the lab assignments will allow you to test-drive databricks and apache spark to streamline today's most popular data science workflows. you will also apply the latest data science strategies to complete and assess your very own data science project.
",16000.0,intermediate,specialization,3 - 6 Months
preparing for google cloud certification: cloud network engineer,google cloud,"['Cloud Computing', 'Google Cloud Platform', 'Cloud Platforms', 'Cloud Engineering', 'Cloud Infrastructure', 'Computer Networking', 'Cloud Applications', 'Other Cloud Platforms and Tools', 'Cloud Management', 'Cloud Storage', 'Network Architecture', 'Network Model', 'Network Security', 'DevOps', 'Software-Defined Networking', 'Google App Engine', 'Kubernetes', 'Leadership and Management']",4.7,https://www.coursera.org/professional-certificates/google-cloud-networking,13907.0,"87% of google cloud certified users feel more confident in their cloud skills*. this program provides the skills you need to advance your career as a network engineer and provides training to support your preparation for the industry-recognized google cloud professional network engineer opens in a new tabcertification.
you'll also have the opportunity to practice key job skills using google cloud to build networks, implement vpcs, configure network services, and implement hybrid interconnectivity among other things.
your journey to google cloud certification - 
1) complete the coursera google cloud networking professional certificate 
2) review other recommended learning resources for the google cloud professional network engineer opens in a new tab exam 
3) review the google cloud professional network engineer exam guide.opens in a new tab
4) review the professional cloud network engineer sample questionsopens in a new tab
5) registeropens in a new tab for the google cloud certification exam (can be taken remotely or at a test center)
---------------------------------------------------------------
* percentages indicate those who strongly or somewhat agree with the statement. findings from a survey conducted with google cloud certified individuals in may 2019 by an independent third-party research organization.
applied learning project
learners will work with vpc networks that span multiple zones and multiple regions. they will use open source tools to gather network information, including latency, connectivity, and traffic. they will use this information to determine where network performance can be improved. they will build a minimal web application with google app engine and then explore various ways to use identity-aware proxy (iap) to restrict application access and provide user identity information to it. they create different types of load balancers and see how they can improve network performance. finally, they will build and test a high-throughput vpn, between a simulated vpc and on-premises network environment. this will include building vpn gateways and a tunnel between the two networks.
",48000.0,intermediate,professional certificate,3 - 6 Months
attract and engage customers with digital marketing,google,"['Digital Marketing', 'Marketing', 'Search Engine Optimization', 'Marketing Management', 'Advertising', 'Media Strategy & Planning', 'Persona Research', 'Web Design', 'Web Development', 'Web Development Tools']",4.8,https://www.coursera.org/learn/attract-and-engage-customers,223416.0,"this course is designed for anyone who is interested in learning more about modern astronomy. we will help you get up to date on the most recent astronomical discoveries while also providing support at an introductory level for those who have no background in science.
",4400.0,beginner,course,1 - 4 Weeks
introduction to psychology,yale university,['Critical Thinking'],4.9,https://www.coursera.org/learn/introduction-psych,20219.0,"project management is a booming field with many opportunities for those with the appropriate skills. this course is designed for anyone interested in starting a career in this field and provides a comprehensive introduction to project management. 
today’s industries are increasingly becoming oriented around projects. as a result, more organizations need project management professionals and agile scrum masters to help plan, manage, and execute these projects. by controlling various factors such as time and resources, project management enables organizations to increase the success rate of their projects, mitigate project risks, and reduce overall costs. 

in this course, you will learn what project management is, its benefits, and challenges encountered by project managers. you will also learn how recent trends, such as remote work, agile, and artificial intelligence, have re-shaped modern project management. 

this course also addresses opportunities for different careers within project management. it will discuss jobs across different industries and experience levels, as well as the various technical and soft skills required for project management work. 

throughout this course, you will learn through lectures, interviews with experienced project management professionals, readings, activities, and quizzes designed to teach you the fundamentals of project management. you will gain a range of technical and practical knowledge and get insights and guidance from  experts in the field.
",27000.0,beginner,course,1 - 3 Months
networking in google cloud,google cloud,"['Cloud Computing', 'Google Cloud Platform', 'Cloud Platforms', 'Cloud Engineering', 'Cloud Infrastructure', 'Computer Networking', 'Cloud Applications', 'Other Cloud Platforms and Tools', 'Cloud Management', 'Cloud Storage', 'Network Architecture', 'Network Model', 'Network Security', 'DevOps', 'Software-Defined Networking', 'Google App Engine', 'Kubernetes', 'Leadership and Management']",4.7,https://www.coursera.org/specializations/networking-google-cloud-platform,0.0,"the network automation engineering fundamentals specialization takes mid- to expert-level network engineers through the primary topics of network automation and programmability and prepares them for the netdevops environment. this specialization serves as a well-rounded survey of topics and core skills that a network automation engineer should know to effectively deploy and operate a netdevops environment.
completing this specialization will help you prepare to operate as a network automation engineer with the skills needed to advance your career.
applied learning project
we do not have any hands-on projects in this specialization curriculum. 

on completion of this specialization, you will be prepared to operate as a network automation engineer with the necessary skills needed to advance in your career. this specialization serves as a well-rounded survey of topics and core skills that a network automation engineer should know to effectively deploy and operate a netdevops environment.
",48000.0,intermediate,specialization,3 - 6 Months
linear algebra for machine learning and data science,deeplearning.ai,"['Algebra', 'Linear Algebra', 'Mathematics', 'Python Programming', 'Critical Thinking', 'Dimensionality Reduction', 'Machine Learning Algorithms', 'Mathematical Theory & Analysis', 'Machine Learning']",4.5,https://www.coursera.org/learn/machine-learning-linear-algebra,68047.0,"after completing this course, learners will be able to:
• represent data as vectors and matrices and identify their properties using concepts of singularity, rank, and linear independence, etc.
• apply common vector and matrix algebra operations like dot product, inverse, and determinants 
• express certain types of matrix operations as linear transformations 
• apply concepts of eigenvalues and eigenvectors to machine learning problems

mathematics for machine learning and data science is a foundational online program created in by deeplearning.ai and taught by luis serrano. this beginner-friendly program is where you’ll master the fundamental mathematics toolkit of machine learning.

many machine learning engineers and data scientists need help with mathematics, and even experienced practitioners can feel held back by a lack of math skills. this specialization uses innovative pedagogy in mathematics to help you learn quickly and intuitively, with courses that use easy-to-follow plugins and visualizations to help you see how the math behind machine learning actually works. 

upon completion, you’ll understand the mathematics behind all the most common algorithms and data analysis techniques — plus the know-how to incorporate them into your machine learning career.

this is a beginner-friendly program, with a recommended background of at least high school mathematics. we also recommend a basic familiarity with python, as labs use python and jupyter notebooks to demonstrate learning objectives in the environment where they’re most applicable to machine learning and data science. if you are already familiar with the concepts of linear algebra, course 1 will provide a good review, or you can choose to take course 2 of this specialization, calculus for machine learning and data science now, and course 3, probability and statistics for machine learning and data science when it is released in april.
",1000.0,beginner,course,1 - 4 Weeks
developing applications with google cloud,google cloud,"['Cloud Computing', 'Google Cloud Platform', 'Cloud Applications', 'Cloud Platforms', 'Cloud API', 'Cloud Infrastructure', 'Other Cloud Platforms and Tools', 'Cloud Engineering', 'Cloud Management', 'Cloud Storage', 'Application Development', 'DevOps', 'Google App Engine', 'Software Architecture', 'Computer Architecture', 'Machine Learning Software', 'Kubernetes']",4.7,https://www.coursera.org/specializations/developing-apps-gcp,12137.0,"devops is more than just a fusion of development and operations. it is the cultural change that organizations everywhere are adopting to become more agile and innovate at scale. it makes it easier to deliver software and services at the speed the market demands.
this specialization will equip you with a foundational  understanding of devops, cloud computing, agile, and scrum and their  transformational impact on businesses and approaches to software  engineering
you will learn about the devops culture and its benefits, cloud computing fundamentals, the agile philosophy, and scrum methodology. you will familiarize yourself with the skills, technology, tools, processes,  practices, and metrics to become a successful devops practitioner.
this specialization is suitable for both technical audiences - who want to either upskill with devops or start a career in this in-demand domain to become devops engineers, software engineers, application developers,  sres, cloud specialists, etc., as well less technical audiences -  including managers, executives, product managers, and project managers.
applied learning project
the projects in these courses do not involve any coding and are designed for you to apply and demonstrate your grounding in devops and its principles. 
you will:
examine a business case study and make your recommendations for transforming the organization to adopt devops;   
create a cloud account and provision a service on cloud; and
develop an agile plan with zenhub by writing user stories, and simulating a scrum sprint.  
",48000.0,intermediate,specialization,3 - 6 Months
security in google cloud,google cloud,"['Google Cloud Platform', 'Cloud Computing', 'Cloud Platforms', 'Cloud Infrastructure', 'Cloud Management', 'Security Engineering', 'System Security', 'Cloud Applications', 'Cloud Engineering', 'Computer Security Models', 'Other Cloud Platforms and Tools', 'Cloud Storage', 'Network Security', 'Security Software', 'Security Strategy', 'Software Security', 'DevOps', 'Google App Engine', 'Kubernetes']",4.7,https://www.coursera.org/specializations/security-google-cloud-platform,21352.0,"through recorded lectures, demonstrations, and hands-on labs, participants explore and deploy the components of a secure google cloud solution, including cloud identity, the gcp resource manager, cloud iam, google virtual private cloud firewalls, google cloud load balancing, cloud cdn, cloud storage access control technologies, security command center, stackdriver, security keys, customer-supplied encryption keys, the google data loss prevention api, and cloud armor. participants learn mitigations for attacks at many points in a google cloud-based infrastructure, including distributed denial-of-service attacks, phishing attacks, and threats involving content classification and use.
>>> by enrolling in this specialization you agree to the qwiklabs terms of service as set out in the faq and located at: https://qwiklabs.com/terms_of_serviceopens in a new tab <<<
applied learning project
this specialization incorporates hands-on labs using our qwiklabs platform.
these hands on components will let you apply the skills you learn in the video lectures. projects will incorporate topics such as google cloud products, which are used and configured within qwiklabs. you can expect to gain practical hands-on experience with many of the concepts explained throughout the modules.
",48000.0,intermediate,specialization,3 - 6 Months
chatgpt advanced data analysis,vanderbilt university,['Data Analysis'],4.9,https://www.coursera.org/learn/chatgpt-advanced-data-analysis,224299.0,"in this final, capstone course of the google project management certificate, you will practice applying the project management knowledge and skills you have learned so far. we encourage learners to complete courses 1-5 before beginning the final course, as they provide the foundation necessary to complete the activities in this course. 
as you progress through this course, you will “observe” a project manager in a real-world scenario and complete dozens of hands-on activities. you will:
- analyze project documents to identify project requirements and evaluate stakeholders 
- complete a project charter and use it as a tool to align project scope and goals among stakeholders
- identify tasks and milestones and document and prioritize them in a project plan
- define quality management standards and explore how to effectively share qualitative data
- demonstrate your project’s impact through effective reporting 

by the end of this course, you will have developed a portfolio of project management artifacts that will demonstrate the skills you have learned throughout the entire program, such as your ability to manage stakeholders and teams, organize plans, and communicate project details. these artifacts can exhibit your career readiness when applying for jobs in the field. to further prepare you to interview for project management jobs, you will reflect on past projects, develop an “elevator pitch,” and anticipate common interview questions. current google project managers will continue to instruct and provide you with the strategies, tools, and resources to meet your goals.

after completing this program, you should be equipped to apply for introductory-level jobs as a project manager. you will also have the opportunity to claim a certification of completion badge that will be recognizable to employers.
",154000.0,beginner,course,1 - 3 Months
digital marketing,university of illinois at urbana-champaign,"['Digital Marketing', 'Marketing', 'Market Analysis', 'Media Strategy & Planning', 'Social Media', 'Data Analysis', 'Market Research', 'Advertising', 'Communication', 'Strategy', 'Business Analysis', 'Data Visualization', 'Exploratory Data Analysis', 'Data Management', 'Brand Management', 'Marketing Management', 'Data Analysis Software', 'Decision Making', 'Marketing Design', 'Critical Thinking', 'Process Analysis', 'Business Communication', 'Business Intelligence', 'Business Transformation', 'Interactive Data Visualization', 'Collaboration', 'Innovation', 'Planning']",4.7,https://www.coursera.org/specializations/digital-marketing,3680.0,"in this specialization, we examine the revolution of the fashion industry as it has set course towards a more digital and sustainable future. through three different courses, you will not only look creatively at the ways technology can combat industry-wide challenges in fashion, but actively explore avenues to join the effort to create a more ethical fashion future. this specialization is designed for fashion professionals who are embracing the digital transformation of society and digitalization in fashion and want to play a part in it. a background of at least 2 years of experience working in the fashion industry with a focus in the fields of design, buying, production, marketing, or education is recommended.


applied learning project
throughout each course in this specialization, you will hear from industry leaders who are pioneering digital transformation. the case studies will introduce you to many important issues facing the fashion industry today as well as to those who are thinking creatively to deliver true sustainable innovation and transparency throughout the global fashion supply chain. as a part of each course, you’ll complete an immersive project where you can engage your passion for understanding the digital fashion transformation and apply it in meaningful ways to your current work.


",22000.0,beginner,specialization,3 - 6 Months
what is data science?,ibm,"['Data Science', 'Data Mining', 'Big Data', 'Data Analysis', 'Deep Learning', 'Machine Learning', 'Regression', 'Writing']",4.7,https://www.coursera.org/learn/what-is-datascience,871872.0,"do you want to know why data science has been labeled the sexiest profession of the 21st century? after taking this course, you will be able to answer this question, understand what data science is and what data scientists do, and learn about career paths in the field.   
the art of uncovering insights and trends in data has been around since ancient times. the ancient egyptians used census data to increase efficiency in tax collection and accurately predicted the nile river's flooding every year. since then, people have continued to use data to derive insights and predict outcomes. recently, they have carved out a unique and distinct field for the work they do. this field is data science.   
 
in today's world, we use data science to find patterns in data and make meaningful, data-driven conclusions and predictions.   
this course is for everyone and teaches concepts like how data scientists use machine learning and deep learning and how companies apply data science in business.   
 
you will meet several data scientists, who will share their insights and experiences in data science. by taking this introductory course, you will begin your journey into this thriving field.
",67000.0,beginner,course,1 - 4 Weeks
gestión de proyectos de google,google,"['Leadership and Management', 'Project Management', 'Strategy and Operations', 'Organizational Development', 'Planning', 'Strategy', 'Collaboration', 'Communication', 'Adaptability', 'Change Management', 'Decision Making', 'Media Strategy & Planning', 'Process Analysis', 'Probability & Statistics', 'Risk Management', 'Scrum (Software Development)', 'Agile Software Development', 'Budget Management', 'Natural Language Processing', 'Product Management', 'Prospecting and Qualification', 'Search Engine Optimization', 'Product Development', 'Estimation', 'Software Engineering', 'Supply Chain and Logistics']",4.9,https://www.coursera.org/professional-certificates/gestion-de-proyectos-de-google,0.0,"préparez-vous à une nouvelle carrière en dans le domaine à forte croissance de la gestion de projet, aucune expérience ni aucun diplôme requis. suivez une formation professionnelle conçue par google et dénichez rapidement un emploi bien rémunéré. 
les chefs de projet sont des experts de la résolution de problèmes. ils élaborent des plans, encadrent leur équipe et gèrent les changements, risques et partenaires.
les six cours de ce programme vous fourniront les compétences recherchées qui vous prépareront à un poste de niveau débutant. apprenez des employés de google dont les bases en gestion de projet ont permis de lancer leur propre carrière. moins de 10 h semaine sont nécessaires pour terminer en moins de six mois.
ce programme vous donne droit à plus de 100 h de formation en gestion de projet, ce qui vous prépare aux certifications duproject management instituteopens in a new tab, comme lecertified associate in project management (capm)®, mondialement reconnu.opens in a new tab
75 % des diplômés du certificat professionnel google ont constaté une évolution positive de leur carrière, telle qu’un nouvel emploi, une promotion ou une augmentation de salaire dans les 6six mois qui suivent l’obtention de leur diplôme².
découvrez tous les certificats professionnels google iciopens in a new tab.
²sondage de tous les temps sur les résultats des apprenants coursera du google it support certificate les données recueillies à partir d’enquêtes sur la plateforme ou par courriel entre le 18 et le 21 janvier sont cumulatives.
applied learning project
ce programme comprend plus de 140 heures d’enseignement et des centaines d’évaluations pratiques qui vous aideront à simuler des scénarios de gestion de projet concrets, essentiels à la réussite en milieu professionnel.
le programme très interactif a été créé spécifiquement par des employés de google possédant des dizaines d'années d’expérience en gestion de projet.
les compétences acquises comprendront : la création de programmes de gestion des risques; la compréhension des techniques d’amélioration des processus; la gestion des escalades, la dynamique d’équipe et les partenaires; l’établissement de budgets et l’exploration des approvisionnements; l’utilisation de logiciels, d’outils et de modèles de gestion de projet; la pratique de la gestion de projet agile, et plus particulièrement sur scrum.
grâce à des vidéos, à des évaluations et à des activités pratiques, vous serez initié(e) au lancement, à la planification et à l’exécution de projets traditionnels et agile.
",6400.0,beginner,professional certificate,3 - 6 Months
business strategy,university of virginia,"['Strategy', 'Strategy and Operations', 'Leadership and Management', 'Entrepreneurship', 'Marketing', 'Sales', 'Market Analysis', 'Business Development', 'Business Analysis', 'Business Transformation', 'Finance', 'Investment Management', 'Planning', 'Product Strategy', 'Business Design', 'Research and Design', 'Risk Management']",4.8,https://www.coursera.org/specializations/business-strategy,42066.0,"innovation goes beyond technology, products and processes. the new competitive landscape requires another, more holistic and strategic perspective, based on the concept of business models.
this course gives you access to the odyssey 3.14 approach, a pioneering framework that will help you invent or reinvent business models.

this highly innovative approach has been developed by laurence lehmann-ortega and hélène musikas and has proven to be a very valuable methodology for start-up entrepreneurs, business unit managers and intrapreneurs alike. it offers a practical and highly effective framework and toolbox to create, invent or reinvent business models in a very disciplined way.

the approach starts with a deep dive into the 3 pillars of the business model:
- the value proposition (who are our customers and what are we offering them?)
- the value architecture (how are we organized in order to deliver this value proposition to our customers in due time)
- the profit equation (how the alignment between the first 2 pillars generates a profit)

14 directions are then explored in order to invent or reinvent a business model. examples of the directions include “reducing clients overall costs”, “modifying the revenue stream”, “introducing a third party”, “eliminating a step in the value chain”, and “exploring new resources”. illustrated by numerous examples, both iconic (ikea, tetra pack, grameen bank…) and more recent (airbnb, zopa, drive now…), these directions stimulate your creativity to rigorously explore all possible innovation paths. innovation becomes an adventure, an odyssey… hence the name of the approach!

odyssey 3.14 is the result of over 15 years of research, consulting and teaching. over 150 companies that have successfully invented or reinvented their business model have been thoroughly analyzed and will inspire you to develop your own new, innovative business model.

this course is a part of the msie program at hec. if you liked it, do not hesitate to consult the other courses of the program.
",4000.0,beginner,specialization,3 - 6 Months
"html, css, and javascript for web developers",johns hopkins university,"['Front-End Web Development', 'HTML and CSS', 'Javascript', 'Web Development']",4.7,https://www.coursera.org/learn/html-css-javascript-for-web-developers,72882.0,"in this course, you’ll use software development tools like html to build attractive web pages that work well—and you’ll use structured semantic data to control how websites appear to the end user. 
you will then dive deeper into css by applying increasingly specific styling to various elements. you’ll learn to use bootstrap’s grid system to create layouts and work with components and themes. finally, you’ll explore debugging and learn how it can be utilized to banish common front-end errors.

by the end of this course you will be able to:

•	create a simple form with a responsive layout using html5 and css
•	create a responsive layout using css 
•	create a ui using bootstrap
•	implement debugging tools

this is a beginner course for learners who would like to prepare themselves for a career in front-end development. to succeed in this course, you do not need prior development experience, only basic internet navigation skills and an eagerness to get started with coding.
",16000.0,all_levels,course,1 - 3 Months
applied data science with python,university of michigan,"['Python Programming', 'Data Analysis', 'Computer Programming', 'Machine Learning', 'Algorithms', 'Applied Machine Learning', 'Data Mining', 'Machine Learning Algorithms', 'Exploratory Data Analysis', 'Statistical Programming', 'Data Management', 'Extract', 'Transform', 'Load', 'Natural Language Processing', 'Critical Thinking', 'Statistical Machine Learning', 'Graph Theory', 'Network Analysis', 'Computer Programming Tools', 'Human Learning', 'Data Visualization', 'Network Model', 'Data Analysis Software', 'Regression', 'Computer Networking', 'General Statistics', 'Network Architecture', 'Plot (Graphics)', 'Visualization (Computer Graphics)', 'Computer Graphics']",4.5,https://www.coursera.org/specializations/data-science-python,144609.0,"this is the final course in the ibm data science professional certificate as well as the applied data science with python specialization. this capstone project course will give you the chance to practice the work that data scientists do in real life when working with datasets.  
in this course you will assume the role of a data scientist working for a startup intending to compete with spacex, and in the process follow the data science methodology involving data collection, data wrangling, exploratory data analysis, data visualization, model development, model evaluation, and reporting your results to stakeholders.  

you will be tasked with predicting if the first stage of the spacex falcon 9 rocket will land successfully. with the help of your data science findings and models, the competing startup you have been hired by can make more informed bids against spacex for a rocket launch.  

in this course, there will not be much new learning, instead you’ll focus on hands-on work to demonstrate and apply what you have learnt in previous courses.  by successfully completing this capstone you will have added a project to your data science and machine learning portfolio to showcase to employers.
",34000.0,intermediate,specialization,3 - 6 Months
google データアナリティクス,google,"['Data Analysis', 'Databases', 'Data Analysis Software', 'Data Management', 'Data Visualization', 'SQL', 'Spreadsheet Software', 'Business Analysis', 'Process Analysis', 'Microsoft Excel', 'Data Structures', 'Business Research', 'Problem Solving', 'R Programming', 'Visualization (Computer Graphics)', 'Data Visualization Software', 'Decision Making', 'Exploratory Data Analysis', 'Big Data', 'Communication', 'Planning', 'Statistical Analysis', 'Tableau Software', 'Computer Programming', 'Plot (Graphics)', 'Leadership and Management']",4.7,https://www.coursera.org/professional-certificates/data-analytics-japanese,1567.0,"成長著しいサイバーセキュリティの分野で新たなキャリアを築くための準備をすることができます。経験や学位は必要ありません。google  考案の専門的なトレーニングを受けることができます。
組織は、詐欺やフィッシングといったサイバー関連の脅威から、自分自身とそのサービスを提供する人々を継続的に守る必要があり、内部システムや情報の機密性、完全性、可用性を維持するために、サイバーセキュリティに取り組んでいます。サイバーセキュリティ アナリストは、脅威や不正アクセスから身を守り、万が一脅威が発生した場合にはセキュリティ管理策の実施を行うために、さまざまな手法や技術を駆使します。
このプログラムは 8 つのコースを通して、エントリーレベルの職につくための需要の高いスキルを身に付けます。実際にサイバーセキュリティの基礎から自身のキャリアを始めた google の社員から学ぶことができます。週 10 時間以下の学習で、6ヶ月以内の修了が可能です。サイバーセキュリティ アナリスト、セキュリティ オペレーション センター（soc）アナリストなどの職に就くための準備ができます。
認定証を取得すると、さまざまな企業に応募する際にアピールすることができます。google サイバーセキュリティ プロフェッショナル認定証は、サイバーセキュリティの分野で業界をリードする comptia security+ の試験対策にも役立ちます。これらの認定証・資格を取得すると、2 つの専門資格を取得することができます。

applied learning project
このプログラムは 170 時間を超える講義と数百もの実践に基づいたテストを含み、職場の成功に不可欠な実際のデータ分析のシナリオをシミュレーションすることができます。動画やテスト、実践編を織り交ぜながら、エントリーレベルの職に必要なサイバーセキュリティツール、プラットフォーム、スキルを身につけることができます。

習得できるスキル： python、linux、sql、siem（セキュリティ情報イベント管理）ツール、不正侵入検知システム（ids）、コミュニケーション力、コラボレーション力、分析力、課題解決など

さらに、各コースにはポートフォリオ作成編があり、就職希望先と共有できるサイバーセキュリティスキルの例をポートフォリオにまとめ、就職希望先にアピールすることができます。雇用主が今求めている、具体的で実践的なスキルを学びましょう。
",327000.0,beginner,professional certificate,3 - 6 Months
foundations of positive psychology,university of pennsylvania,['Resilience'],4.8,https://www.coursera.org/specializations/positivepsychology,31755.0,"good management is equal parts knowing and doing. no matter what industry you work in or where you are in your career, a basic understanding of financial, marketing and decision-making principles and other management fundamentals will help you achieve your professional goals - be it getting promoted in your current job, getting ready for a mba program, or starting your own company.
 this specialization will give you a comprehensive introduction to the practice of management through the lens of four key disciplines: accounting, finance, marketing, and organizational behavior. in each course, you'll analyze real business cases from these four perspectives. in the final capstone project, you’ll apply what you’ve learned to develop a holistic solution to a real-world business dilemma. 
                  this specialization will provide you with the skill set needed to help achieve the next step in your career.
",7400.0,beginner,specialization,3 - 6 Months
introduction to data analytics,ibm,"['Data Analysis', 'Databases', 'Python Programming', 'SQL', 'Data Management', 'Data Mining', 'Data Science', 'Data Visualization', 'NoSQL', 'R Programming', 'Microsoft Excel']",4.8,https://www.coursera.org/learn/introduction-to-data-analytics,391280.0,"this course gives you the background needed to understand basic cybersecurity.  you will learn the history of cybersecurity, types and motives of cyber attacks to further your knowledge of current threats to organizations and individuals.  key terminology, basic system concepts and tools will be examined as an introduction to the cybersecurity field.
you will learn about critical thinking and its importance to anyone looking to pursue a career in cybersecurity.

finally, you will begin to learn about organizations and resources to further research cybersecurity issues in the modern era.

this course is intended for anyone who wants to gain a basic understanding of cybersecurity or as the first course in a series of courses to acquire the skills to work in the cybersecurity field as a jr cybersecurity analyst.

the completion of this course also makes you eligible to earn the introduction to cybersecurity tools & cyber attacks ibm digital badge.  more information about the badge can be found https://www.youracclaim.com/org/ibm/badge/introduction-to-cybersecurity-tools-cyber-attacks
",14000.0,beginner,course,1 - 3 Months
devops on aws,amazon web services,"['Amazon Web Services', 'Cloud Computing', 'Continuous Delivery', 'Continuous Integration', 'DevOps', 'Devops Tools', 'Cloud Applications', 'Cloud Infrastructure', 'Cloud Management', 'Cloud Platforms', 'Cloud Standards', 'Software Testing', 'Leadership and Management', 'Cloud Storage']",4.8,https://www.coursera.org/specializations/aws-devops,3201.0,"in this specialization, you will master design thinking competencies in an engaging hands-on, project-based format.  we will guide you through a detailed 14-step process where you will tackle a human-centered problem that you want to solve. you will learn and practice all of the most important tools from the field of human-centered design to generate ideas and connect with your customers on a human level. you will then deepen your practice by taking an in-depth journey through six key phases of the design thinking process, from immersion to learning-in-action, and explore the shifts in mindsets and skillsets that accompany them.
applied learning project
using a 14-step process, you will apply concepts and complete deliverables related to a project of your choosing, using it to practice a series of important tools to generate and test ideas and achieve your project goals. you will also create a personal development plan (pdp) that will deepen your design competencies by guiding your personal journey through six key phases of design thinking.     
",4700.0,intermediate,specialization,1 - 3 Months
mathematics for machine learning,imperial college london,"['Algebra', 'Linear Algebra', 'Mathematics', 'Machine Learning', 'Mathematical Theory & Analysis', 'Computer Programming', 'Python Programming', 'Machine Learning Algorithms', 'Calculus', 'Computational Logic', 'Algorithms', 'Applied Machine Learning', 'Differential Equations', 'Problem Solving', 'Statistical Analysis', 'Dimensionality Reduction', 'Statistical Programming', 'Regression']",4.6,https://www.coursera.org/specializations/mathematics-machine-learning,193262.0,"for a lot of higher level courses in machine learning and data science, you find you need to freshen up on the basics in mathematics - stuff you may have studied before in school or university, but which was taught in another context, or not very intuitively, such that you struggle to relate it to how it’s used in computer science. this specialization aims to bridge that gap, getting you up to speed in the underlying mathematics, building an intuitive understanding, and relating it to machine learning and data science.
in the first course on linear algebra we look at what linear algebra is and how it relates to data. then we look through what vectors and matrices are and how to work with them.
the second course, multivariate calculus, builds on this to look at how to optimize fitting functions to get good fits to data. it starts from introductory calculus and then uses the matrices and vectors from the first course to look at data fitting.
the third course, dimensionality reduction with principal component analysis, uses the mathematics from the first two courses to compress high-dimensional data. this course is of intermediate difficulty and will require python and numpy knowledge.
at the end of this specialization you will have gained the prerequisite mathematical knowledge to continue your journey and take more advanced courses in machine learning.
applied learning project
through the assignments of this specialisation you will use the skills you have learned to produce mini-projects with python on interactive notebooks, an easy to learn tool which will help you apply the knowledge to real world problems. for example, using linear algebra in order to calculate the page rank of a small simulated internet, applying multivariate calculus in order to train your own neural network, performing a non-linear least squares regression to fit a model to a data set, and using principal component analysis to determine the features of the mnist digits data set.
",14000.0,beginner,specialization,3 - 6 Months
certified in cybersecurity,isc2,"['Computer Security Incident Management', 'Risk Management', 'Leadership and Management', 'Network Security', 'Cryptography', 'Cyberattacks', 'Operations Management']",4.8,https://www.coursera.org/specializations/certified-in-cybersecurity,19720.0,"the healthcare system is a rapidly evolving field with new research leading to advancements in
medicine. developed at johns hopkins university and led by top-ranked hopkins faculty and
cancer experts, this specialization on cancer biology focuses on the basics of cancer biology,
how cancer metastasis occurs, and specifically, screening guidelines for prostate cancer, the
most common cancer in american men.

this specialization starts with an introduction to the biology of cancer, introduces the molecular
biology of cancer and the biologic hallmarks of cancer. the course also describes the risk
factors for the major cancers worldwide, including lung cancer, breast cancer, colon cancer,
prostate cancer, liver cancer, and stomach cancer. experts at johns hopkins university explain
how cancer is staged, the major ways cancer is found by imaging, and how the major cancers
are treated.

the specialization takes a deeper dive in understanding cancer metastasis, explaining how
cancer spreads or metastasizes. this course will describe the major theories of metastasis and
then describe the biology behind the steps in metastasis. the course also describes the major
organs targeted by metastasis and describes how metastases harm the patient.
lastly, it focuses on understanding prostate cancer, providing you with the tools to examine the
incidence of prostate cancer, including risk factors, stages, and treatments at each stage.
applied learning project
learners will be able to identify the major types of cancer worldwide, describe how genes contribute to the risk and growth of cancer, and describe the ten cellular hallmarks of cancer. learners will also describe uncontrolled cell division as well as mutation, neoangiogenesis and their roles in tumor formation. from this learners will be introduced to prostate cancer and be able to list the risk factors. specifically, you will examine how prostate cancer is found, diagnosed, staged, and treated.

",475000.0,beginner,specialization,3 - 6 Months
"start the ux design process: empathize, define, and ideate",google,"['Audit', 'Collaboration', 'Human Computer Interaction', 'User Experience', 'User Experience Design', 'User Research']",4.8,https://www.coursera.org/learn/start-ux-design-process,423355.0,"start the ux design process: empathize, define, ideate is the second course in a certificate program that will equip you with the skills needed to apply to entry-level jobs in user experience (ux) design. in this course, you’ll complete the first phases of the design process for a project that you’ll be able to include in your portfolio. you will learn how to empathize with users and understand their pain points, define user needs using problem statements, and come up with lots of ideas for solutions to those user problems. 
current ux designers and researchers at google will serve as your instructors, and you will complete hands-on activities that simulate real-world ux design scenarios.

learners who complete the seven courses in this certificate program should be equipped to apply for entry-level jobs as ux designers. no previous experience is necessary.

by the end of this course, you will be able to:
   - empathize with users to understand their needs and pain points.
   - create empathy maps, personas, user stories, and user journey maps to understand user needs.
   - develop problem statements to define user needs. 
   - generate ideas for possible solutions to user problems. 
   - conduct competitive audits.
   - start designing a mobile app, a new project to include in your professional ux portfolio.
",14000.0,beginner,course,1 - 4 Weeks
connected leadership,yale university,"['Leadership and Management', 'Change Management', 'People Management', 'Process Analysis']",4.8,https://www.coursera.org/learn/connected-leadership,197629.0,"conduct ux research and test early concepts is the fourth course in a certificate program that will equip you with the skills you need to apply to entry-level jobs in user experience (ux) design. in this course, you will learn how to plan and conduct a usability study to gather feedback about designs. then, you will modify your low-fidelity designs based on insights from your research. 
current ux designers and researchers at google will serve as your instructors, and you will complete hands-on activities that simulate real-world ux design scenarios. learners who complete the seven courses in this certificate program should be equipped to apply for entry-level jobs as ux designers. 

by the end of this course, you will be able to:
   - plan a ux research study, including the project background, research goals, research questions, key performance indicators, methodology, participants, and script.
   - explain the importance of respecting privacy and user data.
   - conduct a moderated and unmoderated usability study. 
   - take notes during a usability study. 
   - create affinity diagrams to group and analyze data. 
   - synthesize observations from research and come up with insights. 
   - develop persuasive presentation skills to share research insights.
   - modify low-fidelity designs based on research insights.
   - continue to design a mobile app to include in your professional portfolio. 

to be successful in this course, you should complete the previous three courses in the certificate program. or, you need to have an ability to conduct user research to inform the creation of empathy maps, personas, user stories, user journey maps, problem statements, and value propositions; as well as an ability to create wireframes and low-fidelity prototypes on paper and in figma.
",275000.0,beginner,course,1 - 3 Months
"unsupervised learning, recommenders, reinforcement learning",deeplearning.ai,"['Algorithms', 'Machine Learning', 'Machine Learning Algorithms', 'Applied Machine Learning', 'Human Learning', 'Deep Learning', 'Machine Learning Software', 'Artificial Neural Networks', 'Reinforcement Learning', 'Tensorflow']",4.9,https://www.coursera.org/learn/unsupervised-learning-recommenders-reinforcement-learning,131435.0,"in the third course of the machine learning specialization, you will:
• use unsupervised learning techniques for unsupervised learning: including clustering and anomaly detection.
• build recommender systems with a collaborative filtering approach and a content-based deep learning method.
• build a deep reinforcement learning model.

the machine learning specialization is a foundational online program created in collaboration between deeplearning.ai and stanford online. in this beginner-friendly program, you will learn the fundamentals of machine learning and how to use these techniques to build real-world ai applications. 

this specialization is taught by andrew ng, an ai visionary who has led critical research at stanford university and groundbreaking work at google brain, baidu, and landing.ai to advance the ai field.

this 3-course specialization is an updated and expanded version of andrew’s pioneering machine learning course, rated 4.9 out of 5 and taken by over 4.8 million learners since it launched in 2012. 

it provides a broad introduction to modern machine learning, including supervised learning (multiple linear regression, logistic regression, neural networks, and decision trees), unsupervised learning (clustering, dimensionality reduction, recommender systems), and some of the best practices used in silicon valley for artificial intelligence and machine learning innovation (evaluating and tuning models, taking a data-centric approach to improving performance, and more.)

by the end of this specialization, you will have mastered key concepts and gained the practical know-how to quickly and powerfully apply machine learning to challenging real-world problems. if you’re looking to break into ai or build a career in machine learning, the new machine learning specialization is the best place to start.
",2100.0,beginner,course,1 - 4 Weeks
supply chain management,rutgers the state university of new jersey,"['Supply Chain Systems', 'Supply Chain and Logistics', 'Planning', 'Strategy and Operations', 'Business Process Management', 'Inventory Management', 'Leadership and Management', 'Operations Management', 'Business Analysis', 'Continuous Delivery', 'Data Analysis', 'Estimation', 'Forecasting', 'Spreadsheet Software', 'Statistical Analysis', 'Strategy', 'Warehouse Management', 'Probability & Statistics', 'Transportation Operations Management', 'Material Handling', 'Shipping and Receiving', 'Store Management', 'Operations Research', 'Performance Management']",4.7,https://www.coursera.org/specializations/supply-chain-management,162899.0,"this specialization is an introduction to the fascinating world of supply chain management. when you complete the program you'll have a  richer understanding of the complexities that companies are facing in today's global networked economy.  
the specialization is for you, if: 1. you're looking to start a career in supply chain management, but lack the basic background; 2. you're working with people in supply chain management and want to understand their daily challenges better; 3. you're fascinated by how the global economy is linked together by the flow of products, information, and finances.
the supply chain management specialization is made up of four basic courses in logistics, operations, planning, and sourcing, followed by a capstone course in supply chain management strategy. the supply chain logistics course will cover transportation, warehousing and inventory, and logistics network design. the supply chain operations course covers techniques used to optimize flow and focuses specifically on six sigma quality and lean practices. in the supply chain planning course you'll master different forecasting approaches. the supply chain sourcing course deals with different techniques that help you create lasting and productive supplier relationships. finally, in the capstone course on supply chain management strategy you'll solve a real-life business case.
interested in learning advanced supply chain topics? view the supply chain excellence mastertrack™ certificateopens in a new tab. 
",14000.0,beginner,specialization,3 - 6 Months
"tesol certificate, part 1: teach english now!",arizona state university,"['Human Learning', 'Planning', 'Strategy', 'Mergers & Acquisitions']",4.9,https://www.coursera.org/specializations/tesol,76383.0,"this specialization is the first of two specializations that make up the tesol certificate from arizona state university. in this specialization, you will learn about the basic foundational principles of language acquisition and the basic techniques founded upon those principles. it will describe second or foreign language theories, and basic studies in second language acquisition and their pedagogical implications. it will elaborate upon basic design for lesson plans and provide access to professional resources. in the final capstone project, in collaboration with arizona state university’s global launch, you will apply the skills you learned by designing a lesson plan which includes learning outcomes, assessments, materials, classroom management techniques and the learning activities themselves.  when you complete this specialization, go on to the second specialization in order to complete your tesol certificate experience!
",17000.0,beginner,specialization,3 - 6 Months
reinforcement learning,university of alberta,"['Machine Learning', 'Reinforcement Learning', 'Algorithms', 'Human Learning', 'Machine Learning Algorithms', 'Applied Machine Learning', 'Computer Programming', 'Python Programming', 'Statistical Machine Learning', 'Statistical Programming', 'Artificial Neural Networks', 'Planning', 'Decision Making']",4.7,https://www.coursera.org/specializations/reinforcement-learning,47795.0,"the reinforcement learning specialization consists of 4 courses exploring the power of adaptive learning systems and artificial intelligence (ai).
harnessing the full potential of artificial intelligence requires adaptive learning systems. learn how reinforcement learning (rl) solutions help solve real-world problems through trial-and-error interaction by implementing a complete rl solution from beginning to end.
by the end of this specialization, learners will understand the foundations of much of modern probabilistic artificial intelligence (ai) and be prepared to take more advanced courses or to apply ai tools and ideas to real-world problems. this content will focus on “small-scale” problems in order to understand the foundations of reinforcement learning, as taught by world-renowned experts at the university of alberta, faculty of science.
the tools learned in this specialization can be applied to game development (ai), customer interaction (how a website interacts with customers), smart assistants, recommender systems, supply chain, industrial control, finance, oil & gas pipelines, industrial control systems, and more.
applied learning project
through programming assignments and quizzes, students will:
 build a reinforcement learning system that knows how to make automated decisions.
understand how rl relates to and fits under the broader umbrella of machine learning, deep learning, supervised and unsupervised learning.  
understand the space of rl algorithms (temporal- difference learning, monte carlo, sarsa, q-learning, policy gradient, dyna, and more).   
understand how to formalize your task as a rl problem, and how to begin implementing a solution.
",3300.0,intermediate,specialization,3 - 6 Months
tableau business intelligence analyst,tableau learning partner,"['Business Analysis', 'Data Analysis', 'Data Architecture', 'Data Management', 'Data Visualization', 'Interactive Data Visualization', 'Project Management', 'Tableau Software']",4.7,https://www.coursera.org/professional-certificates/tableau-business-intelligence-analyst,5132.0,"whether you are just starting out or looking for a career change, the tableau business intelligence analytics professional certificate will prepare you for entry-level roles that require fundamental tableau skills, such as business intelligence analyst roles. if you are detail-oriented and have an interest in looking for trends in data, this program is for you. through hands-on, real-world scenarios, you learn how to use the tableau platform to evaluate data to generate and present actionable business insights. upon completion, you will be prepared to take the tableau desktop specialist examopens in a new tab.  with this certification, you will be qualified to apply for a position in the business intelligence analyst field.  
in this program, you’ll: 
 craft problem statements, business requirement documents, and visual models.
 connect with various data sources and preprocess data in tableau for enhanced quality and analysis.
 learn to utilize the benefits of tableau’s analytics features for efficient reporting.
learn to create advanced and spatial analytics data visualizations by integrating motion and multi-layer elements to effectively communicate insights to stakeholders.
employ data storytelling principles and design techniques to craft compelling presentations that empower you to extract meaningful insights.
this program was developed by tableau experts, designed to prepare you for a career in business intelligence analytics and help you learn the most relevant skills.
applied learning project
 throughout the program, you’ll engage in applied learning through hands-on activities to help level up your knowledge. each course contains ungraded quizzes throughout the content, a graded quiz at the end of each module, and a variety of hands-on projects. the program activities will give you the skills to : 
preprocess, manage, and manipulate data for analysis using tableau. 
create and customize visualizations in tableau. 
learn best practices for creating presentations to communicate data analysis insights to stakeholders. 
 
",161000.0,beginner,professional certificate,3 - 6 Months
process data from dirty to clean,google,"['Data Analysis', 'SQL', 'Spreadsheet Software', 'General Statistics', 'Databases', 'Extract', 'Transform', 'Load', 'Microsoft Excel']",4.8,https://www.coursera.org/learn/process-data,540235.0,"this is the fourth course in the google data analytics certificate. these courses will equip you with the skills needed to apply to introductory-level data analyst jobs. in this course, you’ll continue to build your understanding of data analytics and the concepts and tools that data analysts use in their work. you’ll learn how to check and clean your data using spreadsheets and sql as well as how to verify and report your data cleaning results. current google data analysts will continue to instruct and provide you with hands-on ways to accomplish common data analyst tasks with the best tools and resources.
learners who complete this certificate program will be equipped to apply for introductory-level jobs as data analysts. no previous experience is necessary.

by the end of this course, you will be able to do the following:
 - learn how to check for data integrity.
 - discover data cleaning techniques using spreadsheets. 
 - develop basic sql queries for use on databases.
 - apply basic sql functions for cleaning and transforming data.
 - gain an understanding of how to verify the results of cleaning data.
 - explore the elements and importance of data cleaning reports.
",14000.0,beginner,course,1 - 3 Months
generative adversarial networks (gans),deeplearning.ai,"['Machine Learning', 'Artificial Neural Networks', 'Machine Learning Algorithms', 'Python Programming', 'Deep Learning', 'Machine Learning Software', 'Statistical Programming', 'Computer Vision', 'Computer Programming', 'Human Learning', 'Problem Solving']",4.7,https://www.coursera.org/specializations/generative-adversarial-networks-gans,132760.0,"in generative ai with large language models (llms), you’ll learn the fundamentals of how generative ai works, and how to deploy it in real-world applications.
by taking this course, you'll learn to:
- deeply understand generative ai, describing the key steps in a typical llm-based generative ai lifecycle, from data gathering and model selection, to performance evaluation and deployment
- describe in detail the transformer architecture that powers llms, how they’re trained, and how fine-tuning enables llms to be adapted to a variety of specific use cases
- use empirical scaling laws to optimize the model's objective function across dataset size, compute budget, and inference requirements
- apply state-of-the art training, tuning, inference, tools, and deployment methods to maximize the performance of models within the specific constraints of your project 
- discuss the challenges and opportunities that generative ai creates for businesses after hearing stories from industry researchers and practitioners

developers who have a good foundational understanding of how llms work, as well the best practices behind training and deploying them, will be able to make good decisions for their companies and more quickly build working prototypes. this course will support learners in building practical intuition about how to best utilize this exciting new technology.

this is an intermediate course, so you should have some experience coding in python to get the most out of it. you should also be familiar with the basics of machine learning, such as supervised and unsupervised learning, loss functions, and splitting data into training, validation, and test sets. if you have taken the machine learning specialization or deep learning specialization from deeplearning.ai, you’ll be ready to take this course and dive deeper into the fundamentals of generative ai.
",2200.0,intermediate,specialization,1 - 3 Months
improve your english communication skills,georgia institute of technology,"['Communication', 'Writing', 'Business Communication', 'Professional Development']",4.7,https://www.coursera.org/specializations/improve-english,610452.0,"this specialization helps you improve your professional communication in english for successful business interactions. each course focuses on a particular area of communication in english:  writing emails, speaking at meetings and interviews, giving presentations, and networking online. whether you want to communicate to potential employers, employees, partners or clients, better english communication can help you achieve your language and professional goals. the capstone course will focus especially on making those important connections to take your career or business to the next level. make yourself more competitive by improving your english through this specialization: improve your english communication skills.
",26000.0,beginner,specialization,3 - 6 Months
agile project management,google,"['Agile Software Development', 'Software Engineering', 'Project Management', 'Scrum (Software Development)', 'Strategy and Operations', 'Collaboration', 'Leadership and Management', 'Communication', 'Entrepreneurship', 'Product Management', 'Influencing', 'Problem Solving']",4.8,https://www.coursera.org/learn/agile-project-management,364660.0,"this is the fifth course in the google project management certificate program. this course will explore the history, approach, and philosophy of agile project management, including the scrum framework. you will learn how to differentiate and blend agile and other project management approaches. as you progress through the course, you will learn more about scrum, exploring its pillars and values and comparing essential scrum team roles. you will discover how to build, manage, and refine a product backlog, implement agile’s value-driven delivery strategies, and define a value roadmap. you will also learn strategies to effectively organize the five important scrum events for a scrum team, introduce an agile or scrum approach to an organization, and coach an agile team. finally, you will learn how to search for and land opportunities in agile roles. current google project managers will continue to instruct and provide you with the hands-on approaches, tools, and resources to meet your goals.
learners who complete this program should be equipped to apply for introductory-level jobs as project managers. no previous experience is necessary.

by the end of this course, you will be able to: 
 - explain the agile project management approach and philosophy, including values and principles.
 - explain the pillars of scrum and how they support scrum values.
 - identify and compare the essential roles in a scrum team and what makes them effective.
 - build and manage a product backlog and perform backlog refinement.
 - describe the five important scrum events and how to set up each event for a scrum team.
 - implement agile’s value-driven delivery strategies and define a value roadmap.
 - explain how to coach an agile team and help them overcome challenges.
 - conduct a job search for an agile role and learn how to succeed in your interview.
",11000.0,beginner,course,1 - 4 Weeks
security analyst fundamentals,ibm,"['Security Strategy', 'Computer Security Incident Management', 'Python Programming', 'Cyberattacks', 'DevOps', 'Mobile Security', 'Software Security', 'System Software', 'Computer Programming', 'Leadership and Management']",4.7,https://www.coursera.org/specializations/security-analyst-fundamentals,9872.0,"there are a growing number of exciting, well-paying jobs in today’s security industry that do not require a traditional college degree. forbes estimates that there will be as many as 3.5 million unfilled positions in the industry worldwide by 2021! one position with a severe shortage of skills is as a cybersecurity analyst.
throughout this specialization, you will learn concepts around digital forensics, penetration testing and incident response.  you will learn about threat intelligence and tools to gather data to prevent an attack or in the event your organization is attacked.  you will have the opportunity to review some of the largest breach cases and try your hand at reporting on a real world breach.  
the content creators and instructors are architects , security operation center (soc) analysts, and distinguished engineers who work with cybersecurity in their day to day lives at ibm with a worldwide perspective. they will share their skills which they need to secure ibm and its clients security systems.
the completion of this specialization also makes you eligible to earn the system analyst fundamentals ibm digital badge. more information about the badge can be found here:
https://www.youracclaim.com/org/ibm/badge/security-analyst-fundamentals         opens in a new tab

applied learning project
throughout the program, you will use virtual labs and internet sites that will provide you with practical skills with applicability to real jobs that employers value, including:
tools: e.g. wireshark, ibm qradar, ibm maas360, ibm guardium, ibm resilient, i2 enterprise insight 
 labs: securitylearningacademy.com
libraries: python
projects: investigate a real-world security breach identifying the attack, vulnerabilities, costs and prevention recommendations.

",3700.0,beginner,specialization,3 - 6 Months
data science,johns hopkins university,"['R Programming', 'Data Analysis', 'Statistical Programming', 'Statistical Analysis', 'Computer Programming', 'Exploratory Data Analysis', 'General Statistics', 'Problem Solving', 'Data Analysis Software', 'Probability & Statistics', 'Computer Programming Tools', 'Critical Thinking', 'Programming Principles', 'Statistical Tests', 'Data Management', 'Data Structures', 'Statistical Machine Learning', 'Basic Descriptive Statistics', 'Algorithms', 'Data Model', 'Human Learning', 'Machine Learning', 'Machine Learning Algorithms', 'Process Analysis', 'Correlation And Dependence', 'Data Visualization', 'Data Visualization Software', 'Plot (Graphics)', 'Regression', 'Computer Graphics', 'Interactive Data Visualization', 'Applied Machine Learning', 'Big Data', 'Computational Thinking', 'Data Mining', 'Estimation', 'Extract', 'Transform', 'Load', 'Mathematics', 'Probability Distribution', 'Databases', 'Machine Learning Software', 'Communication', 'Computer Graphic Techniques', 'Knitr', 'Natural Language Processing', 'Visualization (Computer Graphics)', 'Interactive Design', 'Web Development']",4.5,https://www.coursera.org/specializations/jhu-data-science,3919.0,"this specialization is intended for professionals seeking to develop a skill set for interpreting statistical results.  through four courses and a capstone project, you will cover descriptive statistics, data visualization, measurement, regression modeling, probability and uncertainty which will prepare you to interpret and critically evaluate a quantitative analysis.
applied learning project
learners will develop expertise in calculating and interpreting statistical quantities, such as causal effects and measures of uncertainty.  learners will apply their knowledge to evaluating quantitative results and solving statistical problems. for the capstone project, learners will select and critically evaluate a piece of published, quantitative research.
",50000.0,beginner,specialization,3 - 6 Months
google marketing digital e e-commerce,google,"['E-Commerce', 'Marketing', 'Search Engine Optimization', 'Strategy']",4.9,https://www.coursera.org/professional-certificates/certificado-de-carrera-de-google-marketing-digital-e-e-commerce,2738.0,"in diesem aus 5 einzelkursen bestehenden zertifizierungsprogramm lernen sie auf basis eines innovativen, von google entwickelten lehrplans alles, was sie für den start ihrer karriere im it-support brauchen. 80 % der teilnehmenden bestätigen, dass diese zertifizierung ihren beruflichen werdegang nachhaltig beeinflusst hat, entweder in form eines neuen jobs, einer gehaltserhöhung oder des beginns einer ganz neuen karriere. dieses programm ist teil der initiative „grow with google“, mit der google menschen helfen möchte, sich neue wirtschaftliche chancen zu erarbeiten. weitere informationen finden sie hier.opens in a new tab
nach abschluss der kurse und einer erfolgreichen zertifizierung können teilnehmende mit us-amerikanischer arbeitserlaubnis ihre informationen direkt mit google und potenziellen arbeitgebern wie hulu, infosys, intel, walmart usw. teilen.
teilnehmende werden auch optimal auf die comptia a+opens in a new tab prüfungen (den zertifizierungs-standard für die it-branche) vorbereitet. wenn sie beide prüfungen ablegen, verfügen sie über eine duale zertifizierungopens in a new tab. das programm besteht aus videovorträgen, kurzen wissenstests und praktischen übungen aus den bereichen fehlerbehebung, kundenservice, netzwerktechnik, betriebssysteme, systemverwaltung und sicherheit und deckt so alle für einen einstieg in die it-branche wichtigen bereiche ab. 
applied learning project
dieses zertifizierungsprogramm gibt ihnen die gelegenheit, reale it-supportszenarien zu simulieren und zu üben, sodass sie für ihren beruflichen werdegang im it-support bestens gerüstet sind.
unter anderem sind simulationen zu den folgenden themen verfügbar: zusammenbau von computern, netzwerktechnik, verfassen von supportdokumentationen, routingpfade und subnetze, wlan, gerätesoftwareverwaltung, öffentliche schlüssel oder asymmetrische verschlüsselung und vorfallsmanagement.
wenn sie umfassende kenntnisse in diesen bereichen sammeln, stehen ihnen viele verschie-dene karrierewege offen, darunter als systemanalyst, supportmitarbeiter, datenbank-administrator, it-techniker oder computerspezialist.
",1100.0,beginner,professional certificate,3 - 6 Months
meta marketing analytics,meta,"['Marketing', 'Digital Marketing', 'Advertising', 'Data Analysis', 'Marketing Management', 'Media Strategy & Planning', 'Business Analysis', 'Statistical Analysis', 'Probability & Statistics', 'Market Analysis', 'Communication', 'General Statistics', 'Experiment', 'Regression', 'Statistical Tests', 'Market Research', 'Basic Descriptive Statistics', 'Probability Distribution', 'Brand Management', 'Forecasting', 'Research and Design', 'Data Visualization', 'Computer Programming', 'Data Management', 'Databases', 'Python Programming', 'SQL', 'Statistical Programming', 'Storytelling', 'Tableau Software']",4.7,https://www.coursera.org/professional-certificates/facebook-marketing-analytics,3424.0,"this eight-course program is designed for anyone looking to gain in-demand technical skills to kickstart a career as a marketing analyst or better analyze their business. no experience necessary. 
developed by marketing analytics experts at aptly and meta, and designed to prepare you for jobs that include marketing analyst, marketing researcher, and more.
you’ll learn basic marketing principles, how data informs marketing decisions, and how you can apply the osemn data analysis framework to approach common analytics questions. you’ll learn how to use essential tools like spreadsheets, sql, and python to collect, connect, and analyze relevant data. you’ll apply common statistical methods used to segment audiences, evaluate campaign results, optimize the marketing mix and evaluate sales funnels. 
throughout the program, you'll gain proficiency in visualizing data using tableau and how to use meta ads manager to create campaigns, evaluate results, and run experiments to optimize your campaigns. you'll have the opportunity to apply your new skills in hands-on, industry-specific projects.
the final course prepares you for the meta marketing science professional certification exam. upon successful completion of the program, you'll earn a certificate of completion from coursera and a meta marketing science professional certification. 
applied learning project
throughout the program, you’ll get to practice your new marketing data analysis skills through hands-on projects, including: 
identifying data sources
using spreadsheets to clean and filter data
using python to sort and explore data
using tableau to visualize results
evaluating advertising effectiveness
optimizing the sales funnel
optimizing marketing campaigns using meta ads manager 
your efforts will yield a portfolio that you can showcase to prospective employers or utilize for your own business. 
",2200.0,beginner,professional certificate,3 - 6 Months
"nosql, big data, and spark foundations",ibm,"['Apache', 'Big Data', 'Data Management', 'Distributed Computing Architecture', 'Databases', 'NoSQL', 'Extract', 'Transform', 'Load', 'SQL', 'Cloud Computing', 'Data Model', 'Machine Learning', 'Data Architecture', 'Database Administration', 'Database Design', 'Cloud Applications', 'IBM Cloud', 'Kubernetes', 'Python Programming', 'Data Warehousing']",4.4,https://www.coursera.org/specializations/nosql-big-data-and-spark-foundations,17769.0,"this specialization combines the strength of 4 different neuroscience courses into a cohesive learning experience.  taught by johns hopkins university, it begins with fundamental neuroscience concepts for neuroimaging. neuroimaging methods are used with increasing frequency in clinical practice and basic research. starting with the neuroanatomy of the brain, it then moves into principles of neuroimaging, including experimental design in neuroimaging, functional connectivity mri, diffusion tensor imaging and spectroscopy imaging.
the specialization then continues with two courses that focus on functional magnetic resonance imaging, one of the most widely used techniques for investigating the living, functioning human brain as people perform tasks and experience mental states, and a convergence point for multidisciplinary work. 
to conclude, the specialization moves into implementation of neurohacking using the r programming language, with the associated packages to perform data manipulation, processing, and analysis of neuroimaging data, using publicly available structural mri.
applied learning project
learners will go from fmri data design, structure and acquisition to using the r programming language (https://cran.r-project.org/) and its associated package to perform manipulation, processing, and analysis of neuroimaging data. specifically, you will learn how to read/write images of the brain in nifti format, visualize and explore these images, perform inhomogeneity correction, brain extraction, and image registration (within a subject and to a template).
",491000.0,beginner,specialization,3 - 6 Months
accelerated computer science fundamentals,university of illinois at urbana-champaign,"['Computer Programming', 'C Programming Language Family', 'Data Structures', 'Algorithms', 'C++ Programming', 'Theoretical Computer Science', 'Programming Principles', 'Computational Thinking', 'Problem Solving', 'Computer Programming Tools', 'Critical Thinking', 'Graph Theory']",4.7,https://www.coursera.org/specializations/cs-fundamentals,42050.0,"topics covered by this specialization include basic object-oriented programming, the analysis of asymptotic algorithmic run times, and the implementation of basic data structures including arrays, hash tables, linked lists, trees, heaps and graphs, as well as algorithms for traversals, rebalancing and shortest paths.  
this specialization sequence is designed to help prospective applicants to the flexible and affordable online master of computer science (mcs) and mcs in data scienceopens in a new tab prepare for the online mcs entrance exam. the online mcs entrance exam allows applicants who do not have graded and transcripted prerequisite cs coursework in the areas of data structures, algorithms, and object-oriented programming to strengthen their applications for admission. learn more about the online mcs entrance examopens in a new tab.

applied learning project
students will solve weekly “challenge problems” by implementing fragments of c++ code in a web-based interface. each course also features two longer-format coding projects where students will follow instructions to complete a c++ program that performs tasks such as editing images, efficiently manipulating data structures, or solving a graph search problem.
",3300.0,intermediate,specialization,1 - 3 Months
regulatory compliance,university of pennsylvania,"['Regulations and Compliance', 'Critical Thinking', 'Leadership and Management', 'Organizational Development', 'Risk Management', 'Strategy and Operations', 'Strategy', 'Employee Relations', 'Finance', 'Audit', 'Business Process Management', 'Communication', 'Accounting', 'Financial Accounting', 'Operations Management', 'People Management', 'Brand Management', 'Data Management']",4.8,https://www.coursera.org/specializations/regulatory-compliance,25738.0,"every organization faces a myriad of risks that can threaten its operations, reputation, and bottom line. a robust, effective compliance program can make the difference between companies that successfully navigate those risks, and those that become cautionary tales.
this specialization will introduce the essential elements of effective organizational compliance by exploring the concepts, considerations, and strategies for assessing risks and managing the compliance function. you will learn the fundamental principles of effective compliance, the components of an effective compliance program and their applications, and then closely examine two of the most important areas of compliance in today’s business climate: privacy compliance, and anti-corruption. the insights from this program will be applicable to a wide range of different types of organizations, from private companies to non-profits.
applied learning project
  over the course of this specialization, you will learn how to complete a risk profile of your company or organization, and learn the necessary strategies and features to ensure your compliance program addresses your organization’s specific risk profile. in the privacy context, you will also learn how to apply fair information principles to address compliance risk in the world of data protection. finally, you will learn strategies to combat both internal corruption and possible corruption on the part of third-party vendors, and how to address violations of the foreign corrupt practices act. 
",2100.0,intermediate,specialization,3 - 6 Months
ai product management,duke university,"['Machine Learning', 'Machine Learning Algorithms', 'Applied Machine Learning', 'Probability & Statistics', 'Regression', 'Design and Product', 'Human Computer Interaction', 'Communication', 'Human Factors (Security)', 'Human Learning', 'User Experience', 'User Experience Design', 'Data Analysis', 'Data Mining', 'Deep Learning', 'Project Management', 'Algorithms', 'Data Science', 'Leadership and Management']",4.7,https://www.coursera.org/specializations/ai-product-management-duke,19086.0,"organizations in every industry are accelerating their use of artificial intelligence and machine learning to create innovative new products and systems.  this requires professionals across a range of functions, not just strictly within the data science and data engineering teams, to understand when and how ai can be applied, to speak the language of data and analytics, and to be capable of working in cross-functional teams on machine learning projects.
this specialization provides a foundational understanding of how machine learning works and when and how it can be applied to solve problems.  learners will build skills in applying the data science process and industry best practices to lead machine learning projects, and develop competency in designing human-centered ai products which ensure privacy and ethical standards. the courses in this specialization focus on the intuition behind these technologies, with no programming required, and merge theory with practical information including best practices from industry.  professionals and aspiring professionals from a diverse range of industries and functions, including product managers and product owners, engineering team leaders, executives, analysts and others will find this program valuable.   
applied learning project
learners will implement three projects throughout the course of this specialization:
1) in course 1, you will complete a hands-on project where you will create a machine learning model to solve a simple problem (no coding necessary) and assess your model's performance.
2) in course 2, you will identify and frame a problem of interest, design a machine learning system which can help solve it, and begin the development of a project plan.
3) in course 3, you will perform a basic user experience design exercise for your ml-based solution and analyze the relevant ethical and privacy considerations of the project.
",382000.0,beginner,specialization,3 - 6 Months
introduction to programming with python and java,university of pennsylvania,"['Computer Programming', 'Python Programming', 'Programming Principles', 'Java Programming', 'Computer Programming Tools', 'Data Analysis', 'Data Structures', 'Problem Solving', 'Computational Logic', 'Computational Thinking', 'Critical Thinking', 'Data Analysis Software', 'Data Management', 'Data Visualization', 'Exploratory Data Analysis', 'Software Engineering', 'Data Science']",4.4,https://www.coursera.org/specializations/programming-python-java,475272.0,"this course teaches computer programming to those with little to no previous experience. it uses the programming system and language called matlab to do so because it is easy to learn, versatile and very useful for engineers and other professionals. matlab is a special-purpose language that is an excellent choice for writing moderate-size programs that solve problems involving the manipulation of numbers. the design of the language makes it possible to write a powerful program in a few lines. the problems may be relatively complex, while the matlab programs that solve them are relatively simple: relative, that is, to the equivalent program written in a general-purpose language, such as c++ or java. as a result, matlab is being used in a wide variety of domains from the natural sciences, through all disciplines of engineering, to finance, and beyond, and it is heavily used in industry. hence, a solid background in matlab is an indispensable skill in today’s job market.
nevertheless, this course is not a matlab tutorial. it is an introductory programming course that uses matlab to illustrate general concepts in computer science and programming. students who successfully complete this course will become familiar with general concepts in computer science, gain an understanding of the general concepts of programming, and obtain a solid foundation in the use of matlab.

students taking the course will get a matlab online license free of charge for the duration of the course. the students are encouraged to consult the ebook that this course is based on. more information about these resources can be found on the resources menu on the right.
",1500.0,beginner,specialization,3 - 6 Months
mergers and acquisitions,university of illinois at urbana-champaign,"['Mergers & Acquisitions', 'Finance', 'Accounting', 'Financial Analysis', 'Financial Accounting', 'Banking', 'Business Analysis', 'Investment Management', 'Financial Management', 'Data Analysis', 'Market Analysis', 'Corporate Accouting', 'Taxes']",4.6,https://www.coursera.org/specializations/mergersandacquisitions,8222.0,"in a post-pandemic world, companies across the globe are constantly looking to expand and grow their businesses. mergers and acquisitions (m&a) offers many ways to achieve this goal. through this 6-course specialization in mergers and acquisitions, you will gain a well-rounded knowledge of key concepts that form the foundations of a successful m&a deal.     
the courses in this specialization focus on types of m&a deals and complex organizational structures. topics covered include:
how to value and price m&a deals
understand financial modeling and capital structure 
understand complex organizational structures through the lens of financial accounting 
understand the foundational elements of financial statement and ratio analysis
examine practical applications of financial analysis and valuation techniques
applied learning project
a central premise of these courses is that obtaining a well-rounded understanding of the foundations of an m&a deal is crucial to successfully expand and grow an organization. each subject area will be followed by an in-depth application and analysis exercise
",261000.0,intermediate,specialization,3 - 6 Months
operating systems and you: becoming a power user,google,"['Linux', 'Leadership and Management', 'Operating Systems']",4.7,https://www.coursera.org/learn/os-power-user,4964.0,"this specialization provides learners with insight about operating in a transformed retail industry. you'll learn how to navigate the disruption in retail marketing caused by covid-19 and to develop a framework to create a competitive strategy that focuses on a new customer-centric approach to marketing. you'll also learn the fundamentals of human capital management, with a focus on the retail industry, and do a deep dive into some of the practices that drive organizational success. finally, you will review supply chain fundamentals, concentrating on the impact that the digital transformation has had on the retail industry. in utilizing meaningful retail analytics, you will learn how to generate value for retailers and their supply chains. 
by the end of this specialization, you will be able to form a strategy for selling your organization's retail product while retaining internal talent and adopting a forward-thinking and iterative approach to maintaining success in the future.
applied learning project
each course module in this specialization culminates in an assessment. these assessments are designed to check learners' knowledge and to provide an opportunity for learners to apply course concepts such.
the assessments will be cumulative and cover the application of marketing, talent management, competitive strategy, traditional and digital supply chain, and analytics in order to develop and maintain a successful retail organization.
",27000.0,beginner,course,1 - 3 Months
data science: foundations using r,johns hopkins university,"['Data Analysis', 'R Programming', 'Statistical Programming', 'Exploratory Data Analysis', 'Computer Programming', 'Computer Programming Tools', 'Data Management', 'Programming Principles', 'Data Analysis Software', 'Data Structures', 'Statistical Analysis', 'Critical Thinking', 'Problem Solving', 'General Statistics', 'Process Analysis', 'Basic Descriptive Statistics', 'Computational Thinking', 'Big Data', 'Data Mining', 'Data Visualization', 'Databases', 'Extract', 'Transform', 'Load', 'Plot (Graphics)', 'Communication', 'Computer Graphic Techniques', 'Computer Graphics', 'Interactive Data Visualization', 'Knitr', 'Visualization (Computer Graphics)']",4.6,https://www.coursera.org/specializations/data-science-foundations-r,397523.0,"data science courses contain math—no avoiding that! this course is designed to teach learners the basic math you will need in order to be successful in almost any data science math course and was created for learners who have basic math skills but may not have taken algebra or pre-calculus. data science math skills introduces the core math that data science is built upon, with no extra complexity, introducing unfamiliar ideas and math symbols one-at-a-time. 
learners who complete this course will master the vocabulary, notation, concepts, and algebra rules that all data scientists must know before moving on to more advanced material.

topics include:
~set theory, including venn diagrams
~properties of the real number line
~interval notation and algebra with inequalities
~uses for summation and sigma notation
~math on the cartesian (x,y) plane, slope and distance formulas
~graphing and describing functions and their inverses on the x-y plane,
~the concept of instantaneous rate of change and tangent lines to a curve
~exponents, logarithms, and the natural log function.
~probability theory, including bayes’ theorem.

while this course is intended as a general introduction to the math skills needed for data science, it can be considered a prerequisite for learners interested in the course, ""mastering data analysis in excel,"" which is part of the excel to mysql data science specialization.  learners who master data science math skills will be fully prepared for success with the more advanced math concepts introduced in ""mastering data analysis in excel."" 

good luck and we hope you enjoy the course!
",48000.0,beginner,specialization,3 - 6 Months
achieving personal and professional success,university of pennsylvania,"['Communication', 'Human Learning', 'Professional Development', 'Critical Thinking', 'Leadership Development', 'Leadership and Management', 'People Analysis', 'Decision Making', 'Emotional Intelligence', 'People Development', 'Adaptability', 'Planning', 'Negotiation', 'Influencing', 'Innovation']",4.7,https://www.coursera.org/specializations/wharton-success,44615.0,"based on four of the most popular courses taught at the wharton school, achieving personal and professional success is designed to introduce the tools and techniques for defining and achieving success at home and at work. you'll learn how to find your passion and core values, how to apply these values to your own life, how to work well with others, how to communicate effectively, how to set goals, how to use influence to achieve these goals, and even how to say you are sorry.  through exercises, self-diagnostic surveys, quizzes, and many case studies, you'll discover how to define not only what you want, but also the best way to get it. while many business courses cover topics related to successful organizational practices, these courses provide key insights into successful personal practices, whether you are in the office or in your home. we all bring ourselves to work every day, and these courses will help you be your best self wherever you are.
applied learning project
learners will discover their core values, create a personal success plan, learn how to apply their values for the best results at home and work, and develop a method for communicating effectively and using influence to achieve their goals.
these courses will help you be your best self wherever you are.
",3100.0,beginner,specialization,3 - 6 Months
artificial intelligence in marketing,university of virginia,"['Digital Marketing', 'Marketing', 'Algorithms', 'Customer Relationship Management', 'Market Analysis', 'Strategy', 'Machine Learning Software', 'Marketing Management', 'Network Analysis', 'Product Strategy']",4.5,https://www.coursera.org/learn/uva-darden-artificial-intelligence-marketing,2997.0,"this specialization is designed to help anyone involved in developing software for arm cortex-m processors. over four courses you will develop your knowledge of this popular microcontroller variant used in a plethora of devices throughout the world. whether you're a computing/engineering professional, student, or hobbyist, the training aims to give you the essential knowledge and interactive experience required to get your cortex-m software project up-and-running, avoiding costly mistakes.
applied learning project
learners will be given the opportunity to apply the skills they learn with several projects. for example, learning how to build and debug a basic application targeting a cortex-m system, and learning how to boot and initiallize a cortex-m system using standard programming techniques.
",161000.0,beginner,course,1 - 4 Weeks
"improving deep neural networks: hyperparameter tuning, regularization and optimization",deeplearning.ai,"['Applied Machine Learning', 'Deep Learning', 'Machine Learning', 'Artificial Neural Networks', 'Machine Learning Algorithms', 'Algorithms', 'Computer Programming', 'Mathematics', 'Python Programming', 'Mathematical Theory & Analysis', 'Tensorflow', 'Human Learning']",4.9,https://www.coursera.org/learn/deep-neural-network,520132.0,"in the second course of the deep learning specialization, you will open the deep learning black box to understand the processes that drive performance and generate good results systematically. 
by the end, you will learn the best practices to train and develop test sets and analyze bias/variance for building deep learning applications; be able to use standard neural network techniques such as initialization, l2 and dropout regularization, hyperparameter tuning, batch normalization, and gradient checking; implement and apply a variety of optimization algorithms, such as mini-batch gradient descent, momentum, rmsprop and adam, and check for their convergence; and implement a neural network in tensorflow.

the deep learning specialization is our foundational program that will help you understand the capabilities, challenges, and consequences of deep learning and prepare you to participate in the development of leading-edge ai technology. it provides a pathway for you to gain the knowledge and skills to apply machine learning to your work, level up your technical career, and take the definitive step in the world of ai.
",63000.0,intermediate,course,1 - 4 Weeks
business analytics with excel: elementary to advanced,johns hopkins university,"['Business Analysis', 'Data Analysis', 'Data Visualization', 'Spreadsheet Software', 'Data Model', 'Decision Making', 'Microsoft Excel', 'Process Analysis', 'Statistical Visualization']",4.8,https://www.coursera.org/learn/business-analytics-excel,174950.0,"this specialization provides an introduction to big data analytics for all business professionals, including those with no prior analytics experience. you’ll learn how data analysts describe, predict, and inform business decisions in the specific areas of marketing, human resources, finance, and operations, and you’ll develop basic data literacy and an analytic mindset that will help you make strategic decisions based on data. in the final capstone project, you’ll apply your skills to interpret a real-world data set and make appropriate business strategy recommendations.
",1300.0,intermediate,course,1 - 3 Months
leading people and teams,university of michigan,"['Human Resources', 'Leadership and Management', 'People Development', 'Strategy and Operations', 'Leadership Development', 'Talent Management', 'Business Psychology', 'People Analysis', 'Communication', 'People Management', 'Strategy', 'Human Learning', 'Human Resources Operations', 'Business Communication', 'Collaboration', 'Influencing', 'Performance Management', 'Conflict Management', 'Employee Relations', 'Business Analysis', 'Marketing', 'Recruitment']",4.7,https://www.coursera.org/specializations/leading-teams,47949.0,"ensuring patient safety and healthcare quality is critical and should be a key focus of everyone in healthcare practice. this course provides healthcare practitioners and others with an introduction to the knowledge and skills needed to lead patient safety and quality improvement initiatives at the micro and macro levels. participants will explore the foundations of health care quality and the science underlying patient safety and quality improvement, design and select effective health care measures, analyze patient safety problems and processes using tools such as human factors analysis, apply systematic approaches including the plan-do-study-act (pdsa) model to address quality improvement challenges, and learn strategies to lead a culture of change. the course takes a world view of patient safety and quality, linking participants to research and resources from the world health organization (who), the us agency for healthcare research and quality (ahrq), the joint commission and other international organizations. course highlights include personal stories, lessons learned from other industries and interviews with the president of the national committee for quality assurance (ncqa) and other leaders in quality movement.
pawlson, g. & johnson, j. (2021). advancing health care quality:  protecting patients, improving lives. destech publications inc.

about the george washington university school of nursing

ranked among the top nursing schools by u.s. news & world report, the george washington university school of nursing educates and inspires nurses to provide high-quality, compassionate person-centered health care. the school develops leaders actively engaged in health promotion, patient advocacy and healthcare innovation, and prepares exceptional nurse educators who pursue quality and advance the profession. the school of nursing is committed to improving the health and wellbeing of people and communities locally, nationally and globally. the school values lifelong learning and its students advance nursing practice, leadership and education as they make a difference in the world.
",10000.0,beginner,specialization,3 - 6 Months
ai for good,deeplearning.ai,"['Artificial Neural Networks', 'Computer Vision', 'Exploratory Data Analysis', 'Machine Learning', 'Natural Language Processing', 'Python Programming']",4.8,https://www.coursera.org/specializations/ai-for-good,6742.0,"the ai for good specialization showcases how ai can be part of the solution when it comes to addressing some of the world’s biggest challenges in areas like public health, climate change, and disaster management.
in these courses, you’ll learn from instructor robert monarch, who has over 20 years of experience building ai products in industry and working at the intersection of ai and public health and disaster management. robert is also the author of human-in-the-loop machine learningopens in a new tab, a book focused on human-centered ai applications. 
throughout the courses, you'll hear from experts working on ai for good initiatives aimed at addressing social and environmental issues. by combining human and machine intelligence, real-world datasets, best practices around data privacy, and ethical considerations, you’ll develop the knowledge and fundamental skills to tackle your own ai for good projects. 
these courses were built in partnership with researchers at the microsoft ai for good labopens in a new tab who offered their subject matter expertise throughout the development of the program. we are also grateful to sasha luccioniopens in a new tab, climate lead and researcher at huggingface for her help in forming the high-level program structure, outlining what kinds of topics and case studies would work best for these courses, and recruiting many of the experts that either appear in guest speaker videos or have contributed behind the scenes. 
applied learning project
use neural networks and other ai techniques to estimate air quality throughout the city of bogotá, colombia.
develop an ai model to make wind power generation more predictable by providing forecasts 24 hours into the future.
apply computer vision techniques to detect and classify animals for the purpose of biodiversity monitoring.
build an image classification pipeline to perform damage assessment using satellite images taken after hurricane harvey in the u.s. in 2017.
use natural language processing techniques to analyze trends in a corpus of text messages sent in the aftermath of the 2010 earthquake in haiti.
",177000.0,beginner,specialization,1 - 3 Months
project execution: running the project,google,"['Leadership and Management', 'Communication', 'Project Management', 'Strategy and Operations', 'Business Communication', 'Collaboration', 'Risk Management', 'Planning']",4.8,https://www.coursera.org/learn/project-execution-google,274698.0,"this is the fourth course in the google project management certificate program. this course will delve into the execution and closing phases of the project life cycle. you will learn what aspects of a project to track and how to track them. you will also learn how to effectively manage and communicate changes, dependencies, and risks. as you explore quality management, you will learn how to measure customer satisfaction and implement continuous improvement and process improvement techniques. next, you will examine how to prioritize data, how to use data to inform your decision-making, and how to effectively present that data. then, you will strengthen your leadership skills as you study the stages of team development and how to manage team dynamics. after that, you will discover tools that provide effective project team communication, how to organize and facilitate meetings, and how to effectively communicate project status updates. finally, you will examine the steps of the project closing process and how to create and share project closing documentation. current google project managers will continue to instruct and provide you with hands-on approaches for accomplishing these tasks while showing you the best project management tools and resources for the job at hand.
learners who complete this program should be equipped to apply for introductory-level jobs as project managers. no previous experience is necessary.

by the end of this course, you will be able to: 
 - identify what aspects of a project to track and compare different tracking methods.
 - discuss how to effectively manage and communicate changes, dependencies, and risks.
 - explain the key quality management concepts of quality standards, quality planning, quality assurance, and quality control.
 - describe how to create continuous improvement and process improvement and how to measure customer satisfaction.
 - explain the purpose of a retrospective and describe how to conduct one. 
 - demonstrate how to prioritize and analyze data and how to communicate a project’s data-informed story. 
 - identify tools that provide effective project team communication and explore best practices for communicating project status updates.
 - describe the steps of the closing process for stakeholders, the project team, and project managers.
",7300.0,beginner,course,1 - 3 Months
uci project management,"university of california, irvine","['Leadership and Management', 'Strategy and Operations', 'Project Management', 'Planning']",4.7,https://www.coursera.org/professional-certificate/applied-project-management,1638.0,"in this flexible, hands-on program, you’ll have the opportunity to attend instructor-led virtual sessions, receive expert feedback on projects, and access career coaching services. upon completing the 6-month professional certificate, you will: 
have fulfilled the educational requirements of the project management institute’s project management professional (pmp)® credential, and be prepared to pass the pmp® exam
receive a professional certificate issued by the university of california, irvine and 12 units of continuing education academic credit
be prepared to confidently direct project initiation, planning, and execution, and to apply proven project management tools at every stake of a project
the pmp® credential is the most important industry-recognized certification for project managers, and is highly valued by employers in every industry.
pmp® credential holders in the u.s. earn about 15% more than non-credentialed peers
more than 500,000 annual job openings list project management as a required skill
applied learning project
this 4-course professional certificate is a 6-month, project-based curriculum taught by uci division of continuing education faculty with in-depth projects and advanced curriculum that satisfy the project management educational requirements of the project management institute’s project management professional (pmp)® credential. the innovative and flexible format of the program has been specifically designed for busy professionals looking to enhance their project management and career opportunities.
",278000.0,beginner,professional certificate,3 - 6 Months
(isc)² systems security certified practitioner (sscp),isc2,"['Security Engineering', 'System Security', 'Network Security', 'Software Security', 'Computer Security Incident Management', 'Leadership and Management', 'Security Software', 'Risk Management', 'Strategy and Operations', 'Algorithms', 'Cloud Computing', 'Cryptography', 'Cyberattacks', 'Operations Management', 'Security Strategy', 'Human Factors (Security)', 'Software-Defined Networking', 'Cloud Applications', 'Communication', 'Financial Accounting']",4.7,https://www.coursera.org/specializations/sscp-training,6958.0,"pursue better it security job opportunities and prove knowledge with confidence. the sscp professional training certificate shows employers you have the it security foundation to defend against cyber attacks – and puts you on a clear path to earning sscp certification.
learn on your own schedule with 120-day access to content aligned with the latest (isc)2 sscp exam domains. we’re offering the complete online self-paced program for only $1,000 – a $200 savings when you get all domains bundled together.
3 steps to career advancement 
1.  register for the course 
2.  gain access for 120 days 
3. register and sit for the sscp certification exam
upon completing the sscp professional certificate, you will:
1.  complete six courses of preparing you to sit for the systems security certified practitioner (sscp) certification exam opens in a new tabas outlined below.
course 1 - access controls
course 2 - security operations and administration
course 3 - risk identification, monitoring, and analysis/incident response and recovery
course 4 - cryptography
course 5 - network and communication security
course 6 - systems and application security
2. receive a certificate of program completion.
3. understand how to implement, monitor and administer an organization’s it infrastructure in accordance with security policies and procedures that ensure data confidentiality, integrity and availability.
applied learning project
each course includes a case study that will require students to put into practice the knowledge they have gained throughout each course. successful completion of course projects will require the basic understanding of the topics covered and the ability to relate those topics to the real world. the objective of each project is to determine whether students have understood course concepts and are able to use them in a real world setting. 
",546000.0,beginner,specialization,3 - 6 Months
crash course on python,google,"['Computer Programming', 'Data Structures', 'Problem Solving', 'Python Programming']",4.8,https://www.coursera.org/learn/python-crash-course,4250.0,"view the specialization trailer: https://www.youtube.com/watch?v=xe5rx91bdywopens in a new tab
many corporate decisions need cost accounting information. when you know the costs of your products, you will make better pricing decisions and you can better choose which products to offer. when you know the costs of your departments, you can better detect inefficiencies and you can better incentivize your employees.
in this specialization, you will learn the fundamentals of cost accounting. three courses cover the basics of cost accounting. we will start with an introduction to product costing. how can you figure out the costs of your individual products? next, we will discuss how to connect cost information with revenue information to calculate profits and profitability. finally, we focus on how to use the information provided by cost accounting systems to optimize your business decisions.
we have created the courses of this specialization for interdisciplinary young professionals seeking to develop cost accounting skills. at the same time, the courses can help students in management and business administration to repeat the content of their introductory cost accounting course.
applied learning project
this specialization is structured along with lecture videos and uses readings as well as a series of quizzes and interactive learning elements to help learners gain an understanding of the basics of cost accounting. the specialization also applies practical learning elements like building an excel spreadsheet to determine cost functions and includes numerous illustrative examples from a variety of industries. the coursework teaches learners to plan, control, monitor, and document cost information. from product and service costing, to profit and loss calculation, and leveraging of cost information as the basis for decision-making, the specialization provides a sound foundation to cost accounting.
",35000.0,beginner,course,1 - 3 Months
programming for everybody (getting started with python),university of michigan,"['Algorithms', 'Computational Thinking', 'Computer Programming', 'Computer Programming Tools', 'Critical Thinking', 'Problem Solving', 'Programming Principles', 'Python Programming', 'Software Engineering', 'Theoretical Computer Science']",4.8,https://www.coursera.org/learn/python,2977587.0,"this course aims to teach everyone the basics of programming computers using python. we cover the basics of how one constructs a program from a series of simple instructions in python.  the course has no pre-requisites and avoids all but the simplest mathematics. anyone with moderate computer experience should be able to master the materials in this course. this course will cover chapters 1-5 of the textbook “python for everybody”.  once a student completes this course, they will be ready to take more advanced programming courses. this course covers python 3.
",225000.0,beginner,course,1 - 3 Months
entrepreneurship,university of pennsylvania,"['Entrepreneurship', 'Strategy', 'Leadership and Management', 'Strategy and Operations', 'Planning', 'Business Development', 'Entrepreneurial Finance', 'Innovation', 'Finance', 'Financial Management', 'Market Research', 'Business Design', 'Critical Thinking', 'Product Strategy', 'Business Psychology', 'Decision Making', 'Financial Accounting', 'Financial Analysis', 'Marketing', 'Accounting', 'Investment Management', 'User Research', 'Collaboration', 'Network Model']",4.8,https://www.coursera.org/specializations/wharton-entrepreneurship,461650.0,"welcome to english for business and entrepreneurship, a course created by the university of pennsylvania, and funded by the u.s. department of state bureau of educational and cultural affairs, office of english language programs. 
to enroll in this course for free, click on “enroll now” and then select ""full course.  no certificate.""

this course is designed for non-native english speakers who are interested in learning more about the global business economy. in this course, you will learn about topics and language necessary to succeed in the international workplace.  you will explore business english through authentic readings and video lectures, while learning about business vocabulary, concepts, and issues. unit 1 will provide an introduction to entrepreneurship by examining ideas, products, and opportunities. in unit 2, you will learn about the basics of market research, including how to identify an opportunity. the next unit in the course will focus on business plans, why these plans are important, and will give you a chance to practice composing a business plan. in the final unit of the course, we will present basics for funding a business and will help you create a persuasive presentation, or pitch, based on a business plan. 

unless otherwise noted, all course materials are available for re-use, repurposing and free distribution under a creative commons 4.0 attribution license.

supplemental reading materials were provided by newsela, which publishes daily news articles at a level that's just right for each english language learner.
",5400.0,beginner,specialization,3 - 6 Months
people and soft skills for professional and personal success,ibm,"['Leadership and Management', 'Communication', 'Problem Solving', 'Critical Thinking', 'Planning', 'Professional Development', 'Collaboration', 'People Management', 'Conflict Management']",4.6,https://www.coursera.org/specializations/people-and-soft-skills-for-professional-success,132652.0,"people analytics is a data-driven approach to managing people at work. for the first time in history, business leaders can make decisions about their people based on deep analysis of data rather than the traditional methods of personal relationships, decision making based on experience, and risk avoidance. in this brand new course, three of wharton’s top professors, all pioneers in the field of people analytics, will explore the state-of-the-art techniques used to recruit and retain great people, and demonstrate how these techniques are used at cutting-edge companies. they’ll explain how data and sophisticated analysis is brought to bear on people-related issues, such as recruiting, performance evaluation, leadership, hiring and promotion, job design, compensation, and collaboration. this course is an introduction to the theory of people analytics, and is not intended to prepare learners to perform complex talent management data analysis. by the end of this course, you’ll understand how and when hard data is used to make soft-skill decisions about hiring and talent development, so that you can position yourself as a strategic partner in your company’s talent management decisions. this course is intended to introduced you to organizations flourish when the people who work in them flourish. analytics can help make both happen. this course in people analytics is designed to help you flourish in your career, too.
",708000.0,beginner,specialization,1 - 3 Months
salesforce sales operations,salesforce,"['Sales', 'Salesforce', 'Customer Relationship Management', 'Sales Systems', 'Account Management', 'Leadership and Management', 'Strategy and Operations', 'Business Process Management', 'Customer Success', 'Marketing', 'Operations Management', 'Strategy', 'B2B Sales', 'Data Visualization Software', 'Databases', 'Business Analysis', 'Data Visualization']",4.6,https://www.coursera.org/professional-certificates/salesforce-sales-operations,38660.0,"the salesforce economy will create more than $1 trillion in new revenue and 4.2 million jobs between 2019 and 2024. developed in partnership with trailhead — salesforce's official learning platform — this certificate aims to teach you the foundational skills in salesforce that will prepare you for a variety of entry-level sales roles, including the sales operations specialist position. this certificate is designed for beginners. no previous experience in salesforce, sales, or crm is necessary to be successful. through four courses, you will learn the fundamentals of crm, how to manage leads in salesforce, how to manage opportunities in salesforce, how to use salesforce to ensure customer success, and how to effectively leverage salesforce data through reports and dashboards.
applied learning project
learners will work hands-on in salesforce to solve real world business problems for a fictional social media company. throughout the certificate, learners will build a portfolio highlighting use cases where they leverage tools in the salesforce sales cloud and service cloud to make the work of a sales team more efficient and effective during the sales process. adopting the role of a sales operations specialist, learners will demonstrate how to optimize the work of marketing associates, sales development representatives, account executives, and sales managers. 
",1200.0,beginner,professional certificate,3 - 6 Months
"influencing: storytelling, change management and governance",macquarie university,"['Leadership and Management', 'Communication', 'Business Psychology', 'Strategy and Operations', 'Change Management', 'Conflict Management', 'Influencing', 'Organizational Development', 'Risk Management', 'Marketing', 'Negotiation', 'Sales', 'Critical Thinking', 'Decision Making', 'Entrepreneurship', 'Human Resources', 'Probability & Statistics', 'Business Communication', 'Employee Relations', 'Business Process Management', 'Innovation', 'People Management', 'Regulations and Compliance', 'Storytelling']",4.8,https://www.coursera.org/specializations/influencing-storytelling-change-management,30414.0,"the ability to influence without force or coercion is important in any organization and at all levels. modern managers must master the art of persuasive communication, adapt to the needs of the audience, construct a good narrative and inspire the audience to act (communicate with impact). they must learn to design and negotiate both informal and complex agreements, and do this in diverse workplace cultures (negotiate and resolve conflict). 
the specialization applies influencing methods in two areas of great importance: change management and risk governance. successful change management eludes many individuals and organizations, so we propose a new approach to enable you to inspire and lead transformations (manage change). similarly, in the post-financial crisis environment, many organizations acknowledge the need for effective risk governance but few, if any, have achieved it. we present evidence-based methods that will help your organization achieve its objectives (engage the board). 
applied learning project
the ability to influence without force or coercion is important in any organization and at all levels. modern managers must master the art of persuasive communication, adapt to the needs of the audience, construct a good narrative and inspire the audience to act (communicate with impact). they must learn to design and negotiate both informal and complex agreements, and do this in diverse workplace cultures (negotiate and resolve conflict). 
the specialization applies influencing methods in two areas of great importance: change management and risk governance. successful change management eludes many individuals and organizations, so we propose a new approach to enable you to inspire and lead transformations (manage change). 
similarly, in the post-financial crisis environment, many organizations acknowledge the need for effective risk governance but few, if any, have achieved it. we present evidence-based methods that will help your organization achieve its objectives (engage the board)
",3600.0,beginner,specialization,3 - 6 Months
"assets, threats, and vulnerabilities",google,"['Cryptography', 'Linux']",4.8,https://www.coursera.org/learn/assets-threats-and-vulnerabilities,37403.0,"in this second course, you will dive deeper into the world of bookkeeping and focus on accounting for assets.  if you are familiar with bookkeeping basics, such as double entry accounting, you are ready for this course. you will gain an understanding of common asset types, learn how to account for inventory, calculate cost of goods sold, and work with property, plant, and equipment (pp&e). upon completing this course, you will use your new knowledge of assets to record transactions and produce financial statements for increasingly complex business situations. 
by the end of this course, you will be able to:
-summarize the common types of assets a business may have
-describe the importance of control over inventory
-outline how depreciation expense is reported on an income statement
-illustrate how transactions can be recorded in terms of the resulting change in the elements of the accounting equation. 

course 1 bookkeeper basics, or the equivalent, is a recommended prerequisite for this course.
",1300.0,beginner,course,1 - 4 Weeks
genomic data science,johns hopkins university,"['Bioinformatics', 'Computer Programming', 'Data Analysis', 'Python Programming', 'Computational Thinking', 'General Statistics', 'Exploratory Data Analysis', 'R Programming', 'Data Analysis Software', 'Algorithms', 'Computer Programming Tools', 'Biostatistics', 'Statistical Analysis', 'Programming Principles', 'Probability & Statistics', 'Statistical Tests', 'Data Structures', 'Operating Systems', 'Research and Design', 'Big Data', 'Computational Logic', 'Problem Solving', 'Statistical Programming', 'Experiment', 'Correlation And Dependence']",4.5,https://www.coursera.org/specializations/genomic-data-science,36982.0,"generative adversarial networks (gans) are powerful machine learning models capable of generating realistic image, video, and voice outputs. 
rooted in game theory, gans have wide-spread application: from improving cybersecurity by fighting against adversarial attacks and anonymizing data to preserve privacy to generating state-of-the-art images, colorizing black and white images, increasing image resolution, creating avatars, turning 2d images to 3d, and more. 
the deeplearning.ai generative adversarial networks (gans) specialization provides an exciting introduction to image generation with gans, charting a path from foundational concepts to advanced techniques through an easy-to-understand approach. it also covers social implications, including bias in ml and the ways to detect it, privacy preservation, and more.
build a comprehensive knowledge base and gain hands-on experience in gans. train your own model using pytorch, use it to create images, and evaluate a variety of advanced gans. 
this specialization is for software engineers, students, and researchers from any field, who are interested in machine learning and want to understand how gans work.
this specialization provides an accessible pathway for all levels of learners looking to break into the gans space or apply gans to their own projects, even without prior familiarity with advanced math and machine learning research.
applied learning project
course 1: in this course, you will understand the fundamental components of gans, build a basic gan using pytorch, use convolutional layers to build advanced dcgans that processes images, apply w-loss function to solve the vanishing gradient problem, and learn how to effectively control your gans and build conditional gans.
 course 2: in this course, you will understand the challenges of evaluating gans, compare different generative models, use the fréchet inception distance (fid) method to evaluate the fidelity and diversity of gans, identify sources of bias and the ways to detect it in gans, and learn and implement the techniques associated with the state-of-the-art stylegan.
course 3: in this course, you will use gans for data augmentation and privacy preservation, survey more applications of gans, and build pix2pix and cyclegan for image translation.
",6200.0,intermediate,specialization,3 - 6 Months
the business of health care,university of pennsylvania,"['Leadership and Management', 'Finance', 'Decision Making', 'Performance Management', 'Strategy and Operations', 'Operations Management', 'Business Analysis', 'Financial Analysis', 'Financial Management', 'Business Psychology', 'Accounting', 'Accounts Payable and Receivable', 'Financial Accounting', 'General Accounting', 'Management Accounting', 'People Management', 'People Analysis', 'Strategy', 'Business Process Management', 'Innovation', 'Leadership Development', 'Payments', 'Behavioral Economics', 'Problem Solving', 'Compensation', 'Correlation And Dependence', 'Insurance Sales', 'Research and Design', 'Risk Management']",4.6,https://www.coursera.org/specializations/healthcare-administration-management,18237.0,"this specialization was designed to help you keep pace with the rapidly changing world of health and health  care. through partnership with wharton and penn medicine, you’ll learn from experts in business acumen, health care management, and health care policy  to develop the skills you’ll need to successfully navigate the quickly evolving landscape of this fast-growing field.* by the end of this specialization, you will have a strong foundational understanding of the american health care system, along with the basic financial and management skills to make better, well-informed decisions that improve the cost and quality of the health care you or your enterprise provides.
*the employment of medical and health services managers is projected to grow 17% from 2014 to 2024, significantly faster than the average for all occupations.
source: bureau of labor statistics, us department of labor. “occupational outlook handbook 2016-17 edition. medical and health services managers.”

applied learning project
learners will have the opportunity to see the application of key concepts covered in the specialization to real-world health care challenges using case studies and financial statements from health care initiatives. by the end of the specialization, learners will be able to apply management and financial skills to their own practice by maximizing cost and efficiency of insurance and healthcare operations.  
",1800.0,beginner,specialization,3 - 6 Months
diseño de experiencia del usuario (ux) de google,google,"['User Experience', 'User Experience Design', 'Research and Design', 'Visual Design', 'Communication', 'Design and Product', 'Persona Research', 'Product Design', 'User Research', 'Adaptability', 'Graphic Design', 'Collaboration', 'Leadership and Management', 'Mobile Development', 'Planning', 'Web Design', 'Audit']",4.8,https://www.coursera.org/professional-certificates/diseno-de-experiencia-del-usuario-ux-de-google,6420.0,"view the specialization trailer: https://youtu.be/nbbgakjubroopens in a new tab
digitalisation is changing our society and the working world, creating new processes and radically altering existing workflows. aerospace is being impacted like every other scientific field and innovation without digitalisation is no longer conceivable. the three-part mooc series “digitalisation in aeronautics and space” is thus devoted to examining the transformations that have already occurred and forthcoming likely changes, posing the question: what will aerospace science be like in future and what will the influence of digitalisation be on research? an array of research fields are focused on in relation to this question, including artificial intelligence in earth observation, robots in production and digital avionics networks, among others.
applied learning project
the course series projects are devoted to examining the principles of terrestrial technology fields and the disruptive changes caused by digitalisation; to the aircraft design process and particularly the challenges arising during the preliminary design phase and eventually to the principle tasks involved in civil aircraft maintenance. those three assessments try to give the participants an authentic insight into aerospace research fields and possible job tasks emerging in the aerospace industry.
",3500.0,beginner,professional certificate,3 - 6 Months
organizational analysis,stanford university,"['Leadership and Management', 'Organizational Development', 'Strategy', 'Strategy and Operations', 'Decision Making', 'Business Psychology', 'Change Management', 'Culture', 'Business Analysis', 'Business Process Management']",4.6,https://www.coursera.org/learn/organizational-analysis,12067.0,"this specialization is intended for beginners to learn how to become proficient writing oracle sql code to create, modify, and edit oracle sql databases.
you will learn the oracle database foundations, explore the platform, try your hand at the basics, and become proficient at building and modifying databases.
applied learning project
learners will test their knowledge in quizzes, practice writing code using simulations, and create and modify their own databases in labs.
by the end of this specialization, you will be proficient at building and modifying databases with oracle sql. 
",1400.0,beginner,course,1 - 3 Months
six sigma yellow belt,university system of georgia,"['Process Analysis', 'Strategy and Operations', 'Leadership and Management', 'Data Analysis', 'Business Analysis', 'Business Process Management', 'Performance Management', 'Probability & Statistics', 'Operational Analysis', 'Organizational Development', 'Problem Solving', 'Project Management', 'General Statistics', 'Planning', 'Statistical Analysis', 'Statistical Tests', 'Critical Thinking', 'Basic Descriptive Statistics', 'Operations Management', 'Statistical Visualization', 'Correlation And Dependence', 'Customer Relationship Management', 'Probability Distribution', 'Collaboration', 'Entrepreneurship', 'Business Psychology', 'Communication']",4.6,https://www.coursera.org/specializations/six-sigma-fundamentals,100147.0,"this specialization is for you if you are looking to learn more about six sigma or refresh your knowledge of the basic components of six sigma and lean. six sigma skills are widely sought by employers both nationally and internationally. these skills have been proven to help improve business processes, performance, and quality assurance. 
in this specialization, you will learn proven principles and tools specific to six sigma and lean.
this is a sequential, linear designed specialization that covers the introductory level content (at the ""yellow belt"" level) of six sigma and lean. yellow belt knowledge is needed before advancing to green belt (which is a second specialization offered here on coursera by the usg). green belt knowledge is needed before moving to a black belt.
the proper sequence of this specialization is:
course #1 - six sigma fundamentals
course #2 - six sigma  tools for define and measure
course #3 - six sigma  tools for analyze
course #4 - six sigma  tools for improve and control
at the end of course #4 (six sigma  tools for improve and control), there is a peer-reviewed, capstone project. successful completion of this project is necessary for full completion of this specialization.
it should be noted that completing either the yellow belt or green belt specializations does not give the learner ""professional accreditation"" in six sigma. however, successful completion will assist in better preparation for such professional accreditation testing.
applied learning project
upon completion of this specialization, learners will have created a project charter, project team charter, data collection plan, process map, along with null and alternative hypotheses, problem statement, business case, goal statement, process and scope description, and timeline. all these will be created using the six sigma principles and tools they learned.
",9000.0,beginner,specialization,3 - 6 Months
analyze data to answer questions,google,"['Data Analysis', 'Data Management', 'Microsoft Excel', 'SQL', 'Spreadsheet Software']",4.6,https://www.coursera.org/learn/analyze-data,6911.0,"being financially and data-literate is a requirement of all effective leaders. this includes the ability to analyse data and harness its value, as well as to leverage these skills to become a future-focused business leader.   in four themed courses, this specialisation will: teach you that financial literacy is a required capability for every business leader (know your numbers 1); provide you with a foundational understanding of how to manage your organisation’s finances effectively (know your numbers 2); equip you with tools to analyse data and generate market insights (generate insights); and explore what to measure to maximise customer value (know your customers).
",9900.0,beginner,course,1 - 4 Weeks
strategic leadership and management,university of illinois at urbana-champaign,"['Leadership and Management', 'Strategy and Operations', 'Strategy', 'Leadership Development', 'Decision Making', 'Entrepreneurship', 'Organizational Development', 'Business Analysis', 'Business Process Management', 'Change Management', 'Business Design', 'Business Development', 'Business Transformation', 'Critical Thinking', 'Culture', 'Performance Management', 'Problem Solving', 'Operations Management', 'Human Resources', 'Marketing', 'Operational Analysis', 'Sales', 'Adaptability', 'Conflict Management', 'Influencing', 'Negotiation', 'Business Psychology', 'Research and Design']",4.8,https://www.coursera.org/specializations/strategic-leadership,108408.0,"through this 6-course specialization
in strategic leadership and management, you will learn the fundamentals of
effectively leading people, teams, and organizations and develop tools to
analyze business situations. in addition to building a conceptual framework for
leadership, learners will develop and practice strategies for immediate impact.
the specialization covers the strategic, human resource, and organizational
foundations for creating and capturing value for sustainable competitive
advantage both within a single business and across a portfolio of businesses.
the specialization culminates in
a capstone:
a leadership and management plan where you’ll apply what you’ve learned to a business
situation. with participation by one or more focal companies, the experiential
and hands-on deliverable will provide valuable practice and create value from
the perspective of potential employers.
this specialization is part of
gies college of business’ suite of online programs, including the imba and
imsm. learn more about admissions into the program and explore how your coursera
work can be leveraged if accepted into the program hereopens in a new tab.
",8800.0,beginner,specialization,3 - 6 Months
machine learning on google cloud,google cloud,"['Machine Learning', 'Applied Machine Learning', 'Google Cloud Platform', 'Human Learning', 'Machine Learning Software', 'Cloud Computing', 'Machine Learning Algorithms', 'Deep Learning', 'Cloud Platforms', 'Artificial Neural Networks', 'Feature Engineering', 'Exploratory Data Analysis', 'Tensorflow', 'Python Programming', 'Data Analysis', 'Data Visualization', 'Probability & Statistics', 'Regression', 'Statistical Programming', 'Statistical Visualization', 'Algorithms', 'SQL', 'Cloud API', 'Apache', 'Extract', 'Transform', 'Load']",4.5,https://www.coursera.org/specializations/machine-learning-tensorflow-gcp,90040.0,"what is machine learning, and what kinds of problems can it solve? how can you build, train, and deploy machine learning models at scale without writing a single line of code?  when should you use automated machine learning or custom training?  
this course teaches you how to build vertex ai automl models without writing a single line of code; build bigquery ml models knowing basic sql; create vertex ai custom training jobs you deploy using containers (with little knowledge of docker); use feature store for data management and governance; use feature engineering for model improvement; determine the appropriate data preprocessing options for your use case; use vertex vizier hyperparameter tuning to incorporate the right mix of parameters that yields accurate, generalized models and knowledge of the theory to solve specific types of ml problems, write distributed ml models that scale in tensorflow; and leverage best practices to implement machine learning on google cloud.

> by enrolling in this specialization you agree to the qwiklabs terms of service as set out in the faq and located at: https://qwiklabs.com/terms_of_serviceopens in a new tab <
applied learning project
this specialization incorporates hands-on labs using our qwiklabs platform.
these hands on components will let you apply the skills you learn in the video lectures. projects will incorporate topics such as google cloud platform products, which are used and configured within qwiklabs. you can expect to gain practical hands-on experience with the concepts explained throughout the modules.
",9600.0,intermediate,specialization,3 - 6 Months
human resource management: hr for people managers,university of minnesota,"['Human Resources', 'Human Resources Operations', 'Employee Relations', 'Strategy and Operations', 'People Management', 'Leadership and Management', 'Communication', 'Strategy', 'Compensation', 'People Development', 'Performance Management', 'Organizational Development', 'Planning', 'Professional Development', 'Recruitment', 'Business Psychology', 'People Analysis', 'Visualization (Computer Graphics)', 'Benefits', 'Business Analysis', 'Culture']",4.8,https://www.coursera.org/specializations/human-resource-management,174464.0,"do you have people reporting to you that need managing? or perhaps you want to consider a career in human resources? or freshen up your hr knowledge?
this specialization provides a robust introduction to the key principles, policies, and practices of human resource management. the specialization begins with a foundational course that considers alternative approaches to managing human resources, provides a background to the u.s. legal context in which employees are hired, fired, rewarded, and managed, and outlines the different reasons that people are motivated to work. the remaining three courses tackle three core areas that all managers should understand: hiring employees, evaluating their performance, and rewarding them. throughout the courses, an accessible, scientific approach is embraced such that best practices and practical tips are informed by research, but presented in accessible, applied ways. 
upon completing the specialization, learners will have a deeper understanding of what works in the workplace, including a toolkit of best practices for hiring, managing, and rewarding employees. 
the specialization will be valuable for managers and entrepreneurs taking on these responsibilities as well as anyone else interested in the fundamental principles of human resource management. the capstone project will provide an opportunity to apply this knowledge to a real situation, including your own organization or work unit if desired.
applied learning project
the projects apply the knowledge learned to specific work groups of your choosing (e.g., your own work team). you will learn how to proactively identify key challenges around staffing, performance management, and compensation and then use this to construct strategies and plans for addressing these challenges in the context of your chosen work group.
",14000.0,beginner,specialization,3 - 6 Months
u.s. federal taxation,university of illinois at urbana-champaign,"['Taxes', 'Accounting', 'Financial Accounting', 'Finance', 'Critical Thinking', 'General Accounting', 'Regulations and Compliance', 'Financial Analysis', 'Corporate Accouting', 'Generally Accepted Accounting Principles (GAAP)', 'Problem Solving', 'Benefits']",4.8,https://www.coursera.org/specializations/united-states-federal-taxation,15895.0,"this specialization introduces the u.s. federal tax system via conceptual and applied material. learners will be able to apply basic principles to settings involving individuals, corporations, and other business entities, complete key components of major, individual u.s. federal tax returns, and identify tax-related strategies and implications of structuring transactions and organizations.
applied learning project
courses within this specialization involve multiple projects within each course, including preparing tax returns and real-world applications of tax principles.  in addition, the capstone for this specialization is comprised of a comprehensive project reflecting key principles of all four foundational courses.  
",831000.0,intermediate,specialization,3 - 6 Months
algorithms for battery management systems,university of colorado boulder,"['Estimation', 'Mathematics', 'Algorithms', 'Probability & Statistics', 'Mathematical Theory & Analysis', 'Systems Design', 'Research and Design', 'General Statistics', 'Critical Thinking', 'Computer Programming', 'Algebra', 'Product Design', 'Correlation And Dependence', 'Design and Product', 'Linear Algebra', 'Problem Solving', 'Process Analysis', 'Computer Programming Tools', 'Data Model', 'Material Handling', 'Leadership and Management', 'Probability Distribution', 'Product Lifecycle', 'Regression']",4.7,https://www.coursera.org/specializations/algorithms-for-battery-management-systems,21805.0,"in this specialization, you will learn the major functions that must be performed by a battery management system, how lithium-ion battery cells work and how to model their behaviors mathematically, and how to write algorithms (computer methods) to estimate state-of-charge, state-of-health, remaining energy, and available power, and how to balance cells in a battery pack. 
applied learning project
learners will start with supplied code templates (in the octave/matlab language) to build their own code to simulate lithium-ion battery cells and packs, and to estimate battery cell state-of-charge, state-of-health (capacity and resistance), remaining energy, and available power. 
",2400.0,intermediate,specialization,3 - 6 Months
google project management,google,"['Leadership and Management', 'Planning', 'Communication', 'Strategy', 'Strategy and Operations', 'Business Analysis', 'Business Development', 'Business Psychology', 'Collaboration', 'Decision Making', 'Design and Product', 'Data Analysis', 'Entrepreneurship', 'Business Communication', 'Conflict Management', 'Emotional Intelligence', 'People Management', 'C++ Programming', 'People Analysis', 'Critical Thinking', 'Network Security', 'Adaptability', 'Organizational Development', 'Project Management', 'Culture']",4.6,https://www.coursera.org/professional-certificates/gestion-de-projet-google,26993.0,"this specialization has been developed to help administrators master the foundations of establishing and managing google workspace for their organization.
you will set up a new google workspace account, and explore provisioning options. you will learn how to manage users and become familiar with organizational structures and google workspace core services. you will learn how to configure these services to meet your own organizational needs.
you will be introduced to the best practices to protect your users and data. you will examine user and application security and become familiar with the single sign on options available. you will be able to use the tools provided to identify security events and mitigate problems that may arise.
you will configure email compliance and implement measures to protect your organization from spam, spoofing, phishing and malware attacks. you will also become familiar with mail routing options available.
finally, you will learn the best practices for deploying google workspace for your organization.
important - before you enroll, you should be prepared to:
- provide credit card details as part of the trial account setup. no charges will be made to your card as long as you cancel the trial before the free period expires. for details, see about your google workspace free trialopens in a new tab. 
- purchase a new domain or use one that you already own. the domain you use is not included as part of a google workspace trial.
- use the chrome web browser.
applied learning project


learners will create a google workspace account and through a series of exercises will build an organizational structure and add users to the account. they will become familiar with the admin console and the features offered to them as the google workspace administrator. they will configure groups, and calendar resources, and understand how to implement core services such as gmail and calendar for different parts of the organization. they will also apply google’s security best practices and become familiar with email management and compliance.
",174000.0,beginner,professional certificate,3 - 6 Months
fundamentals of project planning and management,university of virginia,"['Project Management', 'Strategy and Operations', 'Leadership and Management', 'Planning']",4.7,https://www.coursera.org/learn/uva-darden-project-management,334604.0,"this course, revised in 2022, will introduce you to the theory of music, providing you with the skills needed to read and write western music notation, as well as to understand, analyse, and listen informedly.
it will cover material such as pitches and scales, intervals, clefs, rhythm, form, metre and time signatures, phrases and cadences, and basic harmony.

this course covers the fundamentals of western music theory, from the absolute basics to some more advanced concepts. as such, it delivers material for beginners and offers much to experienced musicians alike.
",9500.0,beginner,course,1 - 4 Weeks
medical billing and coding fundamentals,medcerts,"['Communication', 'Critical Thinking', 'Leadership and Management']",4.8,https://www.coursera.org/specializations/medical-billing-coding-fundamentals,5094.0,"through this specialization, students learn the essential skills of an insurance billing specialist. knowledge of human anatomy and medicine is necessary for any healthcare role, so students are also taught this terminology and structure. additionally, this specialization includes skills to stand out to employers by teaching professionalism, communication, and soft skills specific to an allied health environment.
applied learning project
medcerts’ highly immersive courses use various unique elearning components designed to keep students engaged, stimulated, and entertained throughout training. we are planning to add increased project opportunities and will have more details coming soon.
",254000.0,beginner,specialization,3 - 6 Months
data analysis with r programming,google,"['R Programming', 'Data Analysis', 'Computer Programming', 'Data Visualization', 'SQL']",4.8,https://www.coursera.org/learn/data-analysis-r,15691.0,"deriving insights from data and communicating findings has become an increasingly important part of virtually every profession. this specialization prepares you for this data-driven transformation by teaching you the core principles of data analysis and visualization and by giving you the tools and hands-on practice to communicate the results of your data discoveries effectively.  
you will be introduced to the modern data ecosystem. you will learn the skills required to successfully start data analysis tasks by becoming familiar with spreadsheets like excel. you will examine different data sets, load them into the spreadsheet, and employ techniques like summarization, sorting, filtering, & creating pivot tables.
creating stunning visualizations is a critical part of communicating your data analysis results. you will use excel spreadsheets to create the many different types of data visualizations such as line plots, bar charts, pie charts. you will also create advanced visualizations such as treemaps, scatter charts & map charts. you will then build interactive dashboards. 
this specialization is designed for learners interested in starting a career in the field of data or business analytics, as well as those in other professions, who need basic data analysis and visualization skills to supplement their primary job tasks.
this program is ace® recommended—when you complete, you can earn up to 9 college credits.  
applied learning project
build your data analytics portfolio as you gain practical experience from producing artifacts in the interactive labs and projects throughout this program. each course has a culminating project to apply your newfound skills:
in the first course, create visualizations to detect fraud by analyzing credit card data.
in the second course, import, clean, and analyze fleet vehicle inventory with excel pivot tables.
in the third course, use car sales key performance indicator (kpi) data to create an interactive dashboard with stunning visualizations using excel and ibm cognos analytics.
only a modern web browser is required to complete these practical exercises and projects — no need to download or install anything on your device.
",9000.0,beginner,course,1 - 3 Months
"product ideation, design, and management","university of maryland, college park","['Leadership and Management', 'Design and Product', 'Strategy and Operations', 'Product Management', 'Entrepreneurship', 'Product Development', 'Strategy', 'Product Design', 'Marketing', 'Product Strategy', 'Research and Design', 'Market Research', 'Market Analysis', 'Product Marketing', 'Finance', 'Sales', 'Investment Management', 'Planning', 'Project Management', 'Financial Analysis', 'Financial Management', 'Business Psychology', 'Budget Management', 'Entrepreneurial Finance', 'Software Engineering Tools', 'Innovation']",4.5,https://www.coursera.org/specializations/product-ideation-design-and-management,13644.0,"this specialization is designed for aspiring and active product leaders seeking to pursue careers in product management, product design, and related roles. through five practical courses, you will learn the fundamentals for designing and managing products. upon completion, you will have created your own personal toolbox of knowledge and techniques for approaching and solving real-world problems that product leaders face. 
applied learning project
learners will create a comprehensive set of designs and strategies for a new product or service, or an improvement on an existing product or service. this includes an opportunity assessment, a product-market fit analysis, a prototype, and a funding plan for their innovation.
",492000.0,beginner,specialization,3 - 6 Months
global procurement and sourcing,rutgers the state university of new jersey,"['Procurement', 'Customer Relationship Management', 'Leadership and Management', 'Negotiation', 'Supplier Relationship Management']",4.7,https://www.coursera.org/specializations/procurement-sourcing,76360.0,"the course offers a well-researched and broad-ranging primer to the united nations system.  consisting of an introduction to the complex un family and its history, and a series of ‘snapshots’ of key un functions, which are used to explore important un themes and help learners develop important analysis, communication, and policy-based skills.
the course is aimed broadly at people interested in learning more about the united nations system, assuming a level of interest but no necessary previous knowledge, whilst also offering offering sufficient up to date research and new critical perspectives that it will also be of interest to people with more expertise or academic familiarity with the topic as well. 

the main aim of the course is to provide this wide-ranging introduction in a self-contained, but in-depth form, alongside the important practical skills necessary to understand and discuss un affairs, and potentially lay the groundwork for greater engagement in future – either in civil society or in further study.
",1900.0,beginner,specialization,3 - 6 Months
sound the alarm: detection and response,google,"['Linux', 'Network Security', 'Computer Security Incident Management', 'Leadership and Management']",4.8,https://www.coursera.org/learn/detection-and-response,57310.0,"this is the sixth course in the google cybersecurity certificate. these courses will equip you with the skills you need to apply for an entry-level cybersecurity job. you’ll build on your understanding of the topics that were introduced in the fifth google cybersecurity certificate course.
in this course, you will focus on incident detection and response. you'll define a security incident and explain the incident response lifecycle, including the roles and responsibilities of incident response teams. you'll analyze and interpret network communications to detect security incidents using packet sniffing tools to capture network traffic. by assessing and analyzing artifacts, you'll explore the incident investigation and response processes and procedures. additionally, you'll practice using intrusion detection systems (ids) and security information event management (siem) tools.

google employees who currently work in cybersecurity will guide you through videos, provide hands-on activities and examples that simulate common cybersecurity tasks, and help you build your skills to prepare for jobs. 

learners who complete this certificate will be equipped to apply for entry-level cybersecurity roles. no previous experience is necessary.

by the end of this course, you will: 
- explain the lifecycle of an incident.
- describe the tools used in documentation, detection, and management of incidents.
- analyze packets to interpret network communications.
- perform artifact investigations to analyze and verify security incidents.
- identify the steps to contain, eradicate, and recover from an incident.
- determine how to read and analyze logs during incident investigation.
- interpret the basic syntax and components of signatures and logs in intrusion detection systems (ids) and network intrusion detection systems (nids) tools.
- perform queries in security information and event management (siem) tools to investigate an event.
",946000.0,beginner,course,1 - 4 Weeks
excel basics for data analysis,ibm,"['Microsoft Excel', 'Spreadsheet Software', 'Data Analysis', 'Data Science']",4.8,https://www.coursera.org/learn/excel-basics-data-analysis-ibm,57089.0,"this specialization is for learners wishing to learn microsoft excel from beginner level to expert level.  the first two courses will teach learners the basics of excel through the use of dozens of educational screencasts and a series of quizzes and in-application assignments.  finally, in part 3 (projects), learners will complete several ""real world"", somewhat open ended yet guided projects.  in the projects course, special emphasis is placed on dynamic array functions, which are new in office 365 and have revolutionized the way that worksheet calculations are performed.
applied learning project
in part 3 (projects), learners choose three ""warm-up"" projects (chosen from five potential projects), three intermediate projects (chosen from six potential projects), and three main projects (chosen from five potential projects). thus, learners have liberty to tailor their experience through choice of projects.  screencasts are provided that show hints and previews for each project.
",6900.0,beginner,course,1 - 3 Months
introduction to calculus,the university of sydney,"['Algebra', 'Calculus', 'Mathematical Theory & Analysis', 'Mathematics', 'Problem Solving', 'Computational Logic', 'Critical Thinking', 'Differential Equations', 'Plot (Graphics)', 'Linear Algebra']",4.8,https://www.coursera.org/learn/introduction-to-calculus,7594.0,"this specialization is intended for novice business professionals seeking to develop management, leadership, finance, and digital marketing skills with the ultimate goal of preparing learners to operate or participate in the operation of a business. throughout the three courses, learners will cover people management, the key features of leadership, strategic planning, search engine strategies, reputation management, content creation, common financial statements, cash flow, and expense management.

applied learning project
learners will create three unique final projects for this specialization including a strategic planning session agenda, written strategy concerning statements of cash flow and ratios, and digital marketing strategy recommendations. these projects are an opportunity to apply concepts learned in each of the courses.

",3500.0,intermediate,course,1 - 3 Months
matlab programming for engineers and scientists,vanderbilt university,"['Computer Programming', 'Other Programming Languages', 'Matlab', 'Data Analysis', 'Algorithms', 'Theoretical Computer Science', 'Data Visualization', 'Mathematics', 'Plot (Graphics)', 'Visualization (Computer Graphics)', 'Computer Graphics', 'Statistical Machine Learning', 'General Statistics', 'Problem Solving', 'Programming Principles']",4.8,https://www.coursera.org/specializations/matlab-programming-engineers-scientists,79656.0,"this specialization aims to take learners with little to no programming experience to being able to create matlab programs that solve real-world problems in engineering and the sciences. the focus is on computer programming in general, but the numerous language features that make matlab uniquely suited to engineering and scientific computing are also covered in depth. topics presented range from basic programming concepts in the first course, through more advanced techniques including recursion, program efficiency, object oriented programming, graphical user interfaces in the second course, to data and image analysis, data visualization and machine learning in the third course.
applied learning project
the specialization includes two projects. the first one is the final project of the second course. it is about creating an object oriented application with a graphical user interface that visualizes covid-19 related data from around the world.  the second project is part of the third course and it focuses on image processing.
",18000.0,beginner,specialization,3 - 6 Months
medical terminology,rice university,"['Human Learning', 'Communication']",4.9,https://www.coursera.org/specializations/medicalterminology,11968.0,"this specialization is intended for anybody that is interested in developing skills in medical language or preparing for further studies in the medical field. learners will be able to identify common prefixes, suffixes, roots and abbreviations so they can recognize most medical terms used by medical professionals. learners will also have an understanding of the structure of an electronic health record and extract vital information from it. moreover, learners will gain basic knowledge of the anatomy and diagnoses related to all 10 main organ systems. 
applied learning project
learners will complete 3 final assessments throughout the specialization to test their skills in medical language through fun activities and real-life examples. they are also given the option to present their skills in communicating within a medical setting.
",423000.0,beginner,specialization,3 - 6 Months
system administration and it infrastructure services,google,"['Cloud Computing', 'Leadership and Management']",4.7,https://www.coursera.org/learn/system-administration-it-infrastructure-services,389938.0,"this course will transition you from working on a single computer to an entire fleet. systems administration is the field of it that’s responsible for maintaining reliable computers systems in a multi-user environment. in this course, you’ll learn about the infrastructure services that keep all organizations, big and small, up and running. we’ll deep dive on cloud so that you’ll understand everything from typical cloud infrastructure setups to how to manage cloud resources. you'll also learn how to manage and configure servers and how to use industry tools to manage computers, user information, and user productivity. finally, you’ll learn how to recover your organization’s it infrastructure in the event of a disaster.
by the end of this course you’ll be able to:
● utilize best practices for choosing hardware, vendors, and services for your organization
● understand how the most common infrastructure services that keep an organization
running work, and how to manage infrastructure servers
● understand how to make the most of the cloud for your organization
● manage an organization’s computers and users using the directory services, active
directory, and openldap
● choose and manage the tools that your organization will use
● backup your organization’s data and know how to recover your it infrastructure in the case of
a disaster
● utilize systems administration knowledge to plan and improve processes for it environments
",24000.0,beginner,course,1 - 3 Months
capstone: applying project management in the real world,google,"['Communication', 'Leadership and Management', 'Planning', 'Problem Solving', 'Project Management']",4.8,https://www.coursera.org/learn/applying-project-management,0.0,"the demand for customer service representatives is huge, there are thousands of open job roles in the us alone. this program prepares you for a retail customer service role. retail customer service is an exciting career where every day is a new day and a new adventure.  the target audience for this certificate is anyone who is customer obsessed and is looking to launch a career in retail customer service.  
this program uniquely prepares you for your new role by using a blend of videos, activities, discussions, simulations, peer-reviewed projects, and a final capstone. as you complete each of these activities,  you will create experiences that you can reference in job interviews or even as you work with customers after you have landed the job.  
at the end of this program,  you will be able to: 
- create positive interactions with customers 
- de-escalate conflict with customers 
- process retail transactions in real-world situations 
- describe the different roles in retail customer service 
if you are someone that enjoys meeting people, solving problems, and are ready for new experiences, then this program is right for you. upon completion of this program, you will receive a professional certificate from cvs health to showcase your proficiency. you’ll also gain access to exclusive career support resources to help you in your job search and you’ll have a portfolio of meaningful activities you have completed to show prospective employers.  
applied learning project
throughout this program, there are numerous self-guided activities to help you apply what you learn. in addition, there are three peer review projects, one capstone, and eight simulations. 
simulations allow you to practice customer interactions and transactions in the real world. customers and managers will react to what you would do in each simulation, and you will be able to correct your actions or words as the simulation continues. 
the projects will give you portfolio examples of how to handle customer interactions based on your practice in the real-world simulations. the final capstone project allows you to research and evaluate retail tasks in a real-world setting. you will go into retail settings and use a checklist to provide an analysis of your experience and reflect on how you would act differently based on what you've learned throughout the program. 
",7200.0,beginner,course,1 - 4 Weeks
private equity and venture capital,università bocconi,"['Business Analysis', 'Entrepreneurial Finance', 'Finance', 'Financial Management', 'Investment Management', 'Mergers & Acquisitions', 'Entrepreneurship', 'Decision Making', 'Financial Analysis', 'Strategy']",4.8,https://www.coursera.org/learn/private-equity,237964.0,"the course deals with the analysis of the private equity and venture capital business. 
over the course, students will be provided with a deep understanding of the mechanism underpinning the creation and/or development of a firm and the financial support it can get from the financial system through venture capital investment.

the course tries to discover how special financial intermediaries (called private equity investors) finance through equity companies belonging to different stages of their life-cycle, starting from the very beginning (startup and early stage) to a more mature phase (i.e. expansion, mature age, etc.) or also staying into crises and decline. 

private equity (named venture capital when the company is in the first phases of its life cycle) deals with very different activities, such as scouting, advisory, deal-making, valuation, and financing as financial intermediaries see it. 

course syllabus
the course is made up of four different modules: 
week 1 - introduction to private equity and venture capital
week 2 - discovering private equity investors: legal issues and taxation
week 3 - management of private equity and venture capital funds
week 4 - company valuation and deal making in private equity settings
week 5 - final test
throughout the course, guest speakers and practitioners will be interviewed to provide some examples of concrete applications of the contents presented.

recommended background
an understanding of the basic concepts of corporate financing accounting principles is required, while prior knowledge of private equity and venture capital is not required however it is recommended, as this is a course designed to introduce you to the fundamental concepts in private equity and venture capital.
",7900.0,all_levels,course,1 - 3 Months
management consulting,emory university,"['Leadership and Management', 'Business Communication', 'Critical Thinking', 'Problem Solving', 'Decision Making', 'Strategy', 'Business Development', 'Business Intelligence', 'Communication', 'Market Research', 'Data Analysis', 'People Analysis', 'People Management', 'Process Analysis', 'Project Management', 'Strategy and Operations', 'Data Management']",4.8,https://www.coursera.org/specializations/managementconsulting,9868.0,"this covers all the consulting basics.  why do clients hire consultants?  what are the top 10 superpowers that consultants have? how do you get a consulting job? how do you break-down problems? why do consultants love data? how do consultants get smart quickly? how can you persuade others with your thinking, analysis, presentations, and words?
applied learning project
you will be a consultant-in-training who needs to apply what you're learning to the assignments included in each course. it will help you think and act like a management consultant at your work and when recruiting for a consulting job.  in addition to practicing with some consultant tools shared in the courses, other assignments will help prepare you for getting the job. 
",619000.0,beginner,specialization,3 - 6 Months
share data through the art of visualization,google,"['Business Communication', 'Data Analysis', 'Data Visualization', 'Data Visualization Software', 'Tableau Software']",4.6,https://www.coursera.org/learn/visualize-data,430820.0,"this is the sixth course in the google data analytics certificate. these courses will equip you with the skills needed to apply to introductory-level data analyst jobs. you’ll learn how to visualize and present your data findings as you complete the data analysis process. this course will show you how data visualizations, such as visual dashboards, can help bring your data to life. you’ll also explore tableau, a data visualization platform that will help you create effective visualizations for your presentations. current google data analysts will continue to instruct and provide you with hands-on ways to accomplish common data analyst tasks with the best tools and resources.
learners who complete this certificate program will be equipped to apply for introductory-level jobs as data analysts. no previous experience is necessary.

by the end of this course, you will:
 - examine the importance of data visualization.
 - learn how to form a compelling narrative through data stories.
 - gain an understanding of how to use tableau to create dashboards and dashboard filters.
 - discover how to use tableau to create effective visualizations. 
 - explore the principles and practices involved with effective presentations.
 - learn how to consider potential limitations associated with the data in your presentations.
 - understand how to apply best practices to a q&a with your audience.
",8000.0,beginner,course,1 - 4 Weeks
financial engineering and risk management,columbia university,"['Finance', 'Risk Management', 'Probability & Statistics', 'Leadership and Management', 'Mathematics', 'Investment Management', 'Securities Sales', 'Securities Trading', 'Computer Programming']",4.5,https://www.coursera.org/specializations/financialengineering,33709.0,"in this course, you’ll explore how financial statement data and non-financial metrics can be linked to financial performance. professors rick lambert and chris ittner of the wharton school have designed this course to help you gain a practical understanding of how data is used to assess what drives financial performance and forecast future financial scenarios. you’ll learn more about the frameworks of financial reporting, income statements, and cash reporting, and apply different approaches to analyzing financial performance using real-life examples to see the concepts in action. by the end of this course, you’ll have honed your skills in understanding how financial data and non-financial data interact to forecast events and be able to determine the best financial strategy for your organization.
",217000.0,intermediate,specialization,3 - 6 Months
project management,university of colorado boulder,"['Leadership and Management', 'Project Management', 'Planning', 'Strategy and Operations', 'Product Management', 'Agile Software Development', 'People Management', 'Strategy', 'Scrum (Software Development)', 'Performance Management', 'Risk Management', 'Business Process Management', 'Business Communication', 'Decision Making', 'Adaptability', 'Organizational Development', 'Data Analysis', 'Estimation', 'Budget Management']",4.8,https://www.coursera.org/specializations/meem-project-management,11334.0,"the project management specialization is designed to be an introduction to the project management discipline, including the concepts, tools, and techniques used in the management and leadership of projects. key topics covered include the role of the project manager; the project team; cost, schedule and risk management; quality in projects; and the project lifecycle.
the courses in this specialization can be taken for academic credit as part of cu boulder’s master of engineering in engineering management (me-em) degree offered on the coursera platform. the me-em is designed to help engineers, scientists, and technical professionals move into leadership and management roles in the engineering and technical sectors. with performance-based admissions and no application process, the me-em is ideal for individuals with a broad range of undergraduate education and/or professional experience. learn more about the me-em program at https://www.coursera.org/degrees/me-engineering-management-boulder.
logo image courtesy of justus menke, available on unsplash at https://unsplash.com/photos/ygbyrofge3c
applied learning project
throughout the specialization, learners will be introduced to the concepts of project management. you will learn the formal project management process which includes tools that are commonly used in the discipline. learners will have an opportunity to apply these tools to manage a small “virtual” project. upon completion of the specialization, learners should have the basis for a comprehensive final project plan. 




",506000.0,beginner,specialization,1 - 3 Months
management of fashion and luxury companies,università bocconi,"['Brand Management', 'Leadership and Management', 'Marketing', 'Retail Sales', 'Strategy', 'Communication', 'Digital Marketing', 'E-Commerce', 'Marketing Management', 'Retail Store Operations']",4.7,https://www.coursera.org/learn/mafash,256877.0,"learn how fashion and luxury companies work and understand their brands, products, retail, and communication strategies. travel through business models, international development, and product categories with industry influent experts.
adopting a case-study approach, the course presents strategic brand management in luxury and fashion companies as a balancing act: tradition vs. innovation, expertise vs. experimentation, casual vs. stylish; in order to increase the brand value by nurturing the brand heritage and at the same time staying fresh, relevant, and contemporary in the global marketplace. 

topics such as the impact of new retail channels, new media channels, and new business declinations for the brand and emerging markets will be discussed in the course.
",5600.0,all_levels,course,1 - 3 Months
automate cybersecurity tasks with python,google,"['Python Programming', 'Algorithms', 'Computer Programming']",4.8,https://www.coursera.org/learn/automate-cybersecurity-tasks-with-python,68630.0,"prove to potential employers that you’re up to the task by becoming an autodesk certified professional. this online course from autodesk prepares you by offering an overview of skills that match what is covered in the autodesk certified professional: revit for architectural design exam. the video lessons are structured to match the exam’s objective domains and follow the typical workflow and features of the autodesk® revit® architecture software, including sections on modeling and materials, families, documentation, views, and revit project management. in the course, you'll review advanced modeling architectural topics and work with walls, floors, roofs, ceilings, stairs, columns, and rooms. you'll also gain an understanding of exam topics such as family categories and types, phases and design options, schedules, and worksharing. brush up on selection sets, detail components, color schemes, levels and grids, and much more.
about the autodesk certified professional: revit for architectural design exam:  
the autodesk certified professional: revit for architectural design exam is the recognized standard for measuring your architectural design skills and knowledge in revit. the certification enables you to showcase your abilities and also signals to potential employers that your skills have been validated. this type of experience typically comes from having worked with the software on a regular basis for at least 2 years, equivalent to approximately 400 hours (minimum) - 1200 hours (recommended), of real-world autodesk software experience.

the autodesk certified professional (acp) certifications exams can be taken at a pearson vue testing center or through onvue, pearson vue’s online proctored environment. candidates are given 120 minutes to complete a certification exam and should review the testing center polices and requirements before scheduling. ready to take the exam? schedule to take the exam online or find a testing center near you on pearsonvue.com/autodesk.

looking for more skill-building courses? check out autodesk’s additional learning resources to help with your learning journey: https://www.autodesk.com/learning
",918000.0,beginner,course,1 - 4 Weeks
microsoft azure fundamentals az-900 exam prep,microsoft,"['Cloud Computing', 'Microsoft Azure', 'Cloud Management', 'Cloud Applications', 'Cloud Infrastructure', 'Cloud Platforms', 'Network Security', 'Cloud Engineering', 'Cloud Standards', 'DevOps', 'Leadership and Management', 'System Security', 'Cloud Storage', 'Machine Learning', 'Software As A Service', 'Cloud-Based Integration', 'Software Security', 'Data Management', 'Product Lifecycle', 'Security Software', 'Databases']",4.6,https://www.coursera.org/specializations/microsoft-azure-fundamentals-az-900,65678.0,"cloud computing is rapidly expanding into all areas of businesses, creating new and exciting career opportunities. these opportunities cover a broad range of roles, from developers and architects to security professionals and data scientists. this program will give you the fundamental knowledge, skills, and confidence to begin your microsoft azure certification journey.
this microsoft azure fundamentals az-900 exam prep specialization consists of four courses that will act as a bedrock of fundamental knowledge to prepare you for the az-900 certification exam and for a career in the cloud. the content of this program is tightly aligned to the az-900 exam objective domains.
this program will provide foundational level knowledge on microsoft azure concepts; core microsoft azure services; core solutions and management tools; general security and network security; governance, privacy, and compliance features; microsoft azure cost management, and service level agreements. ideal for it personnel just beginning to work with microsoft azure or anyone wanting to learn about it.
this specialization will prepare you to take the az-900: microsoft azure fundamentals exam. upon completion of the specialization, you will be offered a discount to the microsoft azure fundamentals certification exam to be redeemed at pearson vue, microsoft's proctor exam site. limited discount vouchers are available on first-come-first-serve basis. coursera and microsoft may end the offer at any time. 
applied learning project
learners will engage in interactive exercises throughout this program that offers opportunities to practice and implement what they are learning. they use the microsoft learn sandbox. this a free environment that allows learners to explore microsoft azure and get hands-on with live microsoft azure resources and services.
for example, when they learn about creating a sql database, they will work in a temporary azure environment called the sandbox. the beauty about this is that you will be working with real technology but in a controlled environment, which allows you to apply what you learn, and at your own pace.
you will need a microsoft account to sign into the sandbox. if you don't have one, you can create one for free. the learn sandbox allows free, fixed-time access to a cloud subscription with no credit card required. learners can safely explore, create, and manage resources without the fear of incurring costs or ""breaking production"".
",2400.0,beginner,specialization,3 - 6 Months
build wireframes and low-fidelity prototypes,google,"['Product Design', 'User Experience', 'User Research']",4.9,https://www.coursera.org/learn/wireframes-low-fidelity-prototypes,58050.0,"in this course, you will:
- learn about gans and their applications
- understand the intuition behind the fundamental components of gans
- explore and implement multiple gan architectures
- build conditional gans capable of generating examples from determined categories

the deeplearning.ai generative adversarial networks (gans) specialization provides an exciting introduction to image generation with gans, charting a path from foundational concepts to advanced techniques through an easy-to-understand approach. it also covers social implications, including bias in ml and the ways to detect it, privacy preservation, and more.

build a comprehensive knowledge base and gain hands-on experience in gans. train your own model using pytorch, use it to create images, and evaluate a variety of advanced gans. 

this specialization provides an accessible pathway for all levels of learners looking to break into the gans space or apply gans to their own projects, even without prior familiarity with advanced math and machine learning research.
",7900.0,beginner,course,1 - 4 Weeks
databases and sql for data science with python,ibm,"['Python Programming', 'Computer Programming', 'Data Analysis', 'Data Management', 'Data Structures', 'Database Administration', 'Database Application', 'Database Theory', 'Databases', 'SQL', 'Cloud Computing', 'IBM Cloud']",4.6,https://www.coursera.org/learn/sql-data-science,143648.0,"in 2020 the world will generate 50 times the amount of data as in 2011. and 75 times the number of information sources (idc, 2011). being able to use this data provides huge opportunities and to turn these opportunities into reality, people need to use data to solve problems.
 this specialization, in collaboration with tableau, is intended for newcomers to data visualization with no prior experience using tableau. we leverage tableau's library of resources to demonstrate best practices for data visualization and data storytelling. you will view examples from real world business cases and journalistic examples from leading media companies. 
by the end of this specialization, you will be able to generate powerful reports and dashboards that will help people make decisions and take action based on their business data. you will use tableau to create high-impact visualizations of common data analyses to help you see and understand your data. you will apply predicative analytics to improve business decision making.  the specialization culminates in a capstone project in which you will use sample data to create visualizations, dashboards, and data models to prepare a presentation to the executive leadership of a fictional company. 
",19000.0,beginner,course,1 - 3 Months
the business of music production,berklee,"['Creativity', 'Critical Thinking', 'Regulations and Compliance', 'Problem Solving', 'Process Analysis', 'Writing', 'Decision Making', 'Business Analysis', 'Deep Learning', 'Strategy', 'Leadership and Management']",4.8,https://www.coursera.org/specializations/business-music-production,9178.0,"in the current music industry, it is crucial that artists and producers are armed with a clear understanding of how the business works. to be successful in this business, you must have equal parts musical artistry and business savvy. in this specialization, you’ll learn about the various roles in the music industry, how to read and decipher a recording contract, and how to protect your assets in the united states under us copyright law. you’ll also learn how to launch your career as a producer, how to establish a vision and intention for the music you want to produce, and how to record music using the most popular industry standard digital audio workstation (daw), protools. 
applied learning project
in this specialization, you will analyze case studies of real music industry scenarios. you’ll also create a professional level recording project. you will produce, record, mix, and master either your own or another artist’s original music using the industry standard digital audio workstation, pro tools.
",5000.0,beginner,specialization,3 - 6 Months
practical data science on the aws cloud,multiple educators,"['Amazon Web Services', 'Exploratory Data Analysis']",4.5,https://www.coursera.org/specializations/practical-data-science,42211.0,"design modern switched-mode power converters; create high-performance control loops around power converters; understand efficiency, power density and cost trade-offs
by 2030, 80% of all electrical energy will be processed by power electronics. professional advantages continue to grow for technical engineers who understand the fundamental principles and technical requirements of modern power conversion systems. this specialization covers design-oriented analysis, modeling and simulation techniques leading to practical engineering of high-performance power electronics systems.
",533000.0,advanced,specialization,1 - 3 Months
java programming and software engineering fundamentals,duke university,"['Computer Programming', 'Java Programming', 'Programming Principles', 'Algorithms', 'Problem Solving', 'Data Structures', 'Software Engineering', 'Computer Programming Tools', 'Critical Thinking', 'Computational Thinking', 'Data Analysis', 'Javascript', 'Software Testing', 'Front-End Web Development', 'HTML and CSS', 'Web Design', 'Web Development', 'Web Development Tools', 'Computer Graphic Techniques', 'Software Architecture', 'Data Model', 'Cryptography', 'Data Management', 'Small Data']",4.6,https://www.coursera.org/specializations/java-programming,3516.0,"introducing the java fullstack developer specialization, designed to empower your software development career by providing a comprehensive skillset for building integrated, cloud-ready web applications.
the specialization consists of three intensive courses:
fundamentals of java programming: 
understanding of core java programming concepts and principles
proficiency in object-oriented programming principles such as inheritance, polymorphism, and abstraction
gaining knowledge in advanced java topics like multi-threading, concurrency, and the application of common data structures
front-end for java full stack development: 
acquiring essential skills in html, css, and javascript for creating interactive web pages
mastery of the angular framework, including the development of reactive forms and handling of http requests
building and deploying complex web applications that integrate with apis
data structures & back-end with java: 
knowledge of fundamental data structures and algorithms and their implementation in java
proficiency in server-side programming with servlets and javaserver pages (jsp)
experience in connecting to databases using java database connectivity (jdbc) and working with industry-standard frameworks like spring and hibernate
by the end of this specialization, you'll be well-versed in java programming, dynamic front-end web development using angular, and robust back-end system creation using spring and spring boot.
applied learning project
this specialization emphasizes hands-on learning and practical application, deeply rooted in real-world contexts. learners are actively engaged in architecting robust web applications, applying their holistic understanding of java, angular, and spring, and harnessing the power of experiential learning. led by instructors with significant industry experience, learners explore the practical aspects of java full stack development, laying a robust foundation for their career in software development.  

",22000.0,beginner,specialization,3 - 6 Months
google professional workspace administrator,google cloud,"['Leadership and Management', 'Account Management', 'Google Cloud Platform', 'Cloud Management', 'System Security', 'Cloud Applications', 'Cloud Platforms', 'Security Engineering', 'Operations Management', 'Software Security', 'Network Security', 'Cloud Computing', 'Data Management', 'Security Strategy', 'Cloud Infrastructure', 'Organizational Development', 'Other Cloud Platforms and Tools', 'Change Management', 'Cloud-Based Integration', 'Database Administration', 'Collaboration', 'Software As A Service', 'Strategy and Operations', 'Computer Security Incident Management', 'Planning', 'Strategy', 'Security Software', 'Project Management', 'Accounting']",4.7,https://www.coursera.org/professional-certificates/g-suite-administration,18033.0,"prepárate para este certificado de carrera de google en marketing digital y comercio electrónico, que podrás completar en menos de seis meses, sin necesidad de contar con experiencia previa ni acreditar título universitario. las empresas están a la búsqueda de talento para ocupar puestos laborales en estas áreas de alto crecimiento.para el 86 % de las y los líderes empresarialesopens in a new tab, el comercio electrónico será el canal de ventas más importante para el crecimiento de sus organizaciones. 
al completar este certificado, adquirirás las habilidades necesarias para un trabajo de nivel inicial y aprenderás a usar herramientas y plataformas como canva, constant contact, google ads, google analytics, hootsuite, hubspot, mailchimp, shopify y twitter. además, te formarás con especialistas de google y crearás un portafolio con proyectos, como clientes ideales y calendarios de redes sociales, para mostrar a posibles empleadores.
el 75 % de quienes se gradúan en los certificados de carrera de google en los estados unidos aseguran haber mejorado su situación laboral  en menos de seis meses.1
echa un vistazo a todos los certificados de carrera de google aquíopens in a new tab.
este programa no contiene información confidencial. todas las funciones de google search que se enseñan están disponibles públicamente. puedes acceder a más información en la documentaciónopens in a new tab oficial de google search.
1según las respuestas de la encuesta de graduados del programa, ee.uu., 2021. 
applied learning project
el programa incluye más de 190 horas de lecciones y evaluaciones prácticas, que simulan casos reales de marketing digital y comercio electrónico. el contenido es interactivo y fue diseñado por colaboradores/as de google con experiencia en el área.
entre las habilidades que obtendrás están: desarrollar estrategias de marketing digital y comercio electrónico; atraer clientes y comunicarte con tu audiencia a través de diversos canales; analizar métricas y compartir información; crear tiendas en línea y evaluar su performance, y fidelizar clientes.
aprenderás a usar, entre otras, las siguientes plataformas y herramientas: canva, constant contact, google ads, google analytics, hootsuite, hubspot, mailchimp, shopify y twitter.
a través de videos, evaluaciones y ejercicios prácticos, aprenderás a usar las herramientas y plataformas necesarias para ocupar un puesto de nivel inicial. adquirirás las habilidades que muchos de los empleadores están buscando hoy en el mercado.
",2900.0,beginner,professional certificate,1 - 4 Weeks
scrum master certification,learnquest,"['Agile Software Development', 'Scrum (Software Development)', 'Project Management', 'Software Engineering', 'Continuous Delivery', 'Product Development', 'Continuous Integration', 'Leadership and Management', 'Product Management', 'Collaboration', 'Software Testing', 'Strategy', 'Application Development', 'DevOps', 'Product Lifecycle', 'Planning', 'Software Engineering Tools', 'System Software', 'Devops Tools', 'Performance Management', 'Risk Management']",4.7,https://www.coursera.org/specializations/learnquest-certified-scrum-master,52569.0,"in this specialization, you'll learn about managing tasks and events within a sprint, scrum terminology and roles, scrum reporting, and managing risks. we'll discuss story points and user stories, scaling scrum, continuous integration, test-driven development (tdd), and behavior driven development (bdd). 
applied learning project
throughout this specialization, you'll create a plan for continuous integration, define your cross-functional team functions, and design a plan for practicing devops using cloud and virtualization. because scrum is a collaborative effort, you will be working and communicating with others in the course to discuss approaches and styles.
",2600.0,beginner,specialization,3 - 6 Months
the strategy of content marketing,"university of california, davis","['Digital Marketing', 'Marketing', 'Writing', 'Strategy']",4.5,https://www.coursera.org/learn/content-marketing,484753.0,"this course is a partnership between the leading content marketing authority, copyblogger, and uc davis continuing and professional education. in this course, you will learn the core strategies content marketers use to acquire and retain customers profitably. specifically, you will learn how to develop, organize and implement a content marketing strategy, analyze and measure the effectiveness of content marketing, write compelling copy, use a strategic framework when writing, and build your professional brand and authority through content marketing. you will also learn how to put the ideas presented to you into action and build your own personal brand through content marketing.
",4300.0,intermediate,course,1 - 3 Months
introduction to front-end development,meta,"['HTML and CSS', 'React (web framework)', 'Web Development', 'Front-End Web Development', 'Web Design', 'Web Development Tools']",4.8,https://www.coursera.org/learn/introduction-to-front-end-development,140407.0,"we have all seen forensic scientists in tv shows, but how do they really work? what is the science behind their work?
the course aims to explain the scientific principles and techniques behind the work of forensic scientists and will be illustrated with numerous case studies from singapore and around the world.

some questions which we will attempt to address include:

how did forensics come about? what is the role of forensics in police work? can these methods be used in non-criminal areas?
blood. what is it? how can traces of blood be found and used in evidence?
is dna chemistry really so powerful?
what happens (biologically and chemically) if someone tries to poison me? what happens if i try to poison myself?
how can we tell how long someone has been dead? what if they have been dead for a really long time?
can a little piece of a carpet fluff, or a single hair, convict someone?
was emperor napoleon murdered by the perfidious british, or killed by his wallpaper?

*for nanyang technological university (ntu) students, please be noted that this course will no longer be eligible for credit transfer.
",9500.0,beginner,course,1 - 4 Weeks
six sigma black belt,university system of georgia,"['Leadership and Management', 'Organizational Development', 'Strategy and Operations', 'General Statistics', 'Probability & Statistics', 'Operations Management', 'Process Analysis', 'Statistical Analysis', 'Business Analysis', 'Data Analysis', 'Project Management', 'Business Process Management', 'Performance Management', 'Basic Descriptive Statistics', 'Entrepreneurship', 'Statistical Tests', 'Problem Solving', 'Probability Distribution', 'Statistical Visualization', 'Strategy', 'Decision Making', 'Leadership Development', 'Planning', 'Correlation And Dependence', 'People Management', 'Communication', 'Customer Analysis', 'Marketing', 'Sales', 'Conflict Management', 'Customer Success', 'Experiment']",4.6,https://www.coursera.org/specializations/six-sigma-black-belt,13523.0,"in this specialization, learners developed and furthered their understanding of the six sigma dmaic process. this specialization also explored the intersection between six sigma and lean
as well as developed enhanced understanding of the dmaic process beyond the
confines of green belt instruction by also including content in organizational
planning and development, team management, and design for six sigma. 
applied learning project
throughout the specialization, learners are tasked with the completion of portions of a capstone type peer reviewed project grounded in the dmaic process and implemented such that the deliverables align with the content presented in the course. quizzes are also offered to reinforce and cement understanding of the content.
",475000.0,intermediate,specialization,3 - 6 Months
introduction to cybersecurity tools & cyber attacks,ibm,"['Cryptography', 'Security Software', 'Cyberattacks', 'Leadership and Management']",4.6,https://www.coursera.org/learn/introduction-cybersecurity-cyber-attacks,54196.0,"introduction to cyber security was designed to help learners develop a deeper understanding of modern information and system protection technology and methods. the learning outcome is simple: we hope learners will develop a lifelong passion and appreciation for cyber security, which we are certain will help in future endeavors. students, developers, managers, engineers, and even private citizens will benefit from this learning experience. special customized interviews with industry partners were included to help connect the cyber security concepts to live business experiences.
applied learning project
quizzes and projects for introduction to cyber security were designed to exercise the learner’s understanding and retention of the covered topics. emphasis is on foundational issues, rather than just memorizing facts. the goal is to help learners develop the habit of properly assessing and improving cyber risk posture in real computing, networking, and software systems. authentic scenarios are included based on practical enterprise and infrastructure deployments to enhance the learning experience.
",15000.0,beginner,course,1 - 4 Weeks
financial management,university of illinois at urbana-champaign,"['Financial Management', 'Finance', 'Financial Analysis', 'Financial Accounting', 'Leadership and Management', 'Accounting', 'Investment Management', 'Risk Management', 'Cash Management', 'Accounts Payable and Receivable', 'General Accounting', 'Management Accounting', 'Account Management', 'Corporate Accouting', 'Generally Accepted Accounting Principles (GAAP)', 'Cost Accounting', 'Decision Making', 'Market Analysis', 'Securities Trading', 'Strategy', 'Correlation And Dependence', 'Taxes', 'Mergers & Acquisitions']",4.7,https://www.coursera.org/specializations/financial-management,7075.0,"in an era of thriving businesses, both small and large, it is crucial to possess a wholistic understanding of the financial building blocks of a successful organization. through this 3-course specialization in financial analysis, you will gain a well-rounded knowledge of key financial concepts that will help you apply an analytic mindset to understanding and driving organizational decisions and success.
the courses in this specialization focus on financial topics and organizational principles. topics covered include:
understanding the importance of gaining a financial perspective
identifying and applying fundamental principles of accounting and finance
identifying a firm’s financial statements and understanding how they reflect company position and performance
understanding the basics of financial statement analysis
using financial information to facilitate strategic and operational decision-making
planning and budgeting to effectively and efficiently allocate resources
this specialization is designed to build on the foundational skills developed in the google data analytics professional certificate; earn a dual credential when you complete a google career certificate and this specialization.
applied learning project
a central premise of these courses is that obtaining a well-rounded understandingof the financial concepts is crucial to successfully growing and sustaining an organization.major subject areas will be followed by an in-depth application and analysis exercise. 
",6500.0,intermediate,specialization,3 - 6 Months
"food sustainability, mindful eating, and healthy cooking",stanford university,['Leadership and Management'],4.8,https://www.coursera.org/specializations/food-sustainability-mindful-eating-healthy-cooking,137227.0,"managing a company in the food and beverage industry is a fascinating task.
food and beverage products are so deeply rooted in the culture of most countries that making and selling them is not only a matter of making and selling good and tasty products, but products that nurture people's body, soul, and heart. given this, it's not difficult to see that the task quickly becomes complex.

the objective of this course is twofold: first, we will focus on contemporary challenges that managers and entrepreneurs in food and beverage businesses should be able to face; and second, we will provide models and tools to design and implement appropriate courses of action to satisfy customers and build an advantage over the competition.

this course is made up of four modules and an introduction, each exploring one dilemma that food and beverage companies face. you will be presented with a set of video lectures and guest speakers. these lectures combine an accessible introduction to specific topics integrated with interviews of managers and experts that will give precious insights and examples to the participants.

to enhance your learning experience with us, we will make a documentary on the excellences of the modena district available for you, which is in a format that we have developed specifically for this course in order to give you the chance to experience first-hand the territory as our on-campus students usually do.

each module is paired with an evaluated quiz and weekly discussion forums to reflect on the variety of the f&b world, its complexity, and the power of the network that we will build together during the course.

successful completion of the quizzes is required for a course certificate as explained in the grading policy.

below the guest speakers of the course:

masterchef italia sky – nils hartmann, head of movie channels at sky italia – www.masterchef.sky.it
eataly - paolo bongiovanni, marketing director italy – www.eataly.net
berlucchi – paolo ziliani, owner – www.berlucchi.it
joia restaurant – alta cucina naturale – pietro leemann, owner and chef – www.joia.it
branca – nicolò branca, owner – www.branca.it
barilla – giuseppe morici, president region europe – www.barilla.com
proyecto expo 2015 chile – guillermo ariztia, chile pavillon director – www.expomilan.cl
winery il cavallante, milano – sergio morpurgo, owner
heineken – floris cobelens, marketing director – www.heineken.com
trdn – martin oetting, managing director – www.trnd.com
grom – federico grom, owner and founder – www.grom.it/en
tetra pak – matthew hatton, director competitor intelligence – www.tetrapak.com
biohombre – matteo panini, ceo – www.hombre.it
acetaia maletti – carmen & claudio maletti
cantine riunite & civ – vanni lusetti, ceo; francesca benini, sales & marketing manager; elena lottici, export manager; mario vandi, brand manager – www.riunite.it
glemgas – marco guerzoni, program product manager – www.glemgas.com
bibendum catering – lafranceschetta58 – sabrina lazzereschi & marta pulini, owners and founders – www.bibendumcatering.it , www.franceschetta58.it

disclaimer - since most of the videos are conducted with those whose native language is not english, we have decided to sometimes preserve their more emphatic speech to keep a tighter match between the audio and the subtitles.
",434000.0,beginner,specialization,1 - 3 Months
calculus for machine learning and data science,deeplearning.ai,"['Machine Learning', 'Calculus', 'Differential Equations', 'Mathematics', 'Machine Learning Algorithms', 'Regression', 'Algebra', 'Algorithms', 'Artificial Neural Networks']",4.8,https://www.coursera.org/learn/machine-learning-calculus,1403637.0,"the covid-19 crisis has created an unprecedented need for contact tracing across the country, requiring thousands of people to learn key skills quickly. the job qualifications for contact tracing positions differ throughout the country and the world, with some new positions open to individuals with a high school diploma or equivalent. 
in this introductory course, students will learn about the science of sars-cov-2 , including the infectious period, the clinical presentation of covid-19, and the evidence for how sars-cov-2 is transmitted from person-to-person and why contact tracing can be such an effective public health intervention. students will learn about how contact tracing is done, including how to build rapport with cases, identify their contacts, and support both cases and their contacts to stop transmission in their communities. the course will also cover several important ethical considerations around contact tracing, isolation, and quarantine. finally, the course will identify some of the most common barriers to contact tracing efforts -- along with strategies to overcome them.
",445000.0,beginner,course,1 - 4 Weeks
music production,berklee,"['Creativity', 'Planning']",4.8,https://www.coursera.org/specializations/music-production,4779.0,"in the music education for teachers specialization, you will explore ways of integrating popular music into your teaching. you'll begin by learning from two highly experienced teachers, krystal banfield, the vice president of educational outreach for berklee college of music, and david alexis a berklee professor and long-time instructor for the berklee city music program. they will take you through their process of incorporating popular music, improvisation, arranging, and music technology into the classroom while still fulfilling the common core learning standards. 
you'll continue with a deeper dive into these topics that will help you build your popular music curriculum. in jazz improvisation taught by grammy-winning gary burton, you'll learn how to use improvisation as language and story-telling. you'll also learn how to use a variety of chord scales, modes, and improv techniques. next, in arranging for songwriters taught by renown berklee faculty bonnie hayes and sarah brindell, you'll learn how to create arrangements of songs. finally, in the art of music production, taught by producer stephen webber, you'll learn how to begin to record music in a meaningful, yet approachable way. 
this specialization will give you the tools you'll need to develop effective, relevant, and compelling lessons for your classroom, online learning space, or private lesson instruction. 
applied learning project
in this specialization, you will develop a toolkit to teach popular music, improvisation, arranging, and music technology. you will also create projects in each of the popular music subjects that you will use, including projects on jazz improvisation, arranging songs, and music production.
",2800.0,beginner,specialization,3 - 6 Months
python project for data science,ibm,"['Python Programming', 'Computer Programming', 'Data Analysis', 'Data Science']",4.5,https://www.coursera.org/learn/python-project-for-data-science,165927.0,"this mini-course is intended to for you to demonstrate foundational python skills for working with data. this course primarily involves completing a project in which you will assume the role of a data scientist or a data analyst and be provided with a real-world data set and a real-world inspired scenario to identify patterns and trends. 
you will perform specific data science and data analytics tasks such as extracting data, web scraping, visualizing data and creating a dashboard. this project will showcase your proficiency with python and using libraries such as pandas and beautiful soup within a jupyter notebook. upon completion you will have an impressive project to add to your job portfolio.   

pre-requisite: **python for data science, ai and development** course from ibm is a pre-requisite for this project course. please ensure that before taking this course you have either completed the python for data science, ai and development course from ibm or have equivalent proficiency in working with python and data.  

note: this course is not intended to teach you python and does not have too much instructional content. it is intended for you to apply prior python knowledge.
",3800.0,intermediate,course,1 - 4 Weeks
game design: art and concepts,california institute of the arts,"['Creativity', 'Storytelling', 'Writing']",4.7,https://www.coursera.org/specializations/game-design,16335.0,"in this completely revised 2021 version of the specialization, learners build the skills necessary to design and development games. the specialization focuses on both the theory and practice of game making. from a technical standpoint, learners create four game projects in the latest unity 2020 game engine, include a 2d shooter, 2d platformer, first-person shooter, and 3d platformer. in the capstone project, learners create a completely original game of their own design from initial concept up to the first playable prototype. the specialization comes from the michigan state university game program which is ranked as one of the top programs in north america.
applied learning project
learners build four complete unity game projects while acquiring the knowledge, skills, and attitudes to succeed in the game industry. learners build a solid foundation for industry roles as a game designer, level designer, technical designer, technical artist, programmer, and/or producer.
",3800.0,beginner,specialization,3 - 6 Months
investment management,university of geneva,"['Finance', 'Investment Management', 'Leadership and Management', 'Financial Analysis', 'Risk Management', 'Financial Management', 'Market Analysis', 'Strategy', 'Decision Making', 'Behavioral Economics', 'Strategy and Operations', 'Correlation And Dependence', 'Market Research', 'Performance Management', 'Probability & Statistics', 'Securities Trading', 'Mathematical Theory & Analysis', 'Banking', 'Statistical Analysis']",4.7,https://www.coursera.org/specializations/investment-management,109804.0,"whether you are starting out or looking for a career change, the intuit academy bookkeeping program prepares you for a variety of jobs in public accounting, private industry, government, and non-profit organizations—and for the intuit academy bookkeeping exam. if you are detail-oriented and passionate about solving clients’ problems, this program is for you. you’ll gain a foundational understanding of accounting principles and an introduction to quickbooks online through hands-on practice working with real-world accounting scenarios. upon completion, you’ll be ready to take the intuit academy bookkeeping examopens in a new tab. with this certification, you will be qualified to apply for a position as a bookkeeper at intuit quickbooks live or anywhere in the field. to learn more, visit https://academy.intuit.com/opens in a new tab. 

build a foundation of bookkeeping concepts and accounting measurement.
learn how to work through the phases of the accounting cycle to produce key financial statements.
practice interpreting and analyzing financial statements to make key business decisions.
you will need access to spreadsheet software (excel, google sheets, numbers or the equivalent) for some activities in this course. no previous accounting or bookkeeping experience necessary.
disclaimer: while this program aims to provide you with bookkeeping skills, completion is not a guarantee, or condition, of employment at intuit or in the bookkeeping field.
applied learning project
in this program, you will dive deep into realistic customer scenarios to apply your knowledge of bookkeeping and accounting. you’ll get to review and reconcile accounts, record business transactions, and balance books to produce key financial statements for a variety of business types.
if you are looking to take the quickbooks online proadvisor certification exam, sign up for the proadvisor programopens in a new tab or log into your existing qbo accountant subscription.
",7200.0,beginner,specialization,3 - 6 Months
bayesian statistics,"university of california, santa cruz","['Probability & Statistics', 'Bayesian Statistics', 'Probability Distribution', 'General Statistics', 'Statistical Analysis', 'R Programming', 'Statistical Programming', 'Mathematics', 'Regression', 'Data Analysis', 'Estimation', 'Statistical Tests', 'Machine Learning', 'Markov Model', 'Forecasting']",4.6,https://www.coursera.org/specializations/bayesian-statistics,0.0," this specialization is about building an in-depth understanding of batteries in electric vehicles scenarios. the courses comprise topics such as batteries and their types, applications, architecture, cell chemistries, battery charging its modes & standards, battery management systems, cell balancing, wire harness, and battery connectors. 
applied learning project
this specialization will include a lab project in course 5. learners will select a topic from one of the five courses and prepare a lab report on developments in technology, current research, potential environmental impacts etc. reports will be peer reviewed and submitted in module five of course five.
",3400.0,intermediate,specialization,3 - 6 Months
financial analysis - skills for success,university of illinois at urbana-champaign,"['Finance', 'Financial Accounting', 'Accounts Payable and Receivable', 'Accounting', 'General Accounting', 'Financial Analysis', 'Leadership and Management', 'Cost Accounting', 'Account Management', 'Generally Accepted Accounting Principles (GAAP)', 'Business Analysis', 'Financial Management', 'Risk Management', 'Operational Analysis', 'Data Analysis', 'Planning']",4.6,https://www.coursera.org/specializations/financial-analysis-skills-for-success,140351.0,"this course, developed at the darden school of business at the university of virginia and taught by top-ranked faculty, will teach you the tools you'll need to understand the fundamentals of financial accounting. concise videos, the financial records of a small business, and ""your turn"" activities guide you through the three most commonly used financial statements: the balance sheet, the income statement, and the statement of cash flows. beyond recording transactions, you'll learn how to prepare these financial statements, and read and analyze them to draw basic conclusions about a company's financial health.
by the end of this course, you will be able to:
- use journal entries to record transactions
- prepare and use t-accounts to summarize transactions recorded during an accounting period
- describe the three most commonly used financial statements and how they fit together
- prepare these financial statements based on transactions recorded during an accounting period
- draw basic conclusions about a company's financial health
",171000.0,beginner,specialization,1 - 3 Months
salesforce sales development representative,salesforce,"['Leadership and Management', 'Sales', 'Communication', 'Emotional Intelligence', 'Strategy', 'Business Analysis', 'Customer Relationship Management', 'Prospecting and Qualification', 'Sales Systems', 'Business Communication', 'Business Development', 'Business Intelligence', 'Data Management', 'Salesforce']",4.5,https://www.coursera.org/professional-certificates/sales-development-representative,32074.0,"if you’ve always wanted a rewarding career, the tech sales industry may be the path for you. if you’re an ambitious problem-solver who likes to win, you’ll find tech sales not only fulfilling, but lucrative as well. as the tech industry continuously introduces innovative services and products, tech sales roles have become more crucial than ever. sdrs are in the front lines of the tech biz, connecting with customers and clients, and coming up with the smartest solutions for their problems. sales development representatives aren’t just important to the business — they’re essential.
tech sales will be a gratifying career if you’re looking to pivot career paths, or if you have previous experience in retail sales, but want to take that experience to a totally new level in tech. do you enjoy engaging with customers? do you need to be immersed in a value-driving, stimulating industry that’s constantly giving you new, exciting challenges? would you like to thrive in a high-energy environment that’s collaborative and data-driven? then it sounds like tech sales is for you.
your next job could be at one of sv academy’s 400+ high-growth employer partners. top companies like survey monkey, insideview, vimeo, handshake, gainsight, or palo alto networks, are hiring sales development representatives in the u.s. for revenue-generating roles. no experience in tech or sales is required to pursue a new, awesome career in tech sales. this professional certificate is where you start.
applied learning project
  each of the 5 courses included in the program culminates in an experiential project to prepare you for all aspects of becoming a successful sdr on the frontlines of businesses. you will learn the sv academy conversational selling methodology and how to apply the principles to real-world scenarios. by gaining hands-on skills with the latest tech tools skills in the sdr workflow, you will learn how to boost productivity in converting inbound and outbound leads into opportunities. by the end of the program, you will have a results-driven professional portfolio that will set you apart and position you for top performance in the interview process to land a job in tech sales.
",407000.0,beginner,professional certificate,3 - 6 Months
introduction to marketing,university of pennsylvania,"['Brand Management', 'Customer Analysis', 'Market Analysis', 'Marketing', 'Marketing Design', 'Product Marketing', 'Product Strategy', 'Strategy', 'Digital Marketing', 'Leadership and Management', 'Communication']",4.8,https://www.coursera.org/learn/wharton-marketing,93061.0,"in the first course of machine learning engineering for production specialization, you will identify the various components and design an ml production system end-to-end: project scoping, data needs, modeling strategies, and deployment constraints and requirements; and learn how to establish a model baseline, address concept drift, and prototype the process for developing, deploying, and continuously improving a productionized ml application.
understanding machine learning and deep learning concepts is essential, but if you’re looking to build an effective ai career, you need production engineering capabilities as well. machine learning engineering for production combines the foundational concepts of machine learning with the functional expertise of modern software development and engineering roles to help you develop production-ready skills. 

week 1: overview of the ml lifecycle and deployment
week 2: selecting and training a model
week 3: data definition and baseline
",13000.0,all_levels,course,1 - 3 Months
human resources analytics,"university of california, irvine","['Human Resources', 'People Analysis', 'Business Analysis', 'Employee Relations', 'Human Resources Operations', 'Leadership and Management', 'People Development', 'Communication', 'Data Visualization', 'Influencing', 'Storytelling', 'Data Analysis']",4.6,https://www.coursera.org/learn/human-resources-analytics,82073.0,"with advances in technology and cloud computing, there are now numerous data sources available to guide decision-making and drive organizational success. harvesting the right kind of data requires that hr teams possess strong analytical skills; high-performing hr teams know that their function is to leverage data as a “decision science” by identifying metrics and data sources that deliver organizational insights. in order to do so, hr must ensure that metrics and measures are used effectively to achieve strategic goals. this course focuses on identifying effective data sources, developing meaningful metrics, designing long-term measures, and applying results in support of organizational strategy and tactics.
",1400.0,all_levels,course,1 - 4 Weeks
photography basics and beyond: from smartphone to dslr,michigan state university,"['Creativity', 'Social Media', 'Operations Management', 'Writing']",4.7,https://www.coursera.org/specializations/photography-basics,0.0,"in this foundational pharmacy technician career training specialization, students will take four courses to master the fundamentals of a career in pharmacy. the first two courses teach how to communicate and engage professionally in any healthcare setting and the necessary knowledge of human anatomy and physiology required for any medical role. next, students dive into two pharmacy-related courses - pharmacy technician essentials and pharmacy dosages & prescriptions essentials - to round out their entry-level pharmacy education.
applied learning project
learners will apply their knowledge of regulatory and compliance requirements to research the pharmacy technician role in their state. learners will provide peer review on each other's work, which will allow them to compare the requirements for their own state with the requirements of other states.
",6200.0,beginner,specialization,3 - 6 Months
the singer songwriter,berklee,"['Creativity', 'Writing']",4.8,https://www.coursera.org/specializations/singer-songwriter,22093.0,"do you have a song in your heart that you want to share it with others? in the singer/songwriter specialization, you will learn all the skills you need to write, perform, and record your own original music. you’ll begin by learning how to play the guitar to accompany yourself in guitar for beginners. you’ll learn how to play chords and scales, as well as strumming patterns and finger picking patterns. in singing popular music, you’ll explore your voice and develop your own personal style. you’ll learn how to sing properly, mastering the correct techniques and breath support. from there, you’ll hone your writing craft, focusing on lyrics. you’ll learn about stressed and unstressed syllables, rhyme schemes, and lyrical phrasing.you’ll also record into a digital audio workstation, focusing on ableton live and capturing both midi and real instruments into your daw to record and share your ideas with the world.
applied learning project
in the first course of this specialization, guitar for beginners, you will play a song using a lead sheet from start to finish. in singing popular music, you will hone your style and perform a song. by the end of songwriting: writing the lyrics, you will have completed an original song. finally, you will produce and record your original music using real instruments and midi in introduction to ableton live.
",4200.0,beginner,specialization,3 - 6 Months
comptia a+_ cyber,comptia,"['Cloud Computing', 'Cyberattacks', 'Data Management', 'Human Computer Interaction', 'Network Security', 'Operating Systems', 'System Security']",4.6,https://www.coursera.org/specializations/comptia-aplus-cyber,0.0,"in this guided project you will gain hands-on experience exploring an integrated development environment (ide), creating a python program using the ide, and  writing and running code in several languages. you will learn how to display a phrase in multiple languages including c, java, go, python, node js, ruby, php, perl, bash, c++, and html. you will also learn how to recognize programming concepts, demonstrate use of variables in a program, and gain the ability to execute programming logic using if-then statements. 
when you complete this guided project, you can earn a shareable badge to display your coding skills and gain additional coding knowledge when you enroll in introduction to cybersecurity essentials which is part of the information technology (it) and cloud fundamentals specialization. 

the it and cloud fundamentals specialization provides prerequisite skills for almost all it careers, including technical support specialist, data analyst, data scientist, software engineer, systems administrator, and it manager. with this specialization, you'll acquire hardware, operating systems, programming, database, networking, storage, cybersecurity, and cloud computing knowledge and skills that prepare you for an entry-level it role. also, this specialization will help you understand and manage it responsibilities within your organization. 

introduction to cybersecurity essentials is also part of the ibm technical support professional certificate. the ibm technical support professional certificate prepares you for a job as a technical support professional. in as little as 3 months, you can develop job-ready skills valued by employers in the technical support field. you will learn the foundations of it support and develop hands-on knowledge of operating systems and networking, cybersecurity, cloud computing, and providing end-to-end customer support. 

no experience is necessary to participate in this guided project. all you need are basic computer operating skills. 

learn without limitations. enroll today!
",25000.0,beginner,specialization,1 - 3 Months
contabilidad para no contadores,universidad nacional autónoma de méxico,"['Accounting', 'Finance', 'Financial Accounting', 'General Accounting', 'Accounts Payable and Receivable', 'Business Analysis', 'Financial Analysis', 'Operational Analysis', 'Planning', 'Calculus']",4.8,https://www.coursera.org/learn/contabilidad,41943.0,"this course is designed to maximize your ability to create change at the individual, team and system levels. through study, reflection, and deploying practical tools, you will establish a firm connection between your clearly articulated purpose, effective priorities, visualized potential for success, and pathway to maximized progress. but, what does that mean in practice? 
when you take this course, you will: 

- improve your ability to get the most out of life: learn a simple practice to reflect on your purpose, clarify priorities, visualize your potential, and maximize your effectiveness at progressing towards your goals.

- strengthen your leadership toolkit: tap into your unique leadership style and strengths and join or create a community of others to maximize your potential as a team.

- create change through systems thinking: become a more effective agent of positive change and appreciate the power and complexity of system thinking.
",8600.0,beginner,course,1 - 3 Months
coding for everyone: c and c++,"university of california, santa cruz","['C Programming Language Family', 'Computer Programming', 'Programming Principles', 'Algorithms', 'Data Structures', 'C++ Programming', 'Computational Logic', 'Computer Programming Tools', 'Computational Thinking', 'Critical Thinking', 'Mathematics', 'Problem Solving', 'Graph Theory', 'Theoretical Computer Science']",4.5,https://www.coursera.org/specializations/coding-for-everyone,3053.0,"this specialization is intended for application developers, system administrators and architects seeking to develop their understanding of container technology.  in this three-course specialization, you will explore a range of foundational concepts from various use cases for containerized technology to understanding the differences between kubernetes and red hat openshift to learning how to scale deployed applications.
applied learning project
these courses include detailed hands-on exercises (step-by-step guides) which teach a range of concepts from the foundation concepts of containerized applications, to deploying containerized applications to kubernetes and openshift. after completing this specialization, you should have a foundational understanding of how to develop, deploy, scale and troubleshoot containerized applications to kubernetes and openshift.
",9000.0,beginner,specialization,3 - 6 Months
business statistics and analysis,rice university,"['Probability & Statistics', 'Statistical Analysis', 'Business Analysis', 'General Statistics', 'Data Analysis', 'Spreadsheet Software', 'Basic Descriptive Statistics', 'Microsoft Excel', 'Statistical Tests', 'Probability Distribution', 'Business Intelligence', 'Data Analysis Software', 'Regression', 'Data Management', 'Critical Thinking', 'Data Visualization', 'Interactive Data Visualization', 'Plot (Graphics)', 'Statistical Visualization']",4.7,https://www.coursera.org/specializations/business-statistics-analysis,127935.0,"this specialization is designed to teach you to communicate effectively in english in professional contexts. you will expand your english vocabulary, improve your ability to write and speak in english in both social and professional interactions, and learn terminology and skills that you can apply to business negotiations, telephone conversations, written reports and emails, and professional presentations.
",12000.0,beginner,specialization,3 - 6 Months
object oriented programming in java,multiple educators,"['Computer Programming', 'Java Programming', 'Algorithms', 'Data Structures', 'Problem Solving', 'Programming Principles', 'Computational Thinking', 'Computer Programming Tools', 'Critical Thinking', 'Software Engineering', 'Computational Logic', 'Data Analysis', 'Visualization (Computer Graphics)', 'Software Testing', 'Computer Graphics', 'Cryptography', 'Data Management']",4.6,https://www.coursera.org/specializations/object-oriented-programming,71713.0,"this specialization covers intermediate topics in software development. you’ll learn object-oriented programming principles that will allow you to use java to its full potential, and you’ll implement data structures and algorithms for organizing large amounts of data in a way that is both efficient and easy to work with. you’ll also practice critically evaluating your own code, and you’ll build technical communication skills that will help you prepare for job interviews and collaborative work as a software engineer. in the final capstone project, you’ll apply your skills to analyze data collected from a real-world (social) network. google has contributed real-world projects and the involvement of its engineers as guest lecturers to these courses. a small, select group of top learners who complete the specialization will be offered practice interviews with google recruiters.  invitation to a practice interview does not guarantee an actual interview or employment. 
",15000.0,beginner,specialization,3 - 6 Months
six sigma green belt,university system of georgia,"['Data Analysis', 'Probability & Statistics', 'Business Analysis', 'Process Analysis', 'Statistical Analysis', 'General Statistics', 'Operational Analysis', 'Business Process Management', 'Organizational Development', 'Performance Management', 'Problem Solving', 'Project Management', 'Statistical Tests', 'Statistical Visualization', 'Strategy and Operations', 'Decision Making', 'Leadership and Management', 'Mathematics', 'Operations Management', 'Supply Chain and Logistics', 'Entrepreneurship', 'Planning', 'Probability Distribution', 'Data Visualization', 'Experiment', 'Interactive Data Visualization', 'Interactive Design', 'Design and Product']",4.7,https://www.coursera.org/specializations/six-sigma-green-belt,59371.0,"this specialization is for you if you are looking to learn more about the more advanced components of six sigma and lean. six sigma skills are widely sought by employers both nationally and internationally. these skills have been proven to help improve business processes, performance, and quality assurance.
in this specialization, you will learn proven principles and tools specific to six sigma and lean.
this is a sequential, linear designed specialization that covers a more advanced level of content (at the ""green belt"" level) of six sigma and lean. yellow belt knowledge is needed before advancing to green belt (which is the second specialization offered here on coursera by the usg). green belt knowledge is needed before moving to a black belt.
the proper sequence of this specialization is:
course #1 - six sigma and the organization (advanced)
course #2 - six sigma advanced define and measure phase
course #3 - six sigma advanced analyze phase
course #4 - six sigma advanced improve and control phase
at the end of course #4 (six sigma advanced improve and control phase), there is a peer-reviewed, capstone project. successful completion of this project is necessary for full completion of this specialization.
it should be noted that completing either the yellow belt or green belt specializations does not give the learner ""professional accreditation"" in six sigma, but should assist in better preparation for such professional accreditation testing.
applied learning project
upon completion of this specialization, learners will have created a project charter, project team charter, data collection plan, process map, control plan, along with null and alternative hypotheses, problem statement, business case, goal statement, process and scope description, and timeline. all these will be created using the six sigma principles and tools they learned.
",4000.0,intermediate,specialization,3 - 6 Months
microsoft azure data fundamentals dp-900 exam prep,microsoft,"['Data Management', 'Databases', 'Microsoft Azure', 'Cloud Computing', 'SQL', 'Big Data', 'Data Analysis', 'Database Application', 'Data Architecture', 'Data Warehousing', 'Cloud Storage', 'Data Structures', 'Data Visualization', 'Extract', 'Transform', 'Load', 'Leadership and Management', 'NoSQL', 'Data Analysis Software', 'Data Visualization Software', 'Database Administration', 'Cloud Infrastructure', 'Cloud Management', 'Database Theory', 'PostgreSQL']",4.7,https://www.coursera.org/specializations/microsoft-azure-dp-900-data-fundamentals,15021.0,"this specialization is intended for it professionals who want to learn the fundamentals of database concepts in a cloud environment, get basic skilling in cloud data services, and build their foundational knowledge of cloud data services within microsoft azure. through five courses, you will prepare to take the dp-900 exam. 
this program will prepare you to take up data engineer, data analyst, and database administrator roles. you will explore the roles, tasks, and responsibilities in the world of data. you will explore relational data offerings, provisioning and deploying relational databases, and querying relational data through cloud data solutions with microsoft azure. 
you will explore non-relational data offerings, provisioning and deploying non-relational databases, and non-relational data stores,  and the processing options available for building data analytics solutions in microsoft azure. you will explore azure synapse analytics, azure databricks, and azure hdinsight and learn what power bi is, including its building blocks and how they work together.
this specialization will prepare you to take the dp-900: microsoft azure data fundamentals exam. upon completion of the specialization, you will be offered a discount to the microsoft azure data fundamentals certification exam to be redeemed at pearson vue, microsoft's proctor exam site. limited discount vouchers are available on first-come-first-serve basis. coursera and microsoft may end the offer at any time.
applied learning project
learners will engage in interactive exercises throughout this program that offers opportunities to practice and implement what they are learning. they use the microsoft learn sandbox. this is a free environment that allows learners to explore microsoft azure and get hands-on with live microsoft azure resources and services.

for example, when you learn about provisioning azure relational database services, you will work in a temporary azure environment called the sandbox. the beauty about this is that you will be working with real technology but in a controlled environment, which allows you to apply what you learn, and at your own pace.
you will need a microsoft account to sign into the sandbox. if you don't have one, you can create one for free. the learn sandbox allows free, fixed-time access to a cloud subscription with no credit card required. learners can safely explore, create, and manage resources without the fear of incurring costs or ""breaking production"".
",574000.0,beginner,specialization,3 - 6 Months
programming in c++: a hands-on introduction,codio,"['Computer Programming', 'Computer Science', 'Problem Solving']",4.6,https://www.coursera.org/specializations/hands-on-cpp,21364.0,"this specialization is intended for people without programming experience who seek to develop c++ programming skills and learn about the underlying computer science concepts that will allow them to pick up other programming languages quickly. in these four courses, you will cover everything from fundamentals to object-oriented design. these topics will help prepare you to write anything from small programs to automate repetitive tasks to larger applications, giving you enough understanding of c++ to tackle more specialized topics such as data science and artificial intelligence.
applied learning project
learners will create a variety of practical projects including helpful c++ programs that can speed up everyday tasks such as an automated file updater. later projects will create graphical output using the clmg library, and even including animations.
",962000.0,beginner,specialization,3 - 6 Months
microsoft azure data scientist associate (dp-100),microsoft,"['Machine Learning', 'Microsoft Azure', 'Applied Machine Learning', 'Machine Learning Algorithms', 'Machine Learning Software', 'Cloud Computing', 'Python Programming', 'Human Learning', 'Algorithms', 'Big Data', 'Cloud Applications', 'Data Analysis', 'Regression', 'Cloud-Based Integration', 'Extract', 'Transform', 'Load', 'Training', 'Exploratory Data Analysis', 'Cloud Platforms', 'Data Management', 'Deep Learning', 'Experiment']",4.4,https://www.coursera.org/professional-certificates/azure-data-scientist,14258.0,"this professional certificate is intended for data scientists with existing knowledge of python and machine learning frameworks like scikit-learn, pytorch, and tensorflow, who want to build and operate machine learning solutions in the cloud. this professional certificate teaches learners how to create end-to-end solutions in microsoft azure. they will learn how to manage azure resources for machine learning; run experiments and train models; deploy and operationalize machine learning solutions; and implement responsible machine learning. they will also learn to use azure databricks to explore, prepare, and model data; and integrate databricks machine learning processes with azure machine learning.

this program consists of 5 courses to help prepare you to take the exam dp-100: designing and implementing a data science solution on azure. the certification exam is an opportunity to prove knowledge and expertise operate machine learning solutions at cloud scale using azure machine learning. this professional certificate teaches you to leverage your existing knowledge of python and machine learning to manage data ingestion and preparation, model training and deployment, and machine learning solution monitoring in microsoft azure. each course teaches you the concepts and skills that are measured by the exam. 

by the end of this program, you will be ready to take the dp-100: designing and implementing a data science solution on azure.

applied learning project
learners will engage in interactive exercises throughout this program that offers opportunities to practice and implement what they are learning. they will work directly in the azure portal and use the microsoft learn sandbox. this is a free environment that allows learners to explore microsoft azure and get hands-on with live microsoft azure resources and services.

for example, when you learn about training a deep neural network; you will work in a temporary azure environment called the sandbox. the beauty about this is that you will be working with real technology but in a controlled environment, which allows you to apply what you learn, and at your own pace.

you will need a microsoft account. if you don't have one, you can create one for free. the learn sandbox allows free, fixed-time access to a cloud subscription with no credit card required. learners can safely explore, create, and manage resources without the fear of incurring costs or ""breaking production"".
",309000.0,intermediate,professional certificate,3 - 6 Months
google project management (pt),google,"['Project Management', 'Process Analysis', 'Collaboration', 'Organizational Development', 'Communication', 'Decision Making', 'Strategy', 'Product Management', 'Business Communication', 'Adaptability', 'Agile Software Development', 'Change Management', 'Leadership and Management', 'People Analysis', 'Scrum (Software Development)', 'Strategy and Operations', 'Continuous Integration', 'Risk Management', 'Spreadsheet Software', 'Professional Development', 'Programming Principles', 'Application Development']",4.9,https://www.coursera.org/professional-certificates/gestao-de-projetos-do-google,1962.0,"auch ohne abschluss oder vorerfahrungen können sie eine karriere im stark wachsenden bereich des projektmanagements in angriff nehmen. holen sie sich professionelles training von google.
projektmanager:innen sind von natur aus problemlöser. sie legen den plan fest, leiten teammitglieder an und managen änderungen, risiken und stakeholder.
erwerben sie in 6 kursen gefragte fähigkeiten, die sie auf eine einstiegsposition vorbereiten. sie lernen von google-mitarbeitenden, deren grundlagenkenntnisse im projektmanagement als ausgangspunkt für ihre eigene karriere dienten. bei weniger als 10 stunden pro woche können sie das programm in weniger als sechs monaten abschließen.
dieses programm entspricht über 100 stunden projektmanagement-ausbildung und bereitet sie auf die zertifizierungen des project management instituteopens in a new tab wie die weltweit anerkannte zertifizierung certified associate in project management (capm)®opens in a new tab vor.
75% der absolvierenden des google-zertifikats in den usa berichten von verbesserungen bei ihrem beruflichen werdegang innerhalb von 6 monaten nach abschluss des zertifikats.
alle google career certificates finden sie hieropens in a new tab.
zitat: *basierend auf den antworten einer absolventenbefragung, usa 2021
applied learning project
das programm umfasst über 140 unterrichtsstunden und hunderte von praxisbasierten tests, in denen sie reale projektmanagement-szenarien simulieren, die für den erfolg am arbeitsplatz entscheidend sind.
die stark interaktiven inhalte wurden ausschließlich von google-mitarbeitenden entwickelt, die über jahrzehntelange erfahrung im projektmanagement verfügen.
sie erwerben folgende fähigkeiten: erstellen von risikomanagementplänen; kennenlernen von prozessverbesserungstechniken; management von eskalationen, teamdynamiken und stakeholdern; erstellen von budgets und organisieren des einkaufs; einsatz von projektmanagement-software, -tools und -vorlagen; agiles projektmanagement (scrum).
durch videos, bewertungen und praktische aktivitäten werden sie in die initiierung, planung und durchführung von traditionellen und agilen projekten eingeführt. sie entwickeln eine toolbox, um ihr verständnis der wichtigsten projektmanagementelemente zu demonstrieren. 
",2000.0,beginner,professional certificate,3 - 6 Months
python data structures,university of michigan,"['Computational Logic', 'Computer Programming', 'Critical Thinking', 'Data Analysis', 'Data Management', 'Data Structures', 'Problem Solving', 'Programming Principles', 'Python Programming', 'Software Engineering']",4.9,https://www.coursera.org/learn/python-data,996497.0,"this course will introduce the core data structures of the python programming language. we will move past the basics of procedural programming and explore how we can use the python built-in data structures such as lists, dictionaries, and tuples to perform increasingly complex data analysis. this course will cover chapters 6-10 of the textbook “python for everybody”.  this course covers python 3.
",94000.0,beginner,course,1 - 3 Months
fundamentals of finance,university of pennsylvania,"['Accounting', 'Finance', 'Financial Accounting', 'Financial Analysis', 'Mathematics', 'Problem Solving', 'Decision Making', 'Estimation', 'Investment Management', 'Management Accounting']",3.9,https://www.coursera.org/learn/finance-fundamentals,84787.0,"the purpose of this course is to review the material covered in the fundamentals of engineering (fe) exam to enable the student to pass it.  it will be presented in modules corresponding to the fe topics, particularly those in civil and mechanical engineering.  each module will review main concepts, illustrate them with examples, and provide extensive practice problems.
",844000.0,beginner,course,1 - 3 Months
statistical analysis with r for public health,imperial college london,"['Data Analysis', 'General Statistics', 'Probability & Statistics', 'Statistical Analysis', 'Statistical Tests', 'R Programming', 'Regression', 'Biostatistics', 'Statistical Programming', 'Basic Descriptive Statistics', 'Exploratory Data Analysis', 'Critical Thinking', 'Correlation And Dependence', 'Probability Distribution', 'Epidemiology']",4.7,https://www.coursera.org/specializations/statistical-analysis-r-public-health,30316.0,"statistics are everywhere. the probability it will rain today. trends over time in unemployment rates. the odds that india will win the next cricket world cup. in sports like football, they started out as a bit of fun but have grown into big business. statistical analysis also has a key role in medicine, not least in the broad and core discipline of public health.
in this specialisation, you’ll take a peek at what medical research is and how – and indeed why – you turn a vague notion into a scientifically testable hypothesis. you’ll learn about key statistical concepts like sampling, uncertainty, variation, missing values and distributions. then you’ll get your hands dirty with analysing data sets covering some big public health challenges – fruit and vegetable consumption and cancer, risk factors for diabetes, and predictors of death following heart failure hospitalisation – using r, one of the most widely used and versatile free software packages around.
this specialisation consists of four courses – statistical thinking, linear regression, logistic regression and survival analysis – and is part of our upcoming global master in public health degree, which is due to start in september 2019.
the specialisation can be taken independently of the gmph and will assume no   knowledge of statistics or r software. you just need an interest in medical matters and quantitative data.
applied learning project
in each course, you'll be introduced to key concepts and a data set to be used as a worked example throughout that course. public health data are messy, with missing values and weird distributions all too common. the data you'll use are either real or simulated from real patient-level data sets (all anonymised and with usage permissions in place).
the emphasis will be on “learning through doing” and “learning through discovery” as you encounter typical data and analysis problems for you to solve and discuss among your fellow learners. you'll get the chance to work things out for yourself and with your peers before accessing the answers and explanation provided by the instructors. 
",1900.0,beginner,specialization,3 - 6 Months
real-world product management,advancing women in tech,"['Leadership and Management', 'Product Strategy', 'Product Management', 'Strategy', 'Marketing', 'Strategy and Operations', 'Product Marketing', 'Business Process Management', 'Customer Success', 'Market Analysis']",4.5,https://www.coursera.org/specializations/real-world-product-management,18964.0,"learn product management using the same curriculum as amazon and google pms! gain insights to impress on your first (or next) product manager (pm) role.
lead instructor nancy wang, director and general manager of data protection services at amazon web services, and former rubrik and google pm leader shares the key business, technical, design, and leadership skills necessary for success at pm roles at the world’s top technology companies. these skills will serve you throughout your career.
learn the most desired product management skills from 20 product leaders at amazon, google/alphabet, facebook/instagram, and silicon valley startups. view the full list of our industry leading teaching talent in our course descriptions below!
ready to interview? we dedicate 30% of this specialization to teaching how to impress during your next interview and role. learn how to systematically attack each type of product management interview question. watch two live pm interviews (one google, one amazon) with real-time feedback and practice your interview skills with hundreds of real pm interview questions asked by amazon, google, meta, and microsoft!

this specialization is ace® approvedopens in a new tab—when you complete it, you can earn up to 6 college credits.
applied learning project
bring your own product or idea as we:
1. map your customer personas and journeys
2. involve non-buyers to influence buyers
3. apply bain's elements of value
4. draft prds and prfaqs 
5. size your product market using tam, sam, and som
6. perform competitive analyses
7. draft your product vision, roadmap, and backlog
8. draft google-style okrs
9. design an a/b test
10. calculate nps, csat, and ces
11. addict your customers across your product journey
12. price your product
13. research competitors' ltv
14. analyze financial statements
15. lead with designers & engineers
16. answer real technical pm interview questions
17. practice real behavioral, product design, strategy, data analysis, and estimation pm interview questions.
(facebook calls the question types above leadership & drive, product sense, and execution -- you'll practice those too!)
18. resist your proxies
19. realign your metrics with your product vision
and more!
",806000.0,beginner,specialization,3 - 6 Months
itil 4 exam preparation,learnquest,"['Organizational Development', 'Leadership and Management', 'Planning']",4.7,https://www.coursera.org/learn/itil-4-exam-preparation,42890.0,"itil® 4 foundation test preparation is designed to introduce learners to the key concepts, terminology, and best practices for creating, and improving the quality of it services across the it organization. this class is focused on exam preparation. through a series of self-paced learning, practice quizzes and exams, students become acquainted with itil terminology, and how it applies to the service value lifecycle.
this course requires 5 weeks at about 2-4 hours/week to complete.
",979000.0,all_levels,course,1 - 3 Months
introduction to data engineering,ibm,"['Data Engineering', 'Data Management', 'Extract', 'Transform', 'Load', 'Databases', 'Network Security', 'Big Data', 'Data Warehousing', 'Leadership and Management', 'SQL', 'Data Science', 'NoSQL']",4.7,https://www.coursera.org/learn/introduction-to-data-engineering,407164.0,"ready to start a career in data analysis but don’t know where to begin? this course presents you with a gentle introduction to data analysis, the role of a data analyst, and the tools used in this job. you will learn about the skills and responsibilities of a data analyst and hear from several data experts sharing their tips & advice to start a career. this course will help you to differentiate between the roles of data analysts, data scientists, and data engineers. 
you will familiarize yourself with the data ecosystem, alongside databases, data warehouses, data marts, data lakes and data pipelines. continue this exciting journey and discover big data platforms such as hadoop, hive, and spark.  

by the end of this course you’ll be able to understand the fundamentals of the data analysis process including gathering, cleaning, analyzing and sharing data and communicating your insights with the use of visualizations and dashboard tools. 

this all comes together in the final project where it will test your knowledge of the course material, and provide a real-world scenario of data analysis tasks.  

this course does not require any prior data analysis, spreadsheet, or computer science experience.
",2200.0,beginner,course,1 - 4 Weeks
google project management (de),google,"['Design and Product', 'Microsoft Excel', 'Software Engineering', 'Leadership and Management', 'Business Analysis', 'Business Design', 'Data Analysis', 'Marketing Design', 'Creativity', 'Persona Research', 'Customer Analysis']",4.3,https://www.coursera.org/professional-certificates/google-project-management-de,5841.0,"préparez-vous à une carrière dans le domaine de la gestion de projet, sans avoir besoin d’expérience ni de diplôme. suivez une formation professionnelle conçue par google et vous trouverez rapidement un emploi bien rémunéré. 
les gestionnaires de projet sont des experts de la résolution de problèmes. ils établissent les plans, encadrent les membres de leur équipe et gèrent les changements, les risques et les partenaires.
les 6 cours de ce programme vous apporteront les compétences très recherchées qui vous prépareront à un poste de niveau débutant. vous apprendrez avec des employés de google ayant commencé leurs carrières par un poste dans la gestion de projet. avec 10 heures par semaine de travail personnel, vous pouvez terminer en moins de six mois.
avec ses 100 heures de formation en gestion de projet, ce programme vous prépare aux certifications du project management instituteopens in a new tab, comme le certified associate in project management (capm)®, mondialement reconnuopens in a new tab.
75 % des diplômés du google career certificate ont constaté une évolution positive de leur carrière, telle qu’un nouvel emploi, une promotion ou une augmentation de salaire dans les 6 mois suivant leur diplôme.²
découvrez tous les google career certificates iciopens in a new tab.
² « coursera learner outcome survey », tout le temps pour le certificat de support it de google. les données sont collectées à partir d’enquêtes sur la plateforme ou par e-mail du 18 au 21 janvier, et sont cumulatives.
applied learning project
ce programme comprend plus de 140 heures d’enseignement et des centaines d’évaluations pratiques, qui vous aideront à simuler des scénarios de gestion de projet concrets, qui sont essentiels à la réussite en milieu professionnel.
le programme est très interactif et a été développé spécifiquement par des employés de google possédant des décennies d’expérience en gestion de projet.
les compétences acquises comprendront : créer des programmes de gestion des risques ; comprendre les techniques d’amélioration des processus ; gérer les remontées à la hiérarchie, la dynamique d’équipe et les partenaires ; établir des budgets et piloter les approvisionnements ; utiliser des logiciels, des outils et des modèles de gestion de projet ; pratiquer la gestion de projet agile, et plus particulièrement le scrum.
grâce à des vidéos, des évaluations et des activités pratiques, vous serez initié au lancement, à la planification et à l’exécution de projets traditionnels et agile. 
",58000.0,beginner,professional certificate,3 - 6 Months
finance for technical managers,university of colorado boulder,"['Finance', 'Financial Analysis', 'Accounting', 'Investment Management', 'Cost Accounting', 'Leadership and Management', 'Financial Accounting', 'Financial Management', 'Strategy and Operations']",4.7,https://www.coursera.org/specializations/finance-for-technical-managers,165806.0,"this short course surveys all the major topics covered in a full semester mba level finance course, but with a more intuitive approach on a very high conceptual level.  the goal here is give you a roadmap and framework for how financial professional make decisions.  
we will cover the basics of financial valuation, the time value of money, compounding returns, and discounting the future.  you will understand discounted cash flow (dcf) valuation and how it compares to other methods.  we also step inside the mind of a corporate financial manager and develop the basic tools of capital budgeting.  we will survey the how, when, and where to spend money, make tradeoffs about investment, growth, dividends, and how to ensure sound fiscal discipline.  our journey then turns to a wall street or capital markets perspective of investments as we discuss the fundamental tradeoff between risk and return.  we then synthesize our discussion of risk with our valuation framework and incorporate it into series of direct applications to practice.

this course requires no prior familiarity with finance.  rather, it is intended to be a first step for anyone who is curious about understanding stock markets, valuation, or corporate finance.  we will walk through all of the tools and quantitative analysis together and develop a guide for understanding the seemingly complex decisions that finance professionals make.  

by the end of the course, you will develop an understanding of the major conceptual levers that push and pull on financial decision making and how they relate to other areas of business.  the course should also serve as a roadmap for where to further your finance education and it would be an excellent introduction of any students contemplating an mba or finance concentration, but who has little background in the area.
",95000.0,beginner,specialization,3 - 6 Months
investment management with python and machine learning,edhec business school,"['Investment Management', 'Finance', 'Python Programming', 'Data Analysis', 'Computer Programming', 'Machine Learning', 'Statistical Programming', 'Applied Machine Learning', 'Financial Analysis', 'Machine Learning Algorithms', 'Risk Management', 'Statistical Machine Learning', 'Data Analysis Software', 'Data Management', 'Data Mining', 'Natural Language Processing', 'Human Learning', 'Big Data', 'Computer Science']",4.6,https://www.coursera.org/specializations/investment-management-python-machine-learning,82673.0,"in this specialization, you will understand how investment strategies are designed to reach financial goals in a global context.  you will learn the theory that underlies strong investment decisions,  as well as practical, real-world skills that you can apply when discussing investment proposals with your advisor, managing your personal assets or your client’s investment portfolio. you  will start by developing a global understanding of financial markets  and what impacts rational and irrational behaviors have in finance at  the micro and macro levels. you will then learn  how to adequately build and manage a portfolio with a long-term view  while gaining an appreciation for novel research advances in finance and related areas as well as  future trends that are shaping the investment management industry. in  the final capstone project, you will create a sensible 5-year investment  plan  that accounts for an investor's goals and constraints in a dynamic  economic landscape. key speakers from ubs, our corporate partner, will contribute to this specialization by providing you with practical insights they have gathered through years of experience working for the world’s largest wealth manager. 
director of this specialization and main teaching contributor: dr. michel girardin, lecturer in macro-finance, university of geneva
",1700.0,beginner,specialization,3 - 6 Months
cybersecurity attack and defense fundamentals,ec-council,"['Network Security', 'Security Engineering', 'System Security', 'Computer Networking', 'Computer Security Incident Management', 'Software Security', 'Computer Security Models', 'Mobile Security', 'Cyberattacks', 'Security Software', 'Internet Of Things', 'Network Architecture', 'Cloud Computing', 'Kubernetes', 'Regulations and Compliance']",4.6,https://www.coursera.org/specializations/cybersecurity-attack-and-defense,29593.0,"there are a growing number of exciting, well-paying jobs in today’s tech industry that do not require a traditional college degree, an one of the hottest areas with high demand is in it customer service and support. customer service is a perfect entry point to start your career in it, with a multitude of job openings ranging from onsite or remote help desk work to customer care or client support. we can help you get there with the customer service fundamentals course.  
we will help you to build the knowledge and develop the skills needed to be a successful customer service specialist:  
• communication skills which focus on clear, concise communication and listening.  
•  appropriate empathetic behavior such as such as patience, curiosity, and willingness to help.   
• problem solving to research an issue and help determine an appropriate resolution.  
• process adherence to ensure the proper flow and service level agreements are met.   
  
the course is divided into 4 modules, and you will be assessed and awarded badges along the way! the course also includes interactive training including labs to reinforce all of the learning components above.    
  
at the conclusion of the course, you will receive an email notification from acclaim with instructions for claiming the badge.  upon accepting your badge, it will be necessary to create a user account on acclaim, where you will have the ability to manage your badge(s), opt-in to other communications and features, as well as take advantage of features allowing you to share your badge to social media and other destinations.
",306000.0,beginner,specialization,3 - 6 Months
ai & law,lund university,"['Human Computer Interaction', 'Human Learning', 'Machine Learning', 'Applied Machine Learning', 'Decision Making', 'Machine Learning Algorithms', 'Critical Thinking', 'Leadership and Management', 'Process Analysis', 'Regulations and Compliance']",4.7,https://www.coursera.org/learn/ai-law,26023.0,"about this course
this four-week course titled ai and law explores the way in which the increasing use of artificially intelligent technologies (ai) affects the practice and administration of law defined in a broad sense. subject matters discussed include the connection between ai and law in the context of legal responsibility, law-making, law-enforcing, criminal law, the medical sector and intellectual property law.
the course aims to equip members of the general public with an elementary ability to understand the meaningful potential of ai for their own lives. the course also aims to enable members of the general public to understand the consequences of using ai and to allow them to interact with ais in a responsible, helpful, conscientious way. please note that the law and content presented in this course is current as of the launch date of this course. 

at the end of this course, you will have a basic understanding of how to:
•	understand the legal significance of the artificially intelligent software and hardware.
•	understand the impact of the emergence of artificial intelligence on the application and administration of law in the public sector in connection with the enforcement of criminal law, the modelling of law and in the context of administrative law.
•	understand the legal relevance of the use of artificially intelligent software in the private sector in connection with innovation and associated intellectual property rights, in the financial services sector and when predicting outcomes of legal proceedings.
•	understand the importance of artificial intelligence for selected legal fields, including labour law, competition law and health law.

syllabus and format

the course consists of four modules where one module represents about one week of part-time studies. a module includes a number of lectures and readings, and finishes with an assessment – a quiz and/or a peer graded assignment. the assessments are intended to encourage learning and ensure that you understand the material of the course. participating in forum discussions is voluntary. 

modules
module 1.	ai and law 
module 2.	legal ai in the public sector 
module 3.	legal ai in the private sector
module 4.	selected challenges 

lund university

lund university was founded in 1666 and has for a number of years been ranked among the world’s top 100 universities. the university has 47 700 students and 7 500 staff based in lund, sweden. lund university unites tradition with a modern, dynamic, and highly international profile. with eight different faculties and numerous research centers and specialized institutes, lund is the strongest research university in sweden and one of scandinavia's largest institutions for education and research. the university annually attracts a large number of international students and offers a wide range of courses and programmes taught in english. 

the faulty of law is one of lund university’s four original faculties, dating back to 1666. it is a modern faculty with an international profile, welcoming both international and swedish students. education, research and interaction with the surrounding community are the main focus of the faculty’s work. the connection between the three is particularly apparent in the programmes and courses offered by the university, including the university’s mooc course in european business law. the students get the chance to engross themselves in traditional legal studies, while interacting with both researchers and professionally active lawyers with qualifications and experience from various areas of law.

the faculty offers three international masters: two 2-year master’s programmes in international human rights law and european business law, and a 1-year master’s in european and international tax law. students from around 40 countries take part in the programmes which offer a unique subject specialization within each field, with highly qualified researchers and professional legal practitioners engaged in the teaching.
",397000.0,beginner,course,1 - 4 Weeks
build a modern computer from first principles: from nand to tetris (project-centered course),hebrew university of jerusalem,"['Computational Logic', 'Computer Architecture', 'Computer Programming', 'Hardware Design', 'Theoretical Computer Science', 'Computer Programming Tools', 'Critical Thinking', 'Problem Solving', 'Systems Design']",4.9,https://www.coursera.org/learn/build-a-computer,150886.0,"build dynamic user interfaces (ui) for websites is the sixth course in a program that will equip you with the skills you need to apply to entry-level jobs in user experience (ux) design. in this course, you will plan a design for a website, create wireframes and prototypes, and test your designs to get feedback. additionally, you will learn about engaging in design critique sessions and how to give and receive feedback. by the end of this course, you will have a new design project to include in your professional ux portfolio. in addition, you’ll learn how to search for entry-level ux design jobs, create a resume that highlights your skills and accomplishments, and build your professional portfolio website. 
current ux designers and researchers at google will serve as your instructors, and you will complete hands-on activities that simulate real-world ux design scenarios. learners who complete the seven courses in this certificate program should be equipped to apply for entry-level jobs as ux designers.

by the end of this course, you will be able to:
   - apply each step of the ux design thinking framework (empathize, define, ideate, prototype, test) to create a responsive website.
   - plan information architecture and create sitemaps for website designs. 
   - apply common layouts for web pages. 
   - plan and conduct a usability study to gather feedback about designs. 
   - iterate on designs based on research insights. 
   - work with design systems.
   - add a new design project to your professional ux portfolio. 
   - [optional] create or update a ux-focused resume. 
   - [optional] learn how to search for and apply to introductory-level jobs in the field of ux.

this course is suitable for beginner-level ux designers who have completed the previous five courses of the google ux design certificate. alternatively, learners need to have a strong foundational understanding of the design process; experience creating wireframes, mockups, and prototypes; and the ability to conduct usability studies. no previous experience with figma is required.
",3500.0,all_levels,course,1 - 3 Months
branding: the creative journey,ie business school,"['Brand Management', 'Marketing', 'Leadership and Management', 'Advertising', 'Communication', 'Strategy', 'Creativity', 'Strategy and Operations', 'User Experience', 'Customer Analysis', 'Design and Product', 'Media Strategy & Planning', 'Customer Relationship Management', 'Customer Success', 'Customer Support', 'Social Media', 'Storytelling', 'User Experience Design', 'Visual Design', 'Graphic Design', 'Journalism']",4.6,https://www.coursera.org/specializations/branding-the-creative-journey,129803.0,"this is the first course in a series of four that will give you the skills needed to start your career in bookkeeping. if you have a passion for helping clients solve problems, this course is for you.  in this course, you will be introduced to the role of a bookkeeper and learn what bookkeeping professionals do every day. you will dive into the accounting concepts and terms that will provide the foundation for the next three courses. you will learn how to work your way through the accounting cycle and be able to read and produce key financial statements.
by the end of this course, you will be able to:
-define accounting and the concepts of accounting measurement
-explain the role of a bookkeeper and common bookkeeping tasks and responsibilities
-summarize the double entry accounting method
-explain the ethical and social responsibilities of bookkeepers in ensuring the integrity of financial information.

no previous bookkeeping or accounting experience required.
",1400.0,beginner,specialization,3 - 6 Months
the manager's toolkit: a practical guide to managing people at work,university of london,"['Human Resources', 'Leadership and Management', 'People Management', 'Conflict Management', 'Decision Making', 'Human Resources Operations', 'People Analysis', 'Performance Management', 'Recruitment', 'Business Analysis', 'Employee Relations', 'Leadership Development', 'Organizational Development', 'People Development']",4.7,https://www.coursera.org/learn/people-management,147248.0,"the aim of this course is to give you a practical guide to managing people at work. it does not matter whether you are a first time manager in a shop or a middle manager in an office environment; the same skills apply to every work place. in the course you will engage with some hr theories and then see how they translate into every day working life. 
at the end of the course we hope you will be better equipped to choose a suitable employee, to motivate and appraise your team, to manage conflict in the work place and to lead and make decision on a day to day basis.
",3600.0,all_levels,course,1 - 3 Months
talent acquisition,hrci,"['Mergers & Acquisitions', 'Recruitment']",4.8,https://www.coursera.org/learn/talent-acquisition,15469.0,"this course focuses on all aspects of the talent acquisition process. you will learn how to forecast workforce needs, source and recruit talented candidates, and hire and onboard new employees.
by the end of this course, you will be able to:
● create a recruitment strategy
● perform a job analysis and write a job description
● explain the talent acquisition life cycle
● identify core elements of negotiation, job offers, and employment contracts
● implement best practices for employee onboarding

no prior experience in human resources is needed to be successful in this course.
",289000.0,beginner,course,1 - 4 Weeks
convolutional neural networks in tensorflow,deeplearning.ai,"['Machine Learning', 'Deep Learning', 'Machine Learning Algorithms', 'Applied Machine Learning', 'Artificial Neural Networks', 'Computer Vision', 'Human Learning', 'Tensorflow', 'Python Programming', 'Machine Learning Software']",4.7,https://www.coursera.org/learn/convolutional-neural-networks-tensorflow,122100.0,"construction project management introduces learners to project initiation and planning. columbia university professor, ibrahim odeh, along with industry experts join together to provide a comprehensive overview of the construction industry. there are 10 modules that allow learners to become knowledgeable of construction management within the dynamic construction industry. 
professor odeh teaches learners about the fundamentals of the project development cycle while guest lecturers discuss lean project delivery method and lean design behaviors. technological advances, such as building information modeling (bim), will be introduced with real world examples of the uses of bim during the lifecycle of the project. the course concludes with professor odeh discussing the importance of project planning and scheduling and an opportunity to develop a work breakdown structure.

by the end of this course, you will be able to:
-learn about construction management, including an understanding of the construction industry, the role of a project manager, construction contract types, and project delivery methods 
-explain the fundamental principles to establish environment, health and safety in the construction industry
-detail the principles and application of sustainability development in construction industry
-summarize the work breakdown structure (wbs) and estimate the construction activity duration
",8000.0,intermediate,course,1 - 4 Weeks
reducing gun violence in america: evidence for change,johns hopkins university,['Exploratory Data Analysis'],4.7,https://www.coursera.org/learn/gun-violence,10852.0,"reducing gun violence in america: evidence for change is designed to provide learners with the best available science and insights from top scholars across the country as well as the skills to understand which interventions are the most effective to offer a path forward for reducing gun violence in our homes, schools, and communities.
through this course, you will learn how to:
1.	appreciate the scope of gun violence and the importance of considering the issue across a variety of contexts.
2.	describe the role of law and policy in addressing gun violence at the federal, state, and local levels.
3.	compare the effectiveness of gun violence policies and highlight the importance of changing the way we talk about gun                      
        violence.
4.	describe state standards for civilian gun carrying and use and how those standards affect crime and violence.
5.	describe how firearm design is regulated, the effective and just enforcement of firearm laws, and strategies for reducing 
        police-involved shootings.
6.	identify and explain evidence-based programs to reduce gun violence and understand public opinion on gun policy.

as a student of this course, it’s important to recognize that you are part of an international learning community. we understand that gun violence can be a difficult issue to discuss and we all have our own set of opinions and beliefs. however, we ask you to please remember that gun violence is something that affects every person differently. it’s important to understand that this course is intended to generate productive and meaningful conversation. 

we ask students of this course to abide by the rules outlined and expected of you by coursera’s code of conduct policy. please help us promote a healthy, productive, and sustainable learning environment for all and practice the following principles:

be polite.
	treat your fellow learners with respect.
	insulting, condescending, or abusive words will not be tolerated.
	do not harass other learners.
	polite debate is welcome as long as you are discussing the ideas or the evidence, not attacking the person.

be sensitive.
	remember that coursera is a global forum with learners from many different cultures and backgrounds.
	be kind, thoughtful, and open-minded when discussing race, religion, gender, sexual orientation, or controversial topics 
        since others likely have differing perspectives.

post appropriate content.
	content that violates the honor code or terms of service is not permitted.
	you may not post inappropriate (e.g., pornographic or obscene) content.
	do not post copyrighted content.
	do not advertise or promote outside products or organizations.
	do not spam the forums with repetitive content.

please note that violations of coursera’s code of conduct, honor code, or terms of service are not permitted and may result in:
	deletion of posted content.
	removal from the course.
	losing access to the coursera site.

*it is important to also note that certain policies and laws mentioned in this course are likely to change and develop over time. as a result, we understand that course content may need to be updated to reflect such changes. while we will strive to do this as quickly as possible, we appreciate your patience. all information included in the course is reported accurately at the time of recording and we intend to update lectures as soon as possible and to the best of our ability.

the development of this course was made possible through generous financial support provided by the david and lucile packard foundation, an organization committed to improving the lives of children, enabling the creative pursuit of science, advancing reproductive health, and conserving and restoring the earth’s natural systems.
",258000.0,beginner,course,1 - 3 Months
build dynamic user interfaces (ui) for websites,google,"['User Experience', 'User Research', 'Web Design', 'Web Development Tools']",4.8,https://www.coursera.org/learn/responsive-web-design-adobe-xd,41736.0,"this specialization aims to make branding concepts accessible to every learner and to teach them to analyze and apply all the relevant concepts, using the broad and diverse toolkit of branding.  it provides you with the necessary tools so that you are able to understand the brand behavior, understand the language of a brand and learn about the rational and emotional elements behind brands.  it also attempts to make you understand the language of images. the amount of audiovisual content we receive today makes it hard for brands to break through that noise. it ends up teaching how to understand branding efforts in the context of customer experience.
we must think in a strategic manner when creating brands. branding is about co-creation and conversation between the audiences, customers and users. what is relevant is how people out there perceive and live the brand. brands are the story, the personality and the culture of an organization; the intangible elements that form it. 
applied learning project
at the end of each mooc, you will find a capstone project. you will have the opportunity to put into practice everything learned during the course. first, you must develop a brand strategy and identity for a restaurant in menorca. in addition, you will have to create a content strategy plan, which includes the brand strategy and target audience, the story behind it, the platforms what you will use to communicate this message and finally the concept and treatment of this story. you will also have to produce a creative pitch for the rebranding of an existing brand; you will have to build it up as if you were going to expose this pitch to the client, the brand itself. finally, you will deliver a customer journey to understand the stages of the interaction of the brand department with the product or service the brand provides to the customers.
",2900.0,beginner,course,1 - 3 Months
introduction to discrete mathematics for computer science,university of california san diego,"['Mathematics', 'Problem Solving', 'Mathematical Theory & Analysis', 'Algorithms', 'Critical Thinking', 'Graph Theory', 'Combinatorics', 'Computational Thinking', 'Probability & Statistics', 'Computer Programming', 'Python Programming', 'Computational Logic', 'General Statistics', 'Theoretical Computer Science', 'Probability Distribution', 'Strategy', 'Creativity', 'Experiment', 'Calculus', 'Game Theory', 'Visualization (Computer Graphics)', 'Cryptography', 'Sales']",4.5,https://www.coursera.org/specializations/discrete-mathematics,87314.0,"get started with your devops journey with this beginner-friendly course! devops skills are high in demand and expected to be one of the fastest-growing skills in the software industry. this course is designed to be a first step in obtaining those valuable skills.  
this self-paced introductory course explores devops as a cultural movement. it describes the business case for devops, and covers its essentials. this course teaches new ways of thinking, working, organizing, and measuring to fully realize the benefits of devops. by applying devops practices, you will be able to build better products for your users.  

you will learn how breaking down silos and organizing developers and operators into single cross-functional teams is necessary for truly adopting devops. having everyone contributing and everyone being responsible for success is at the heart of devops. you will see how building a culture of shared responsibility and transparency is the foundation of every high-performing devops teams. 

you’ll learn how you can use cloud native architecture to build resilience in your products and learn about helpful devops tools like horizontal scaling and independently deployable microservices. you will explore how agile methodologies like scrum are crucial to devops as well as learn about continuous integration and continuous delivery (ci/cd), which enables frequent deployments and working as a team to create high-quality code. 

this course concludes with case studies about devops-based scenarios, which you will analyze and relate to devops concepts learnt throughout this course. 

this course is designed for those new to devops as well as those looking to increase their current knowledge of devops.
",3400.0,beginner,specialization,3 - 6 Months
python programming fundamentals,duke university,"['Algorithms', 'Computer Programming', 'Problem Solving', 'Python Programming']",4.1,https://www.coursera.org/learn/python-programming-fundamentals,4889.0,"this introductory course is designed for beginners and individuals with limited programming experience who want to embark on their software development or data science journey using python. throughout the course, learners will gain a solid understanding of algorithmic thinking, python syntax, code testing, debugging techniques, and modular code development--essential skills for a successful career in software engineering, development, or data science. 
by the end of this course, you will learn to:

- gain a stepwise approach to problem-solving using algorithms and programming logic.
- apply common functions, conditional statements, and loops to build python scripts and programs.
- work with the vs code programming environment to enhance coding proficiency.
- use testing and debugging strategies to ensure code reliability.
- perform logical and mathematical operations on datasets.

in the final week of the course you will apply your new algorithm design and programming skills to a data analysis problem: analyzing heart rate data.
",11000.0,beginner,course,1 - 4 Weeks
epidemiology in public health practice,johns hopkins university,"['Epidemiology', 'Data Analysis', 'Data Visualization', 'Problem Solving', 'Estimation']",4.7,https://www.coursera.org/specializations/professional-epidemiology,59402.0,"wharton's entrepreneurship specialization covers the conception, design, organization, and management of new enterprises. this five-course series is designed to take you from opportunity identification through launch, growth, financing and profitability. with guidance from wharton's top professors, along with insights from current wharton start-up founders and financiers, you'll develop an entrepreneurial mindset and hone the skills you need to develop a new enterprise with potential for growth and funding, or to identify and pursue opportunities for growth within an existing organization.
",4200.0,beginner,specialization,3 - 6 Months
foundations of data structures and algorithms,university of colorado boulder,"['Algorithms', 'Theoretical Computer Science', 'Data Structures', 'Computer Programming', 'Graph Theory', 'Problem Solving', 'Computational Logic', 'Computational Thinking', 'Mathematical Theory & Analysis', 'Mathematics', 'Applied Mathematics', 'Python Programming']",4.6,https://www.coursera.org/specializations/boulder-data-structures-algorithms,75444.0,"this is the first of seven courses in the google advanced data analytics certificate, which will help develop the skills needed to apply for more advanced data professional roles, such as an entry-level data scientist or advanced-level data analyst. data professionals analyze data to help businesses make better decisions. to do this, they use powerful techniques like data storytelling, statistics, and machine learning. in this course, you’ll begin your learning journey by exploring the role of data professionals in the workplace. you’ll also learn about the project workflow pace (plan, analyze, construct, execute) and how it can help you organize data projects.   
google employees who currently work in the field will guide you through this course by providing hands-on activities that simulate relevant tasks, sharing examples from their day-to-day work, and helping you enhance your data analytics skills to prepare for your career. 

learners who complete the seven courses in this program will have the skills needed to apply for data science and advanced data analytics jobs. this certificate assumes prior knowledge of foundational analytical principles, skills, and tools covered in the google data analytics certificate.  

by the end of this course, you will:
-describe the functions of data analytics and data science within an organization
-identify tools used by data professionals 
-explore the value of data-based roles in organizations 
-investigate career opportunities for a data professional 
-explain a data project workflow 
-develop effective communication skills
",393000.0,advanced,specialization,3 - 6 Months
design a user experience for social good & prepare for jobs,google,"['User Experience', 'Social Media', 'User Research', 'Web Design']",4.8,https://www.coursera.org/learn/ux-design-jobs,27902.0,"in the fourth course of machine learning engineering for production specialization, you will learn how to deploy ml models and make them available to end-users. you will build scalable and reliable hardware infrastructure to deliver inference requests both in real-time and batch depending on the use case. you will also implement workflow automation and progressive delivery that complies with current mlops practices to keep your production system running. additionally,  you will continuously monitor your system to detect model decay, remediate performance drops, and avoid system failures so it can continuously operate at all times.  
understanding machine learning and deep learning concepts is essential, but if you’re looking to build an effective ai career, you need production engineering capabilities as well. machine learning engineering for production combines the foundational concepts of machine learning with the functional expertise of modern software development and engineering roles to help you develop production-ready skills.

week 1: model serving introduction
week 2: model serving patterns and infrastructures
week 3: model management and delivery
week 4: model monitoring and logging
",3000.0,beginner,course,1 - 3 Months
learn to program: the fundamentals,university of toronto,"['Computer Programming', 'Python Programming', 'Computational Logic', 'Problem Solving', 'Programming Principles', 'Computer Programming Tools', 'Critical Thinking', 'Computational Thinking', 'Algorithms', 'Process Analysis']",4.7,https://www.coursera.org/learn/learn-to-program,421737.0,"behind every mouse click and touch-screen tap, there is a computer program that makes things happen. this course introduces the fundamental building blocks of programming and teaches you how to write fun and useful programs using the python language.
",6300.0,beginner,course,1 - 3 Months
autodesk certified professional: autocad for design and drafting exam prep,autodesk,"['Computer Graphics', 'Computer Graphic Techniques', 'Design and Product', 'Feature Engineering', 'Research and Design', 'Software Architecture', 'Software Engineering', 'User Experience Design', 'Visualization (Computer Graphics)']",4.7,https://www.coursera.org/learn/autodesk-autocad-design-drafting,54405.0,"the demand placed on today’s engineers goes above and beyond the job description. products have become complex and engineers are more frequently asked to leave specialized roles and to take on a wide variety of tasks that are beyond their traditional responsibilities.  these tasks are centered on form, fit, and function. engineers need to factor in broader concerns such as cost, procurement, sustainability, manufacturability, and serviceability. their role has moved away from an individual responsibility to working as part of a collaborative engineering team, executing tradeoffs with both engineering and business stakeholders to meet project goals. these trends have forced today’s engineers to broaden their skillset to be successful. 
engineers today are required to be on the cutting edge of design innovation. this means not only understanding engineering principles that govern the title and role, but also perfecting the toolsets needed to design and develop products.  
through this specialization, you’ll learn the foundations of applying computer aided design (cad), computer aided engineering (cae), and manufacturing principles while developing your technical skills within autodesk fusion 360. 
looking for autodesk fusion 360 certification prep courses? check out additional learning resourcesopens in a new tab to help you uplevel your skills.
",2500.0,advanced,course,1 - 4 Weeks
site reliability engineering: measuring and managing reliability,google cloud,"['DevOps', 'Software Engineering', 'Strategy and Operations', 'Decision Making', 'Leadership and Management', 'Operational Analysis', 'Performance Management', 'User Experience', 'Problem Solving', 'Critical Thinking']",4.5,https://www.coursera.org/learn/site-reliability-engineering-slos,48390.0,"service level indicators (slis) and service level objectives (slos) are fundamental tools for measuring and managing reliability. in this course, students learn approaches for devising appropriate slis and slos and managing reliability through the use of an error budget.
",864000.0,intermediate,course,1 - 3 Months
data mining,university of illinois at urbana-champaign,"['Machine Learning', 'Data Analysis', 'Data Mining', 'Machine Learning Algorithms', 'Natural Language Processing', 'Probability & Statistics', 'Data Visualization', 'Bayesian Statistics', 'General Statistics', 'Probability Distribution', 'Statistical Programming', 'Algorithms', 'Mathematical Theory & Analysis', 'Python Programming', 'Data Visualization Software']",4.5,https://www.coursera.org/specializations/data-mining,57016.0,"87% of google cloud certified users feel more confident in their cloud skills. this program provides the skills you need to advance your career and provides training to support your preparation for the industry-recognized google cloud professional data engineeropens in a new tab certification.
here's what you have to do
1) complete the coursera data engineering professional certificate
2) review other recommended resources for the google cloud professional data engineer certificationopens in a new tab exam
3) review the professional data engineer exam guideopens in a new tab
4) complete professional data engineer opens in a new tabsample questions
5) registeropens in a new tab for the google cloud certification exam (remotely or at a test center)
applied learning project
this professional certificate incorporates hands-on labs using qwiklabs platform.these hands on components will let you apply the skills you learn. projects incorporate google cloud products used within qwiklabs. you will gain practical hands-on experience with the concepts explained throughout the modules.
applied learning project
 this specialization incorporates hands-on labs using our qwiklabs platform.
these hands on components will let you apply the skills you learn in the video lectures. projects will incorporate topics such as bigquery, which are used and configured within qwiklabs. you can expect to gain practical hands-on experience with the concepts explained throughout the modules.
",2900.0,intermediate,specialization,3 - 6 Months
excel/vba for creative problem solving,university of colorado boulder,"['Spreadsheet Software', 'Computer Programming', 'Problem Solving', 'Microsoft Excel', 'Programming Principles', 'Data Analysis', 'Critical Thinking', 'Algorithms', 'Computer Programming Tools', 'Computational Logic', 'Computational Thinking']",4.8,https://www.coursera.org/specializations/excel-vba-creative-problem-solving,72468.0,"as data becomes the modern currency, so the ability to quickly and accurately analyse data has become of paramount importance. therefore, data analytics and visualization are two of the most sought after skills for high paying jobs with strong future growth prospects. according to an ibm reportopens in a new tab, the excel tools for data analytics and visualization are among the top 10 competencies projected to show double-digit growth in their demand. this course will help you develop your analytical and visualization skills so that you not only improve your current work performance but also expand your future job prospects. for those in business and data analysis who want to master advanced excel and beginner power bi
, that will add an asset to your employability portfolio.
upon completing this specialization, you will be able to bring data to life using advanced excel functions, creative visualizations, and powerful automation features. these courses will equip you with a comprehensive set of tools for transforming, linking, and analysing data. you will master a broad range of charts and create stunning interactive dashboards. finally, you will explore a new dimension in excel with powerpivot, get and transform, and dax.  harnessing the power of an underlying database engine, we will remove the 1,048,576 row limitation, completely automate data transformation, create data models to effectively link data, and open the gateway to power business intelligence.
applied learning project
working with datasets similar to those typically found in a business, you will use powerful excel tools to wrangle the data into shape, create useful visualizations, and prepare dashboards and report to share your results. you will learn to create a data workflow to automate your analysis and make the results flexible and reproducible.
",4600.0,beginner,specialization,3 - 6 Months
excel skills for data analytics and visualization,macquarie university,"['Business Analysis', 'Spreadsheet Software', 'Data Analysis', 'Data Analysis Software', 'Data Visualization', 'Microsoft Excel', 'Data Management', 'Exploratory Data Analysis', 'Statistical Visualization', 'Data Model', 'Data Structures', 'Data Visualization Software', 'Database Design', 'Interactive Design', 'Plot (Graphics)', 'Visual Design', 'Big Data', 'Power BI']",4.8,https://www.coursera.org/specializations/excel-data-analytics-visualization,145303.0,"as data becomes the modern currency, so the ability to analyse the data quickly and accurately has become of paramount importance. excel with its extraordinarily broad range of features and capabilities is one of the most widely used programs for doing this. in the first course of our excel skills for data analysis and visualization specialization, you will learn the fundamentals of excel for data analysis. when you have completed the course, you will be able to use a range of excel tools and functions to clean and prepare data for analysis; automate data analysis with the help of named ranges and tables; and use logical and lookup functions to transform, link and categorise data.
this course will enable you to build a strong foundation in the fundamentals, helping you to be more efficient in your day-to-day and developing the necessary skills to work with the more advanced techniques used in later courses. to make the content easy to relate to and to personalize the learning experience, we are going to follow zara's journey through the course. who is zara? well, she is no-one and everyone. you will find that zara's trials and tribulations sound familiar, and together with zara, you will develop your excel skills along the way — and, importantly, have some fun doing it.

the excel skills for data analytics and visualization courses are the sequel to one of most successful specializations on coursera, excel skills for business, which has attracted hundreds of thousands of learners and top ratings. transform your skills, your confidence, and your opportunities by adding this new set of skills to your repertoire.
",4800.0,intermediate,specialization,3 - 6 Months
"modern robotics:  mechanics, planning, and control",northwestern university,"['Mathematics', 'Linear Algebra', 'Algebra', 'Geometry', 'Computer Programming', 'Mathematical Theory & Analysis', 'Computer Programming Tools', 'Matlab', 'Python Programming', 'Algorithms', 'Critical Thinking', 'Problem Solving', 'Differential Equations', 'Graph Theory', 'Spatial Analysis', 'Planning', 'Supply Chain and Logistics']",4.7,https://www.coursera.org/specializations/modernrobotics,0.0,"embark on an exciting journey into the thriving realm of project management and prepare for a promising career ahead. in this program, you'll gain invaluable skills, knowledge, and a robust portfolio that will give you a competitive edge in the job market as an entry-level project manager. no prior experience or expertise required.
working collaboratively across teams, project managers deftly manage risks, establish effective communication channels with stakeholders, and provide guidance to team members. in our rapidly evolving and dynamic world, the demand for skilled project managers who can navigate these complexities and ensure project success has never been greater.
throughout this program, you'll learn not only the methodology and language of project management, you'll master the essential processes and tools necessary to set up projects for success.
by the program's conclusion, you'll possess a diverse portfolio of projects that showcases your proficiency. your portfolio will include project timelines, roles and responsibility matrices, stakeholder management tools, and communication plans. 
furthermore, our program is designed to prepare you for the attainment of esteemed project management certifications, such as the prestigious capm certification from pmi. with our comprehensive curriculum and expert guidance, you'll be well-prepared to take that next important step in your career journey.
applied learning project
this specialization has a strong emphasis on applied learning and includes a series of hands-on activities. in these exercises, you’ll take the theory and skills you’ve gained and apply it to real-world scenarios. from building a timeline, tracking issues, or setting up a communications plan, we’ll provide realistic scenarios you might encounter as a project manager. compiling these tools together will provide you with a portfolio showcasing your experience to help you shine for potential employers.
the final course in this program is a capstone course that was developed based on the capm exam. it will test your learnings about project management and help prepare you for taking the official capm exam down the road.
",1100.0,intermediate,specialization,3 - 6 Months
data visualization with python,ibm,"['Python Programming', 'Computer Programming', 'Data Analysis', 'Data Visualization']",4.5,https://www.coursera.org/learn/python-for-data-visualization,320613.0,"computer science legend donald knuth once said “i don’t understand things unless i try to program them.” we also believe that the best way to learn an algorithm is to program it. however, many excellent books and online courses on algorithms, that excel in introducing algorithmic ideas, have not yet succeeded in teaching you how to implement algorithms, the crucial computer science skill that you have to master at your next job interview. we tried to fill this gap by forming a diverse team of instructors that includes world-leading experts in theoretical and applied algorithms at ucsd (daniel kane, alexander kulikov, and pavel pevzner) and a former software engineer at google (neil rhodes). this unique combination of skills makes this specialization different from other excellent moocs on algorithms that are all developed by theoretical computer scientists. while these moocs focus on theory, our specialization is a mix of algorithmic theory/practice/applications with software engineering. you will learn algorithms by implementing nearly 100 coding problems in a programming language of your choice. to the best of knowledge, no other online course in algorithms comes close to offering you a wealth of programming challenges (and puzzles!) that you may face at your next job interview. we invested over 3000 hours into designing our challenges as an alternative to multiple choice questions that you usually find in moocs.  
applied learning project
the specialization contains two real-world projects: big networks and genome assembly. you will analyze both road networks and social networks and will learn how to compute the shortest route between new york and san francisco 1000 times faster than the shortest path algorithms you learn in the standard algorithms 101 course! afterwards, you will learn how to assemble genomes from millions of short fragments of dna and how assembly algorithms fuel recent developments in personalized medicine.
",11000.0,intermediate,course,1 - 3 Months
trading strategies in emerging markets,indian school of business,"['Finance', 'Investment Management', 'Financial Analysis', 'Securities Trading', 'Accounting', 'Algorithms', 'Strategy', 'Financial Accounting', 'Market Analysis', 'Business Analysis', 'Statistical Analysis', 'Risk Management', 'Strategy and Operations', 'Account Management', 'Behavioral Economics', 'Decision Making', 'General Accounting', 'Market Research', 'Performance Management', 'Correlation And Dependence', 'Statistical Tests']",4.2,https://www.coursera.org/specializations/trading-strategy,61143.0,"this specialization equips individual investors and money managers with the skills required to develop their own trading strategies and test them. when you complete the specialization, you’ll be ready to apply eight ready-made trading strategies, based on rigorous academic research, that have been shown to be. you’ll also be able to design your own trading strategy, back test it, and measure its performance.
applied learning project
in the capstone project, the learners will be able to design a new trading strategy and evaluate it using the tools learned in the course. they will also be able to integrate it with the existing portfolio and also develop a plan to start a hedge fund.
",2600.0,beginner,specialization,3 - 6 Months
deep neural networks with pytorch,ibm,"['Human Learning', 'Machine Learning', 'Deep Learning', 'Python Programming', 'Artificial Neural Networks', 'Machine Learning Algorithms', 'Applied Machine Learning', 'Algorithms', 'Regression', 'Statistical Machine Learning']",4.4,https://www.coursera.org/learn/deep-neural-networks-with-pytorch,25861.0,"defi and the future of finance is a four course learning experience. defi or decentralized finance is a new technology whereby users interact as peers with algorithms or smart contracts rather than through traditional intermediaries such as banks, brokerages or insurance companies.  the technology has the potential to transform finance as we know it. it solves key problems in traditional finance such as lack of inclusion, inefficiency, opacity, centralized control and lack of interoperability. 
the first course, defi infrastructure, focuses on the historical evolution of decentralized finance as well as the problems that defi solves. 
the second course, defi primitives, deals with mechanics, supply and ownership, and loans and swaps. 
the third course, defi deep dive, explores the leading protocols including makerdao, compound, aave, uniswap and dydx. 
the fourth course, defi risks and opportunities, analyzes the key risks including smart contract risk, governance risk, scaling as well as regulatory issues. the final part of the course sketches a vision of finance in the future including the winners and the losers.
",1500.0,intermediate,course,1 - 3 Months
learn english: intermediate grammar,"university of california, irvine","['Writing', 'Communication']",4.8,https://www.coursera.org/specializations/intermediate-grammar,121485.0,"this specialization covers common topics in intermediate grammar, such as perfect verb tenses and adjective clauses. it will also cover ""tricky english"" grammar topics that learners of english often find frustrating. the capstone will give you a chance to review all of the knowledge you've learned in the courses and create a multi-media ""scrapbook"" of grammar to keep with you after the specialization ends.
",5100.0,intermediate,specialization,3 - 6 Months
introduction to computer science and programming,university of london,"['Mathematical Theory & Analysis', 'Mathematics', 'Problem Solving', 'Algebra', 'Calculus', 'Computer Networking', 'Applied Mathematics', 'Critical Thinking', 'Theoretical Computer Science', 'Computer Programming', 'Javascript']",4.2,https://www.coursera.org/specializations/introduction-computer-science-programming,242241.0,"start your cloud computing journey with this self-paced introductory course! whether you need general cloud computing knowledge for school or business, or you are considering a career change, this beginner-friendly course is right for you. 
in this course you’ll learn about essential characteristics of cloud computing and emerging technologies supported by cloud. you’ll explore cloud service models, including infrastructure as a service (iaas), platform as a service (paas), software as a service (saas), and public, private, and hybrid deployment models. 

discover the offerings of prominent cloud service providers aws, google, ibm, microsoft, and others, and review cloud computing case studies. learn about cloud adoption, blockchain, analytics, and ai. 

you will learn about the many components of cloud computing architecture including datacenters, availability zones, virtual machines, containers, and bare metal servers. you will also familiarize yourself with different types of cloud storage options, such as object storage. 

you’ll gain foundational knowledge of emergent cloud trends and practices including hybrid, multicloud, microservices, serverless, devops, cloud native, application modernization, as well as learn about cloud security and monitoring. you’ll also explore cloud computing job roles and possible career paths and opportunities. 

you will complete a number of labs and quizzes throughout this course to increase your understanding of course content. at the end of the course, you will complete a final project where you will deploy an application to cloud using a serverless architecture, a valuable addition to your portfolio. 

after this course, check out the related courses to help you towards your new career as a cloud engineer, full stack developer, devops engineer, cybersecurity analyst, and others.
",1400.0,beginner,specialization,3 - 6 Months
leading diverse teams & organizations,university of michigan,"['Communication', 'Leadership and Management']",4.8,https://www.coursera.org/learn/leading-diverse-teams-and-organizations,79013.0,"meet jim barton, the new ceo of santa monica aerospace. jim's job won't be easy: the company's hemorrhaging cash, struggling to regain investors' trust after an accounting scandal, and striving to transform its culture to become a more global competitor. in this course, you’ll travel with jim as he takes on leadership challenges ranging from strategy execution, to inspiring people, to maintaining an ethical approach. experts agree that twentieth-century leadership practices are inadequate for the stormy twenty-first-century present. this provocative course equips you with the insights you'll need to rise with the occasion of a rapidly shifting business landscape.
the course is based on a book, harder than i thought: adventures of a 21st century leader, by robert d. austin, richard l. nolan, and shannon o'donnell, published by harvard business review press. purchase of the book is optional. if you want more information about the book or wish to buy it, see https://hbr.org/product/harder-than-i-thought-adventures-of-a-twenty-first/an/10332-hbk-eng or http://www.amazon.com/harder-than-thought-adventures-twenty-first/dp/1422162591 

after taking the course, you'll be able to:
o   enact your own personal leadership approach, derived from your ongoing evaluation of how jim barton has handled his leadership situation, as well as from established leadership concepts and frameworks;
o   avoid leadership actions that might have worked in the past, but are not suited to a newly challenging 21st century world;
o   navigate treacherous new 21st century leadership challenges, such as greater reliance on specialized workers or the need to respond to external scrutiny in an increasingly transparent world (and many more);
o   avoid ""slippery slope"" ethical failures, and think more clearly about the separation between public and private life for a 21st century leader.
",346000.0,beginner,course,1 - 4 Weeks
introduction to cyber security,new york university,"['Security Engineering', 'Cyberattacks', 'Network Security', 'System Security', 'Security Strategy', 'Computer Networking', 'Security Software', 'Computer Security Models', 'Network Architecture', 'Strategy', 'Cryptography', 'Problem Solving', 'Software Security', 'Algorithms', 'Computer Security Incident Management', 'Critical Thinking', 'Computational Thinking', 'BlockChain', 'Cloud Computing', 'Mobile Security']",4.7,https://www.coursera.org/specializations/intro-cyber-security,206926.0,"this course provides a brief introduction to the fundamentals of finance, emphasizing their application to a wide variety of real-world situations spanning personal finance, corporate decision-making, and financial intermediation. key concepts and applications include: time value of money, risk-return tradeoff, cost of capital, interest rates, retirement savings, mortgage financing, auto leasing, capital budgeting, asset valuation, discounted cash flow (dcf) analysis, net present value, internal rate of return, hurdle rate, payback period.
",3400.0,beginner,specialization,3 - 6 Months
the pronunciation of american english,"university of california, irvine",['Communication'],4.8,https://www.coursera.org/specializations/american-english-pronunciation,36409.0,"this specialization is intended for anyone who wants to achieve clearer, more understandable pronunciation of american english to help them communicate more easily and effectively. through these four courses, you will learn about and practice consonant and vowel sounds, along with aspects of the “music” of english, including word stress, intonation, and connected speech. clearer pronunciation leads to success in business, education, or any field where english is required.  
applied learning project
learners will improve their pronunciation by practicing realistic dialogues and other interactive exercises. they will put their new knowledge and skills to use by analyzing a passage of authentic spoken english and preparing and recording a reflection on their own learning, with the aim of improving their ability to be understood and also to understand others in real-life oral communication.  
",979000.0,beginner,specialization,3 - 6 Months
natural language processing with attention models,deeplearning.ai,"['Artificial Neural Networks', 'Deep Learning', 'Natural Language Processing', 'Machine Learning', 'Python Programming', 'Statistical Programming']",4.4,https://www.coursera.org/learn/attention-models-in-nlp,131516.0,"if you are a software developer who wants to build scalable ai-powered algorithms, you need to understand how to use the tools to build them. this specialization will teach you best practices for using tensorflow, a popular open-source framework for machine learning.
in course 3 of the deeplearning.ai tensorflow specialization, you will build natural language processing systems using tensorflow. you will learn to process text, including tokenizing and representing sentences as vectors, so that they can be input to a neural network. you’ll also learn to apply rnns, grus, and lstms in tensorflow. finally, you’ll get to train an  lstm on existing text to create original poetry!

the machine learning course and deep learning specialization from andrew ng teach the most important and foundational principles of machine learning and deep learning. this new deeplearning.ai tensorflow specialization teaches you how to use tensorflow to implement those principles so that you can start building and applying scalable models to real-world problems. to develop a deeper understanding of how neural networks work, we recommend that you take the deep learning specialization.
",949000.0,intermediate,course,1 - 4 Weeks
statistics with python,university of michigan,"['General Statistics', 'Probability & Statistics', 'Statistical Analysis', 'Data Analysis', 'Statistical Tests', 'Basic Descriptive Statistics', 'Probability Distribution', 'Python Programming', 'Statistical Visualization', 'Statistical Programming', 'Mathematics', 'Plot (Graphics)', 'Regression', 'Estimation', 'Correlation And Dependence', 'Data Visualization', 'Exploratory Data Analysis', 'Computer Programming', 'Bayesian Statistics']",4.6,https://www.coursera.org/specializations/statistics-with-python,77446.0,"this specialization is designed to teach learners beginning and intermediate concepts of statistical analysis using the python programming language. learners will learn where data come from, what types of data can be collected, study data design, data management, and how to effectively carry out data exploration and visualization. they will be able to utilize data for estimation and assessing theories, construct confidence intervals, interpret inferential results, and apply more advanced statistical modeling procedures. finally, they will learn the importance of and be able to connect research questions to the statistical and data analysis methods taught to them.
applied learning project
the courses in this specialization feature a variety of assignments that will test the learner’s knowledge and ability to apply content through concept checks, written analyses, and python programming assessments. these assignments are conducted through quizzes, submission of written assignments, and the jupyter notebook environment.
",3100.0,beginner,specialization,1 - 3 Months
from data to insights with google cloud,google cloud,"['Google Cloud Platform', 'Cloud Computing', 'SQL', 'Databases', 'Data Analysis', 'Big Data', 'Cloud Platforms', 'Data Management', 'Exploratory Data Analysis', 'Cloud Storage', 'Data Analysis Software', 'Extract', 'Transform', 'Load', 'Data Model', 'Machine Learning', 'Applied Machine Learning', 'Human Learning', 'Data Visualization', 'Machine Learning Software', 'Database Theory']",4.6,https://www.coursera.org/specializations/from-data-to-insights-google-cloud-platform,0.0,"data science is projected to create 11.5 1 million global job openings by 2026 and offers many of the remote 2 job opportunities in the industry.
prepare for a new career in this high-demand field with a professional certificate from fractal analytics. whether you're a recent graduate seeking a rewarding career shift or a professional aiming to upskill, this program will equip you with the essential skills demanded by the industry.
this curriculum is designed with a problem-solving approach at the center to equip and enable you with the skills, required to solve data science problems, instead of just focusing on the tools and applications.
through hands-on courses you'll master python programming, harness the power of machine learning, cultivate expertise in data manipulation, and build understanding of cognitive factors affecting decisions. you will also learn the direct application of tools like sql, powerbi, and python to real-world scenarios.
upon completion, you will earn a professional certificate, which will help to make your profile standout in your career journey.
fractal data science professional certificate is one of the preferred qualifications for entry-level data science jobs at fractal. complete this certificate to make your profile standout from other candidates while applying for job openings at fractal.please read faq’s for t&c’s
1 ethrworld(nov,21)
2 remote.com/blog/remote-job-roles

 
applied learning project
learners will be able to apply structured problem-solving techniques to dissect and address complex data-related challenges encountered in real-world scenarios and utilize sql proficiency to retrieve and manipulate data and employ data visualization skills using power bi to communicate insights. becoming experts at python programming to manipulate and analyze data. learners will implement machine learning algorithms to create predictive models for diverse applications. and create compelling data stories to influence and inform your audience and master the art of critically analyzing data while making decisions and recommendations.

 
",4600.0,beginner,specialization,3 - 6 Months
gpu programming,johns hopkins university,"['Python Programming', 'Machine Learning', 'Computer Programming', 'Artificial Neural Networks', 'C Programming Language Family', 'C++ Programming', 'Algorithms', 'Data Science', 'Linear Algebra']",2.8,https://www.coursera.org/specializations/gpu-programming,43857.0,"this specialization is for those new to mapping and gis, as well as anyone looking to gain a better understanding of how it all works and why. you will learn practical skills that can be applied to your own work using cutting-edge software created by esri inc., the world's leading gis company and our industry partner. 
 please note: the software is no longer provided with this course. you will have to obtain it on your own. 
applied learning project
the courses are based on the idea that you will get the most out of the learning experience if you can tailor your work to your own interests. you will learn how to create gis data, how to find and evaluate data found online, how to design an effective map, and how to filter data and analyze spatial relationships, and how to work with satellite imagery. in the capstone course, you will apply everything you have learned by either building a portfolio of your work through ""mini projects"" or planning and executing one large project. your capstone work will then be presented in a web-based story map that you can share with your friends, family, and colleagues.  


",72000.0,intermediate,specialization,3 - 6 Months
fundamentals of machine learning for healthcare,stanford university,"['Critical Thinking', 'Machine Learning']",4.8,https://www.coursera.org/learn/fundamental-machine-learning-healthcare,17164.0,"this specialization is designed to equip students with the basic concepts and vocabulary of immunology. the goal is to provide students from different backgrounds with a fundamental understanding of immunology and the ability to appreciate and analyze new developments in immunological therapies designed for the treatment of disease.
applied learning project
in the fundamentals of immunology specialization, you will learn the basics of innate immunity, including complement, and its role in inflammation and activation of adaptive immunity.
the development of b cells and the production and improvement of antibodies.

the development of th cells and their roles in promoting both immune responses and tolerance.

the role of the major histocompatibility proteins in alerting t cells and their role in the success of organ and tissue transplants.

the mechanisms whereby cytotoxic t cells and natural kill cells recognize rogue-self cells and prod them into apoptosis.

the principles of chemical communication among immune cells.

some example of how the immune system can cause problems and how we deal with these issues.

",365000.0,beginner,course,1 - 3 Months
sap professional fundamentals,sap,"['Leadership and Management', 'Strategy', 'Strategy and Operations', 'Business Process Management', 'Planning', 'Project Management', 'Business Analysis', 'Business Transformation', 'Cloud-Based Integration', 'Supply Chain and Logistics']",4.7,https://www.coursera.org/learn/sap-professional-fundamentals,40679.0,"sap professional fundamentals is the first course in the sap technology consultant professional certificate program. the course introduces you to the world of consulting and the range of skills that you need to succeed in this competitive field.
you’ll explore sap professional consulting roles and discover what technical consultants, functional consultants, and other professionals do. you’ll investigate the wide range of skills consultants need to have, for example strategic thinking, business process analysis, systems and design thinking, and understanding data, as well as effective soft skills, communication and relationship management. you’ll explore various planning and project management methodologies such as waterfall, agile, devops, and cloud. plus, you’ll start to get a feel for the whole sap journey, from engaging with the customer to deploying a solution.

by the end of this course, you will be able to:

explain what is meant by the sap ecosystem and the value it brings to customers.
describe what different sap professionals do and how they engage with customers.
understand the core and soft consulting skills that are both in highest demand, and frequently not taught in classroom environments.
describe a typical sap engagement and how key professional skills are used at each stage of the sap implementation lifecycle.
describe key roles with whom an sap professional typically collaborates.
",411000.0,beginner,course,1 - 3 Months
introduction to computers and operating systems and security,microsoft,"['Cloud Computing', 'Computer Architecture', 'Operating Systems', 'System Security']",4.8,https://www.coursera.org/learn/introduction-to-computers-and-operating-systems-and-security,55849.0,"computer vision is one of the most exciting fields in machine learning and ai. it has applications in many industries, such as self-driving cars, robotics, augmented reality, and much more. in this beginner-friendly course, you will understand computer vision and learn about its various applications across many industries.
as part of this course, you will utilize python, pillow, and opencv for basic image processing and perform image classification and object detection.

this is a hands-on course and involves several labs and exercises. labs will combine jupyter labs and computer vision learning studio (cv studio), a free learning tool for computer vision. cv studio allows you to upload, train, and test your own custom image classifier and detection models.  at the end of the course, you will create your own computer vision web app and deploy it to the cloud.

this course does not require any prior machine learning or computer vision experience. however, some knowledge of the python programming language and high school math is necessary.
",526000.0,beginner,course,1 - 4 Weeks
hands-on introduction to linux commands and shell scripting,ibm,['Linux'],4.7,https://www.coursera.org/learn/hands-on-introduction-to-linux-commands-and-shell-scripting,27594.0,"este programa especializado está dirigido a personas que trabajen en instituciones públicas y/o privadas que ocupan un puesto en mandos medios o superiores que deseen mejorar notablemente su desempeño directivo. también, es para cualquier persona que desea desarrollar su potencial y prepararse para ocupar puestos en niveles gerenciales.
applied learning project
el programa especializado en habilidades gerenciales te permitirá desarrollar competencias integrales para desempeñar un puesto de mando de cualquier nivel y tipo de organización, está dividido en seis módulos didácticos diseñados con vídeos, ejercicios y actividades que de una manera sencilla y clara te describen los elementos estructurales de la función directiva haciendo énfasis en los aspectos esenciales y técnicos de cada uno de los temas.
 al final del programa habrás entendido mucho mejor tu rol directivo en tu empresa y la importancia de tu contribución; la que concretarás a lo largo del programa en un proceso de desarrollo personal e institucional.

",992000.0,beginner,course,1 - 4 Weeks
pwc gst taxation executive,pwc india,"['Leadership and Management', 'Finance', 'Financial Analysis', 'Taxes', 'Problem Solving']",4.6,https://www.coursera.org/professional-certificates/pwc-gst-taxation-executive,3429.0,"want to start a new career as a gst professional in india or want to enhance your gst knowledge as an accountant or tax executive? goods and services tax(gst) specialists are in high demand as companies seek individuals with expertise to help them implement and comply with this landmark tax reform. they are responsible for preparing and filing tax returns, preparing payments, identifying tax savings, and analyzing tax issues.   
designed by pwc india, this program will help you gain in-demand skills in the field of gst. you’ll learn about india's gst landscape and fundamentals, understand gst compliances, how and when to apply gst, and how to undertake gst compliances and file returns.  you’ll gain practical knowledge of gst and apply your new skills to real world scenarios by examining actual transactions and case studies.  
upon completion, you will earn a professional certificate from pwc india and will have job-ready skills for entry level gst jobs in india. this is an industry-agnostic program relevant to anyone looking to acquire basic knowledge of india gst.
learners can sharpen their skills in specific gst areas such as technical aspects, compliances, and tax dispute resolution. 
to be successful,  it will be helpful to be familiar with basic excel, basic arithmetic formulas, and the concepts of purchase, sale, receipts, and payments.
 

applied learning project
in this professional certificate, you will practice on 5+ real-life scenarios that will connect the concepts you learn to real-world transactions. specific case studies have also been included in videos and practice assessments to help you understand the practical aspects to perform critical activities as a gst professional.
",56000.0,beginner,professional certificate,3 - 6 Months
c programming with linux,dartmouth college,"['Computer Programming', 'Computer Programming Tools', 'Linux']",4.6,https://www.coursera.org/specializations/c-programming-linux,169504.0,"writing well is one of the most important skills you can develop to be successful in the business world. over seventy companies and thirty thousand students--from professional writers to new employees to non-native english speakers to seasoned executives--have used the techniques in business writing to power their ability to communicate and launch their ideas. this course will teach you how to apply the top ten principles of good business writing to your work, how to deploy simple tools to  dramatically improve your writing, and how to execute organization, structure, and revision to communicate more masterfully than ever. from the very first lesson, you'll be able to apply your new learning immediately to your work and improve your writing today. your ideas are powerful. learn how to deliver them with the clarity and impact they deserve. 
""thank you for giving me the knowledge i need in life. [business writing] was helpful, life changing, and has made a huge     impact in my writing.""  -- message from a business writing student

the principles you'll learn in this course enable you to become a great business writer. they also provide the foundation for moving into graphic design and successful presentation, so that you can unleash your best professional self whenever--and however--you present your ideas in the workplace.

this course can be taken for academic credit as part of cu boulder’s master of science in data science (ms-ds) degree offered on the coursera platform. the ms-ds is an interdisciplinary degree that brings together faculty from cu boulder’s departments of applied mathematics, computer science, information science, and others. with performance-based admissions and no application process, the ms-ds is ideal for individuals with a broad range of undergraduate education and/or professional experience in computer science, information science, mathematics, and statistics. learn more about the ms-ds program at https://www.coursera.org/degrees/master-of-science-data-science-boulder.
",279000.0,beginner,specialization,3 - 6 Months
software development lifecycle,university of minnesota,"['Software Engineering', 'Agile Software Development', 'Design and Product', 'Problem Solving', 'Software Architecture', 'Software Testing', 'Leadership and Management', 'Project Management', 'Scrum (Software Development)', 'Software Engineering Tools', 'Continuous Delivery', 'Organizational Development', 'Product Development', 'User Experience', 'Application Development', 'Planning', 'Collaboration', 'Estimation', 'Full-Stack Web Development', 'Computer Programming Tools', 'Computer Programming', 'Search Engine Optimization', 'Conflict Management']",4.7,https://www.coursera.org/specializations/software-development-lifecycle,53694.0,"this specialization is designed for people who are new to software engineering. it's also for those who have already developed software, but wish to gain a deeper understanding of the underlying context and theory of software development practices.
at the end of this specialization, we expect learners to be able to:
1.) build high-quality and secure software using sdlc methodologies such as agile, lean, and traditional/waterfall.
2.) analyze a software development team's sdlc methodology and make recommendations for improvements.
3.) compare and contrast software development methodologies with respect to environmental, organizational, and product constraints.


applied learning project
to cement the theoretical concept into solid learning, learners will be given multiple fictional case studies where learners will be asked to make decisions like what methodology will you choose, what practices/processes will you use and why?  these projects will help learners apply the concepts into practice.  
in agile course, learners will be asked to create a story map for a given situation, and make a case for agile methodology.
in lean course, learners will be asked to create a value stream map and use design thinking to a ficticious case study
all of the projects will be peer reviewed. 


",9100.0,intermediate,specialization,3 - 6 Months
google ux design (de),google,"['Design and Product', 'User Experience Design', 'User Experience']",4.4,https://www.coursera.org/professional-certificates/google-ux-design-de,885742.0,"prepare for a career in the high-growth field of ux design, no experience or degree required. with professional training designed by google, get on the fast-track to a competitively paid job. there are over 138,000 open jobs in ux design with a median entry-level salary of $112,000.¹
user experience (ux) designers focus on the interaction that users have with products, like websites, apps, and physical objects. they make those everyday interactions useful, enjoyable, and accessible.
over 7 courses, gain in-demand skills that will prepare you for an entry-level job. 
you will create designs on paper and in digital design tools like figma and adobe xd. by the end of the certificate program, you will have a professional ux portfolio that includes three end-to-end projects, so that you’re ready to apply for jobs. upon completion, you can directly apply for jobs with google and over 150 u.s. employers, including deloitte, target, verizon, and of course, google. 
75% of certificate graduates report a positive career outcome (e.g., new job, promotion, or raise) within six months of completion²
¹lightcast™ us job postings (2022: jan. 1, 2022 - dec. 31, 2022).
²based on program graduate survey, united states 2022
applied learning project
this program includes over 200 hours of instruction and hundreds of practice-based activities and assessments that simulate real-world ux design scenarios and are critical for success in the workplace. the content is highly interactive and developed by google employees with decades of experience in ux design.
you’ll learn how to complete the design process from beginning to end, including: empathizing with users; defining user pain points; coming up with ideas for design solutions; creating wireframes, mockups, and prototypes; testing designs through usability studies; iterating on designs based on feedback.
through a mix of videos, readings, assessments, and hands-on activities, you’ll learn in-demand design tools, figma and adobe xd. you’ll even create a portfolio that includes three projects to share with potential employers to showcase the skills you learned in this program.
learn concrete skills that top employers are hiring for right now. 
",38000.0,beginner,professional certificate,3 - 6 Months
vital signs: understanding what the body is telling us,university of pennsylvania,['Health'],4.8,https://www.coursera.org/learn/vital-signs,349514.0,"the vital signs – heart rate, blood pressure, body temperature, respiration rate, and pain – communicate important information about the physiological status of the human body. in this six-part course we explore the anatomy and physiology underlying the vital signs so that you will develop a systematic, integrated understanding of how the body functions. relevant body systems are reviewed including cardiovascular and respiratory, followed by explanations of how the function of these systems affects vital signs. we discuss normal ranges, normal variants, and the mechanisms that underlie changes in the objective measurement of vital signs. the course also includes demonstrations of appropriate techniques for measuring vital signs in yourself and others.
the course is designed for a broad, general audience but will be particularly interesting for individuals working in healthcare, those considering a career as a healthcare professional, lay caregivers, those with an interest in personal health and fitness, or anyone who simply wants to understand how the body functions.
",6100.0,all_levels,course,1 - 3 Months
auditing i: conceptual foundations of auditing,university of illinois at urbana-champaign,"['Accounting', 'Audit', 'Critical Thinking', 'Financial Analysis', 'Regulations and Compliance', 'Risk Management', 'Financial Accounting', 'General Accounting', 'Leadership and Management', 'Finance']",4.7,https://www.coursera.org/learn/auditing-part1-conceptual-foundations,190298.0,"attract and engage customers with digital marketing is the second of seven courses in the google digital marketing & e-commerce certificate. in this course you will practice using search engine optimization (seo), search engine marketing (sem), and display advertising to attract and engage customers online. you will explore the stages of the marketing funnel and learn how to use digital marketing tactics to move customers through the stages. you’ll learn how to increase the quality and quantity of website traffic by understanding seo fundamentals like keyword research, search engine algorithms, and link building. you will also learn about paid search and advertising, and explore tactics used to gain visibility and reach potential customers on search engine results pages, or serps. by the end of this course you’ll be able to apply digital marketing strategies, best practices, and tools to increase awareness of a business, understand customer needs, and engage people's interests with products and services. 
google employees who currently work in the field will guide you, providing hands-on activities and examples that simulate common digital marketing and e-commerce tasks while showing you some of the best tools and resources used on the job. 

learners who complete the seven courses in this program will be equipped to apply for entry-level jobs in digital marketing and e-commerce. no previous experience is necessary.

by the end of this course, you will be able to do the following: 
- identify customer personas and build your target audience
- describe the marketing funnel’s purpose and benefits
- know how to increase your conversion rate
- explain the purpose of seo and the essential seo terms to know
- use google search console and its reports to monitor a site’s presence in google search results
- recognize the benefits of sem and why to do it
- understand the fundamentals of google ads and targeting audiences
",525000.0,intermediate,course,1 - 3 Months
write professional emails in english,georgia institute of technology,"['Writing', 'Business Communication', 'Professional Development']",4.8,https://www.coursera.org/learn/professional-emails-english,912865.0,"this is a course to help you write effective business emails in english. this course is unique because each module will provide tips on writing more professional emails as well as lessons to improve your overall english writing skills. therefore, you will improve your grammar and vocabulary skills for email writing and also improve your cross cultural knowledge to make you more powerful and successful in your business communication. you will look at different email formats to analyze tone, formality levels, and various organizational styles. you will be able to improve your emails of introduction, announcements, requests and emails that apologize or revise a request. in this course you will write and revise 4–5 emails, complete several comprehension quizzes and review the emails of other participants.  
by the end of this course, you will be able to 
•	improve your overall written english skills
•	see differences and similarities among the different email formats 
•	write more effective subject lines and email text
•	apply various key language to different types of emails
•	correct common errors such as punctuation and capitalization
•	study tone and level of formality in emails 
•	understand how culture affects what is appropriate in a business emails 
•	write powerful business emails for professional needs
",17000.0,all_levels,course,1 - 3 Months
fundamentals of reinforcement learning,university of alberta,"['Machine Learning', 'Reinforcement Learning', 'Machine Learning Algorithms', 'Python Programming', 'Statistical Programming', 'Computer Programming', 'Decision Making']",4.8,https://www.coursera.org/learn/fundamentals-of-reinforcement-learning,206775.0,"how can you put data to work for you? specifically, how can numbers in a spreadsheet tell us about present and past business activities, and how can we use them to forecast the future? the answer is in building quantitative models, and this course is designed to help you understand the fundamentals of this critical, foundational, business skill. through a series of short lectures, demonstrations, and assignments, you’ll learn the key ideas and process of quantitative modeling so that you can begin to create your own models for your own business or enterprise. by the end of this course, you will have seen a variety of practical commonly used quantitative models as well as the building blocks that will allow you to start structuring your own models. these building blocks will be put to use in the other courses in this specialization.
",2700.0,intermediate,course,1 - 3 Months
managing cybersecurity,university system of georgia,"['Security Engineering', 'System Security', 'Risk Management', 'Computer Security Incident Management', 'Leadership and Management', 'Security Strategy', 'Network Security', 'Strategy', 'Cyberattacks', 'Strategy and Operations', 'Computer Security Models', 'Software Security', 'Security Software', 'Computer Networking', 'Planning', 'Business Analysis', 'Network Architecture', 'Networking Hardware', 'Organizational Development', 'Operations Management', 'Cryptography', 'Network Model', 'Project Management', 'Software As A Service', 'Cloud Computing']",4.8,https://www.coursera.org/specializations/managing-cybersecurity,12099.0,"this specialization is intended for those learners that:
-	would preferably have an undergraduate (bachelors) degree, or is a currently enrolled student 
- are interested in the area of it and cybersecurity and how it relates to business decisions 
-	is currently employed or seeking employment and needs to understand issues and best practices around cybersecurity 
-	may be a it or cybersecurity professional or technician 
-	may be interested in cybersecurity and unsure of how to approach a career in it  

applied learning project
given a case study of a   sample organization, the student will specify the number, role, and qualifications   of cybersecurity staff, identify the number and types of policy needed,   outline a risk management program, specify the committees, roles, and plans   needed to perform contingency planning and outline a cybersecurity governance   program. 
",1100.0,beginner,specialization,3 - 6 Months
tensorflow: data and deployment,deeplearning.ai,"['Machine Learning', 'Applied Machine Learning', 'Deep Learning', 'Tensorflow', 'Computer Programming', 'Javascript', 'Artificial Neural Networks', 'Python Programming', 'Data Model', 'Machine Learning Software', 'Mobile Development', 'Web Development', 'Computer Vision', 'Mobile Development Tools', 'Extract', 'Transform', 'Load', 'Software Framework', 'Visualization (Computer Graphics)', 'iOS Development']",4.6,https://www.coursera.org/specializations/tensorflow-data-and-deployment,32969.0,"continue developing your skills in tensorflow as you learn to navigate through a wide range of deployment scenarios and discover new ways to use data more effectively when training your machine learning models.
in this four-course specialization, you’ll learn how to get your machine learning models into the hands of real people on all kinds of devices. start by understanding how to train and run machine learning models in browsers and in mobile applications. learn how to leverage built-in datasets with just a few lines of code, learn about data pipelines with tensorflow data services, use apis to control data splitting, process all types of unstructured data, and retrain deployed models with user data while maintaining data privacy.  apply your knowledge in various deployment scenarios and get introduced to tensorflow serving, tensorflow, hub, tensorboard, and more. 
industries all around the world are adopting artificial intelligence. this specialization from laurence moroney and andrew ng will help you develop and deploy machine learning models across any device or platform faster and more accurately than ever.

looking for a place to start? master the foundational basics of tensorflow with the deeplearning.ai tensorflow developer professional certificateopens in a new tab. 
looking to customize and build powerful real-world models for complex scenarios? check out the tensorflow: advanced techniques specializationopens in a new tab. 
applied learning project
in the tensorflow: data and deployment specialization, you will learn to apply your knowledge in various deployment scenarios and get introduced to tensorflow serving, tensorflow, hub, tensorboard, and more, implementing projects you can add to your portfolio and show in interviews. 
",1400.0,intermediate,specialization,3 - 6 Months
learning linux for lfca certification,learnquest,"['Operating Systems', 'Linux', 'System Software', 'Cloud Computing', 'Computer Networking', 'DevOps', 'Network Security', 'Cloud Platforms', 'Computer Programming Tools', 'Software Engineering Tools', 'System Security', 'Application Development', 'Cloud Applications', 'Devops Tools', 'Security Engineering', 'System Programming', 'Information Technology']",4.5,https://www.coursera.org/specializations/linux-for-lfca-certification,14893.0,"this specialization is intended for beginners to learn how to become proficient in linux programming. it will prepare you for a role as an information technology professional by introducing you to the linux operating system. you will explore creating security through backups and redundancy, securing the perimeter of your network and systems, and managing a system with the linux os installed. 
applied learning project
each course within this specialization provides learners with the opportunity to test what they have learned throughout the courses with graded quizzes. learners will also have the opportunity to practice writing code in a lab environment utilizing the provided labs. 
",849000.0,beginner,specialization,3 - 6 Months
understanding research methods,university of london,"['Planning', 'Writing']",4.6,https://www.coursera.org/learn/research-methods,311288.0,"this mooc is about demystifying research and research methods. it will outline the fundamentals of doing research, aimed primarily, but not exclusively, at the postgraduate level. it places the student experience at the centre of our endeavours by engaging learners in a range of robust and challenging discussions and exercises befitting soas, university of london's status as a research-intensive university and its rich research heritage.
the course will appeal to those of you who require an understanding of research approaches and skills, and importantly an ability to deploy them in your studies or in your professional lives. in particular, this course will aid those of you who have to conduct research as part of your postgraduate studies but do not perhaps have access to research methods courses, or for those of you who feel you would like additional support for self-improvement. no prior knowledge or experience in research is required to take this course and as such, the course is for everyone. 

this mooc draws on a wealth of existing course material developed to support research training across soas, university of london and particularly drawing from the centre for international studies and diplomacy (cisd). in 2015, the course was nominated for the prestigious guardian university award for its innovative approach to online learning.

participation in or completion of this online course will not confer academic credit for university of london programmes
",7100.0,all_levels,course,1 - 4 Weeks
teach english now! foundational principles,arizona state university,['Mergers & Acquisitions'],4.9,https://www.coursera.org/learn/english-principles,208021.0,"through a series of engaging metaphors and stories, prospective and current efl/esl teachers will identify, summarize, and evaluate 7 basic language learning paradigms.  learners will be presented information on such foundational principles as motivation, risk taking, two different modes of learning, and balancing the teacher profession.  learners are also given an understanding of basic techniques founded on those principles, such as teacher talk, looking “ridiculous” in order to lower the affective filter, and networking.   with these foundational principles in mind, esl/efl teachers will scrutinize common assumptions about language learning by comparing how they stack up to research-based core principles.
",14000.0,all_levels,course,1 - 3 Months
learn english: advanced grammar and punctuation,"university of california, irvine",['Writing'],4.8,https://www.coursera.org/specializations/advanced-grammar-punctuation,74301.0,"this specialization follows our learn english: intermediate grammar specialization and includes more advanced grammar concepts such as noun clauses and conditionals. you'll also learn how to blend verb tenses effectively and how to punctuate sentences correctly. this specialization is useful for non-native english speakers who want to improve their fluency or native speakers who want to improve their accuracy in using english for academic or professional purposes.
",2500.0,advanced,specialization,3 - 6 Months
social media marketing,northwestern university,"['Marketing', 'Social Media', 'Communication', 'Digital Marketing', 'Media Strategy & Planning', 'Market Research', 'Strategy', 'Marketing Management', 'Brand Management', 'Advertising', 'Customer Analysis', 'Entrepreneurship', 'Decision Making', 'Market Analysis', 'Research and Design', 'People Management', 'Persona Research']",4.6,https://www.coursera.org/specializations/social-media-marketing,101702.0,"in a 2018 survey of businesses, buffer found that only 29% had effective social media marketing programs.    a recent survey of consumers by tomoson found 92% of consumers trust recommendations from other people over brand content, 70% found consumer reviews to be their second most trusted source, 47% read blogs developed by influencers and experts to discover new trends and new ideas and 35% used blogs to discover new products and services.  also, 20% of women who used social considered products promoted by bloggers they knew.   today, businesses and consumers use social media to make their purchase decisions.
created in 2014, this specialization is updated every quarter to ensure you are receiving the most up-to-date training.  the social media marketing specialization is designed to achieve two objectives.  it gives you the social analytics tools, and training to help you become an influencer on social media.  the course also gives you the knowledge and resources to build a complete social media marketing strategy – from consumer insights to final justification metrics.  in each course, you will also receive special toolkits with timely information & when you pay for the capstone, you receive a market planning toolkit.
each of the individual courses can be audited for free. to see more, visit each course: 1-what is social?opens in a new tab, 2-the importance of listeningopens in a new tab, 3-engagement & nurture marketing strategiesopens in a new tab, 4-content, advertising & social imcopens in a new tab, 5-the business of socialopens in a new tab.
",5300.0,beginner,specialization,3 - 6 Months
introductory c programming,duke university,"['Python Programming', 'Computer Programming', 'C Programming Language Family', 'Algorithms', 'Computational Logic', 'Critical Thinking', 'Problem Solving', 'Process Analysis', 'Programming Principles', 'Computer Programming Tools', 'Data Visualization', 'Theoretical Computer Science', 'Computational Thinking', 'Software Testing', 'Writing', 'Software Engineering', 'User Experience']",4.6,https://www.coursera.org/specializations/c-programming,110691.0,"want to take the first steps to become a web developer? this course will help you discover the languages, frameworks, and tools that you will need to create interactive and engaging websites right from the beginning.  
you will begin by learning about the roles of front-end, back-end, and full-stack developers and how they work together on development projects. through this, you will also become familiar with the terminology and skills needed in your career as a web developer.  

next, you will explore the languages needed for developing websites or applications. you will gain a thorough understanding of html and css and learn how a combination of both technologies can help developers create the structure and style of their websites.  

finally, you will learn how javascript can make your webpages dynamic with features that include interactive forms, dynamic content modification, and sophisticated menu systems. 

by learning the fundamentals of html5, css, and javascript you will be able to combine them to:  
- create the basic structure of a website  
- create format and layout for web applications 
- enhance your website and create rich, interactive applications 
- increase user interactivity and enhance user experience 
- give your website a real wow factor! 

in this course you will practice what you learn with numerous hands-on labs. lastly, you will complete a final project where you will create a webpage to showcase your skills and have a great addition to your portfolio!
",7100.0,beginner,specialization,3 - 6 Months
"the sustainable development goals – a global, transdisciplinary vision for the future",university of copenhagen,['Critical Thinking'],4.8,https://www.coursera.org/learn/global-sustainable-development,87160.0,"in 2015, the un launched the 17 sustainable development goals (sdgs). adopted by 193 member states, the goals represent an important international step in setting humanity on a trajectory towards sustainable development. within this course, you will get a historical overview of how sustainability has been understood, as well as a thorough introduction to the sdgs – what they are, how progress can be measured, and how the sdgs are relevant for the management of the global systems supporting humanity. the course will examine how various societal actors are responding to and implementing the sdgs. 
while all of the sdgs are essential to sustainable development, sdg 13, climate action, is usually perceived as the most urgent in terms of the need for a swift implementation on a global scale. therefore, particular focus is given to this sdg. through the course, you will gain up-to-date knowledge of the current understanding of human impacts on the earth at the planetary level. progress towards establishing global management of human interactions with the climate system within the united nations framework convention on climate change (unfccc) is also discussed.

the course is designed and taught by professor katherine richardson, who is a member of the 15-person panel appointed by the un general secretary in 2016 to write the 2019 global sustainable development report. in each lecture, katherine interviews experts who provide insights relevant to the topic at hand.
",4300.0,beginner,course,1 - 4 Weeks
inclusive leadership: the power of workplace diversity,university of colorado system,"['Collaboration', 'Communication', 'Leadership Development', 'Leadership and Management', 'Culture', 'Emotional Intelligence']",4.9,https://www.coursera.org/learn/inclusiveleadership,56242.0,"do you want to promote diversity and inclusion? this course will empower and equip you to develop inclusive cultures where everyone feels valued and respected. you will learn how highly inclusive leaders from around the world use processes of social influence to interact effectively with individuals from a wide variety of backgrounds. you will deepen your understanding of the benefits of diversity. and, you will explore a wealth of perspectives and practices to help you to reap those benefits. 
this course is for current or aspiring leaders in any type of workplace, in any leadership role - a ceo of a corporation, a head of a department, a manager of a workgroup, a team leader, a chair of a committee, you name it!

course highlights include studying signature traits of inclusive leadership (based on global research), strengthening self-awareness, developing your communication skills, and improving your ability to help others feel a strong sense of belonging. course content covers traditional and timely topics -- from listening, feedback, and collaboration, to privilege, implicit bias, microaggressions, and micro-affirmations.  

the instructor for this course is nationally recognized educator, leader, and public speaker, dr. brenda j. allen (communication professor emerita). dr. allen is a retired chief diversity officer who offers highly-rated workshops, consultations, and presentations on topics such as inclusive leadership, racial equity, strategic planning, respect in the workplace, and diversity recruitment/retention practices. she has a proven ability for explaining complex and sensitive topics in non-threatening ways. she clearly explains concepts and offers compelling real-life examples - including her own experiences.
",1700.0,beginner,course,1 - 4 Weeks
supply chain logistics,rutgers the state university of new jersey,"['Continuous Delivery', 'Inventory Management', 'Leadership and Management', 'Material Handling', 'Planning', 'Shipping and Receiving', 'Store Management', 'Strategy and Operations', 'Supply Chain Systems', 'Supply Chain and Logistics', 'Transportation Operations Management', 'Warehouse Management']",4.8,https://www.coursera.org/learn/supply-chain-logistics,241914.0,"have you ever wondered how goods get delivered to us so quickly as soon as we order them? one word: logistics! in this introductory supply chain logistics course, i will take you on a journey to this fascinating backbone of global trade. we cover the three major building blocks of logistics networks: transportation, warehousing, and inventory. after completing this course, you will be able to differentiate the advantages and disadvantages of different modes of transportation. you will understand what goes into designing and setting up a warehousing facility. finally, you will be able to select the options that enable you to develop logistics networks, that minimize costs and deliver top customer service. this is an introductory course designed to provide you with a start on your learning journey in logistics. you do not need to have any background in logistics, but it would be beneficial if you had a basic understanding of business concepts. join me and we will learn together about logistics!
interested in learning advanced supply chain topics? check out the supply chain excellence mastertrack™ certificate: https://www.coursera.org/mastertrack/supply-chain-excellence-rutgers
",10000.0,beginner,course,1 - 4 Weeks
systems biology and biotechnology,icahn school of medicine at mount sinai,"['Bioinformatics', 'Probability & Statistics', 'Mathematics', 'Differential Equations', 'Network Analysis', 'Graph Theory', 'Matlab']",4.4,https://www.coursera.org/specializations/systems-biology,22565.0,"the systems biology specialization covers the concepts and methodologies used in systems-level analysis of biomedical systems. successful participants will learn how to use experimental, computational and mathematical methods in systems biology and how to design practical systems-level frameworks to address questions in a variety of biomedical fields. in the final capstone project, students will apply the methods they learned in five courses of specialization to work on a research project.
",936000.0,intermediate,specialization,3 - 6 Months
introduction to back-end development,meta,"['HTML and CSS', 'React (web framework)', 'Web Development', 'Front-End Web Development', 'Web Design', 'Web Development Tools']",4.8,https://www.coursera.org/learn/introduction-to-back-end-development,263934.0,"in this course you will learn what artificial intelligence (ai) is, explore use cases and applications of ai, understand ai concepts and terms like machine learning, deep learning and neural networks. you will be exposed to various issues and concerns surrounding ai such as ethics and bias, & jobs, and get advice from experts about learning and starting a career in ai.  you will also demonstrate ai in action with a mini project.
this course does not require any programming or computer science expertise and is designed to introduce the basics of ai to anyone whether you have a technical background or not.
",2700.0,beginner,course,1 - 4 Weeks
fundamentos del marketing digital y comercio electrónico,google,"['E-Commerce', 'Marketing', 'Strategy']",4.9,https://www.coursera.org/learn/fundamentos-del-marketing-digital-y-comercio-electronico,74386.0,"este curso es el primero de una serie de seis que te dota de las destrezas que necesitas para aplicar a los roles de nivel introductorio en la gestión de proyectos. los gerentes de proyectos desempeñan un papel clave en la dirección, planificación e implementación de proyectos críticos para ayudar a sus organizaciones a tener éxito. en este curso, descubrirás la terminología fundamental de la gestión de proyectos y adquirirás una comprensión más profunda del papel y las responsabilidades de un gerente de proyectos. también te presentaremos los tipos de trabajos que podrías realizar después de completar este programa. a lo largo del programa, aprenderás de los gerentes de proyectos actuales de google, que pueden proporcionarte una experiencia educativa multidimensional que te ayudará a desarrollar tus destrezas para la aplicación práctica. 
los alumnos que completen este programa deben contar con lo necesario para presentarse como candidatos para trabajos de nivel introductorio como gerentes de proyectos. no se requiere experiencia previa.

al final de este curso, serás capaz de:
- definir la gestión de proyectos y describir qué constituye un proyecto.
- explorar las funciones y responsabilidades de la gestión de proyectos en una variedad de sectores.
- detallar las destrezas básicas que ayudan a tener éxito a un gerente de proyectos.
- describir el ciclo de vida de un proyecto y explicar la importancia de cada fase.
- comparar diferentes metodologías y enfoques de gestión de programas y determinar cuál es el más efectivo para un proyecto determinado.
- definir la estructura y la cultura de la organización y explicar cómo repercuten en la gestión de proyectos. 
- definir la gestión de cambios y describir el papel del gerente de proyectos en el proceso.
",900000.0,beginner,course,1 - 4 Weeks
sales and crm overview,salesforce,"['Customer Relationship Management', 'Sales', 'Databases', 'Sales Systems', 'Salesforce', 'B2B Sales', 'Customer Success', 'Leadership and Management', 'Marketing', 'Operations Management']",4.5,https://www.coursera.org/learn/sales-and-crm-overview,46977.0,"this course is the first of a series that aims to teach you the foundational skills in salesforce that will prepare you for a variety of entry-level sales roles, including the sales operations specialist position. 
this course is designed for beginners. no previous experience in salesforce, sales, or crm is necessary to be successful. in this course, you will be introduced to essential concepts like the fundamentals of the sales process. you'll also learn about what customer relationship management (crm) systems are and what they are used for, you'll dive into salesforce's main products and their use cases, and you will gain a working knowledge of the key functionalities of the salesforce sales cloud that help support a business’s growth.

this course is the first step in your learning journey with salesforce. it will provide you with the foundation you need to go into depth with more advanced salesforce tools taught later in the certificate, and ultimately launch your new career. please note that if you already have background knowledge in sales and crm, or if you want to dive immediately into content that goes into more depth with salesforce, it is recommended that you start with course 2 in this certificate: lead management in salesforce.
",882000.0,beginner,course,1 - 4 Weeks
google data analytics (de),google,"['Design and Product', 'Data Analysis', 'Software Engineering', 'Microsoft Excel', 'Business Analysis', 'Computer Programming', 'SQL']",4.4,https://www.coursera.org/professional-certificates/google-data-analytics-de,5104.0,"préparez-vous à une nouvelle carrière dans le domaine à forte croissance de l’analyse de données, sans avoir besoin d’expérience ni de diplôme. bénéficiez d’une formation professionnelle conçue par google avec la possibilité de vous connecter avec les employeurs les plus importants. 
l’analyse de données est la collecte, la transformation et l’organisation de données afin de tirer des conclusions, de faire des prévisions et de permettre une prise de décision éclairée.
a la fin des 8 cours de ce programme, vous aurez les compétences recherchées qui vous prépareront à un poste junior. vous apprendrez avec des employés de google, dont les bases en analyse de données ont servi de tremplin à leurs propres carrières. vous pouvez obtenir le certificat en moins de 6 mois, à raison de 10 heures de cours par semaine.
vous allez vous préparer notamment à des postes d’analyste de données ou d’administrateur de base de données junior. 
75 % des diplômés du google career certificate ont constaté une évolution de carrière positive, comme un nouvel emploi, une promotion ou une augmentation de salaire dans les 6 mois suivant leur diplôme.²
découvrez tous les google career certificates iciopens in a new tab.
²étude sur les résultats des étudiants coursera, toute durée, pour le google it support certificate. les données sont collectées à partir d’enquêtes sur la plateforme ou par e-mail et sont cumulatives, de janvier 2018 à janvier 2021. 
applied learning project
ce programme comprend plus de 180 heures d’enseignement et des centaines d’évaluations, qui vous aideront à simuler des scénarios d’analyse de données réels, qui sont essentiels à la réussite en milieu professionnel. le programme a été développé par des employés de google possédant des décennies d’expérience en analyse de données. grâce à des vidéos, des évaluations et des ateliers pratiques, vous serez initié aux outils et plateformes d’analyse et aux compétences clés requises pour un poste de niveau junior.
les compétences acquises comprendront : nettoyage des données, résolution de problèmes, pensée critique, éthique des données et visualisation des données
les plateformes et les outils que vous apprendrez comprennent : présentations, tableurs, sql, programmation r et tableau
en plus d’une formation experte et de projets pratiques, vous réaliserez une étude de cas que vous pourrez présenter à de potentiels employeurs, pour mettre en valeur vos nouvelles compétences. 
",28000.0,beginner,professional certificate,3 - 6 Months
uncommon sense teaching,deep teaching solutions,"['Human Learning', 'Planning', 'Entrepreneurship']",4.9,https://www.coursera.org/specializations/uncommon-sense-teaching-certificate,3014.0,"the uncommon sense teaching specialization is a foundational program that prepares you to teach based on leading-edge insights from neuroscience, cognitive psychology, and movie-making. your instructors have real-world experience in teaching some of the world’s most popular courses, and they bring their background from academia and beyond, including perspectives that could be obtained only from decades of teaching at virtually every level, personal experience with neurodiversity, adventure from the bering sea to the south pole station in antarctica, and much more. this specialization gives invaluable insight for:
teachers—k12, higher ed, adult learning, vocational trainers
college students training to be teachers 
professors and others who train teachers how to teach
industry trainers
coaches
tutors
parents, caregivers, and homeschoolers
the uncommon sense teaching specialization provides a pathway for you to bring your teaching skillset to a higher level by helping you gain the knowledge and skills to level up your career or strengthen your teaching foundation—whoever you might be teaching. 
you can take either mooc 0 or mooc 1 first, and enjoy mooc 2 after mooc 1.  enjoy! 
uncommon sense teaching specializationopens in a new tab
 mooc 0: teaching onlineopens in a new tab
 mooc 1: uncommon sense teachingopens in a new tab
 mooc 2: uncommon sense teaching, part 2opens in a new tab
applied learning project
by the end of this specialization, you'll be able to:
use the animations and illustrations provided in the specialization to develop best practices training sessions for your fellow teachers, and also help your students to learn more deeply and effectively. you'll be a star with the latest insights on learning!   
make or tweak a working lesson plan using the “learn it – link it” lesson plans guideline and blank template provided in the specialization.  you can use this lesson plan to help remind you of key best practices as you are teaching.      
teach online either ""live"" or via video with confidence that your methods are not only helping students pay attention, but that you are also helping them to more easily grasp the key ideas.
use techniques from movie-making to help motivate and inspire students, as well as to encourage your students shift and lift their very identity as learners.
",621000.0,beginner,specialization,1 - 3 Months
introduction to operations management,university of pennsylvania,"['Leadership and Management', 'Operations Management']",4.4,https://www.coursera.org/learn/wharton-operations,538610.0,"this course will help you be a better negotiator. unlike many negotiation courses, we develop a framework for analyzing and shaping negotiations. this framework will allow you to make principled arguments that persuade others. it will allow you to see beneath the surface of apparent conflicts to uncover the underlying interests. you will leave the course better able to predict, interpret, and shape the behavior of those you face in competitive situations.
in this course, you will have several opportunities to negotiate with other students using case studies based on common situations in business and in life. you can get feedback on your performance and compare what you did to how others approached the same scenario. the cases also provide a setting to discuss a wide-ranging set of topics including preparing for a negotiation, making ultimatums, avoiding regret, expanding the pie, and dealing with someone who has a very different perspective on the world. advanced topics include negotiating when you have no power, negotiating over email, and the role of gender differences in negotiation. to close out the course, we will hear insights from three negotiation experts: linda babcock, herb cohen, and john mccall macbain. enjoy.
",2600.0,beginner,course,1 - 4 Weeks
professionalism in allied health,medcerts,"['Communication', 'Leadership and Management']",4.8,https://www.coursera.org/learn/professionalism-allied-health,4853.0,"this course will benefit anyone considering a career in allied health, as well as those already working the field. allied health professionals must be committed to the key attributes of professionalism and strive to reflect this within the delivery of patient-centered, safe, and effective care. “professionalism” is a broad term which reflects many different skills and abilities. for an individual to exhibit professionalism, they must be armed with specific skills and abilities that do not always show up within certification requirements, or even within career training curriculum.  soft skills are hard to measure and are typically less well-defined than hard skills. however, soft skills are what set many job candidates apart. professionalism is not just what one knows. it is how one does their job, how one behaves, and how one comes across as they interact with others.
the purpose of this course is to support students with soft skills training that will provide the tools needed to demonstrate a higher level of professionalism on the job. key components of the course focus on patient interaction, proper office behavior, medical ethics, diversity and cultural bias, emotional strength, professional appearance, and communication. the course maintains a focus on the key attributes that are true markers of professionalism.

this course was created with input from healthcare professionals working in the field, healthcare employers that hire our graduates, professional educators, and even former medcerts students. the end-result is a collection of modules that touch on the soft skills that are truly important in the real world of allied healthcare. in this course, students are engaged through scenario-based learning that allows for real interaction with virtual coworkers and patients. additionally, game-based activities keep students engaged and entertained throughout their learning journey.
",130000.0,beginner,course,1 - 3 Months
devenir entrepreneur du changement,hec paris,"['Entrepreneurship', 'Leadership and Management', 'Strategy', 'Professional Development', 'Strategy and Operations', 'Change Management', 'Collaboration', 'Communication', 'Creativity', 'Innovation', 'Organizational Development', 'Planning']",4.7,https://www.coursera.org/learn/entrepreneur-changement,13389.0,"this three-course specialization introduces learners to apigeeopens in a new tab, google cloud's full-lifecycle api management platform. using a combination of presentations, hands-on labs, and supplemental materials, you will explore the full api lifecycle, and learn how to design, secure, and publish apis using the apigee api platform. you will use labs to build apis that solve real-world scenarios.
note: we strongly recommend that you take the courses in order. later lab activities build on apis you implemented during previous labs.
this specialization is intended for developers, architects, or engineers responsible for the solutioning, design, implementation, or management of apis.
>>> by enrolling in this specialization, you agree to the qwiklabs terms of service as set out in the faq and located at: https://qwiklabs.com/terms_of_serviceopens in a new tab <<<
applied learning project
this specialization incorporates hands-on labs using our qwiklabs platform. the labs are built upon each other, but each lab contains a solution to the previous lab which can be used if necessary.
you will use apigee x organizations that are automatically generated for you to build an api in a series of labs.

",596000.0,all_levels,course,1 - 3 Months
managerial economics and business analysis,university of illinois at urbana-champaign,"['Market Analysis', 'Finance', 'Business Analysis', 'Financial Analysis', 'Data Analysis', 'Behavioral Economics', 'Decision Making', 'Econometrics', 'Probability & Statistics', 'Accounting', 'Banking', 'General Statistics', 'Statistical Analysis', 'Leadership and Management', 'Basic Descriptive Statistics', 'Exploratory Data Analysis', 'Financial Accounting', 'Financial Management', 'Strategy and Operations', 'Investment Management', 'Market Research', 'Probability Distribution', 'Regulations and Compliance', 'Marketing', 'Risk Management', 'Securities Trading', 'Statistical Tests', 'Correlation And Dependence', 'Securities Sales', 'Strategy', 'Taxes', 'Game Theory', 'Regression', 'Microsoft Excel']",4.8,https://www.coursera.org/specializations/managerial-economics-business-analysis,2341.0,"in the exceedingly fast-paced business world, growing business demands a clear grasp of how a firm obtains a competitive advantage in its operations, how the business cycle and monetary policies impact the firm’s ability to maximize shareholders’ wealth, and how to obtain and efficiently use data to develop actionable business strategies. the managerial economics and business analytics specialization is targeted towards aspiring managers, senior managers, and business executives who wish to have a well-rounded knowledge of firm-level and country-level economics, modern financial institutions and central bank policies, and statistical data analysis and business decision-making.
the courses in this specialization will focus on microeconomics, macroeconomics, monetary policy, statistical analysis, and business decision-making. topics covered include:
analysis of the allocation of scarce resources and consumer and producer decision-making.
modeling the impact of external shocks on markets and government response to such market changes.
assess how changes in fiscal and government policies may influence the macroeconomic, financial, and business environment.
extract and act upon relevant information from financial and economic news. 
make inferences about the population using appropriate sampling methods and statistics.
use predictive modeling and interpret the meaning of the results in a managerial setting.

applied learning project
a central premise of these courses is that applying targeted subject-matter expertise is crucial in order to understand the economics of business decisions both at the micro level and at a macro level so that economic and financial data can be used to implement ideal business strategies. each subject area will be followed by a project-based application and analysis exercise.

",3900.0,beginner,specialization,3 - 6 Months
introduction to hardware and operating systems,ibm,"['Operating Systems', 'Computer Networking', 'IBM Cloud']",4.8,https://www.coursera.org/learn/introduction-to-hardware-and-operating-systems,282429.0,"ever wonder how major search engines such as google, bing and yahoo rank your website within their searches? or how content such as videos or local listings are shown and ranked based on what the search engine considers most relevant to users? welcome to the world of search engine optimization (seo). this course is the first within the seo specialization and it is intended to give you a taste of seo with some fun practices to get seen in google.
you will be introduced to the foundational elements of how the most popular search engine, google, works, how the seo landscape is constantly changing and what you can expect in the future. you discuss core seo strategies and tactics used to drive more organic search results to a specific website or set of websites, as well as tactics to avoid to prevent penalization from google. we hope this taste of seo, will entice you to continue through the specialization!
",915000.0,beginner,course,1 - 3 Months
"python, bash and sql essentials for data engineering",duke university,"['Computer Programming', 'Programming Principles', 'Python Programming', 'Computer Programming Tools', 'Data Management', 'Data Structures', 'Cloud Applications', 'Databases', 'Software Engineering Tools', 'SQL', 'Exploratory Data Analysis', 'Operating Systems', 'Amazon Web Services', 'Data Analysis', 'Extract', 'Transform', 'Load', 'Cloud Engineering', 'Cloud Platforms', 'DevOps', 'Machine Learning', 'Problem Solving', 'Small Data', 'Big Data', 'Computational Logic', 'Linux', 'Database Application']",4.5,https://www.coursera.org/specializations/python-bash-sql-data-engineering-duke,12589.0,"if you are interested in developing the skills needed to be a data engineer, the python, bash and sql essentials for data engineering specialization is a great place to start. we live in a world that is driven by big data - from what we search online to the route we take to our favorite restaurant, and everything in between. businesses and organizations use this data to make decisions that impact the ways in which we navigate our lives. how do engineers collect this data? how can this data be organized so that it can be appropriately analyzed? a data engineer is specialized in this initial step of accessing, cleaning and managing big data.
data engineers today need a solid foundation in a few essential areas: python, bash and sql. in python, bash and sql essentials for data engineering, we provide a nuts and bolts overview of these fundamental skills needed for entering the world of data engineering. led by three professional data engineers, this specialization will provide quick and accessible ways to learn data engineering strategies, give you a chance to practice what you’ve learned in integrated lab exercises, and then immediately apply these techniques in your professional or academic life.

applied learning project
each course includes integrated lab exercises using visual studio code or jupyter notebooks that give you an opportunity to practice the python, bash and sql skills with real-world applications covered in each course. for each data engineering solution that you explore, you are also encouraged to create a demo video and github repository of code that can be showcased in your digital portfolio for employers. by the end of this specialization, you will have the foundational skills necessary to begin tackling more complex data engineering solutions.
",314000.0,beginner,specialization,3 - 6 Months
marketing en redes sociales de meta,meta,"['Communication', 'Marketing', 'Social Media', 'Advertising', 'Marketing Management', 'Strategy', 'Media Strategy & Planning', 'Market Analysis', 'Strategy and Operations', 'Leadership and Management', 'Product Marketing', 'Brand Management', 'Digital Marketing', 'E-Commerce', 'Decision Making', 'Influencing', 'Public Relations', 'Planning', 'User Experience', 'Budget Management', 'Business Analysis', 'Entrepreneurship', 'Statistical Analysis', 'Emotional Intelligence']",4.9,https://www.coursera.org/professional-certificates/marketing-en-redes-sociales-de-facebook,8319.0,"ya sea que ya hayas estado jugando con las plataformas de redes sociales para tu empresa o seas completamente nuevo en el campo del marketing digital, estás en el lugar indicado. este programa de seis cursos, desarrollado por expertos en marketing digital de aptly junto con profesionales de marketing de facebook, incluye un plan de estudios relevante para la industria que te preparará para un puesto de nivel inicial en marketing en redes sociales.después de una introducción al marketing digital y las principales plataformas de redes sociales, aprenderás a establecer una presencia en línea, crear publicaciones, aumentar los seguidores y gestionar tus cuentas de redes sociales. desarrollarás habilidades de creación y gestión de campañas publicitarias en redes sociales y aprenderás a evaluar los resultados de tus acciones de marketing.lo más importante, a lo largo del programa podrás practicar tus nuevas habilidades en proyectos prácticos, cuyos resultados puedes mostrar mediante un portfolio de tu trabajo. tras completar con éxito el programa, obtendrás la certificación de asociado de marketing digital de facebook y de coursera, que te proporcionará habilidades en marketing en redes sociales y en el uso del administrador de anuncios de facebook.
applied learning project
nuestros proyectos ofrecen la oportunidad de aplicar las habilidades de marketing en redes sociales de forma práctica. desde establecer tu marca y objetivos comerciales hasta crear y evaluar una campaña publicitaria en el administrador de anuncios de facebook, trabajarás directamente en las plataformas de redes sociales para crear contenido relevante y atractivo, descubrir los pormenores de cada plataforma de redes sociales, practicar el análisis de métricas y más. los resultados incluirán un portfolio que puedes compartir con un futuro empleador o usar en tu propia empresa.
",910000.0,beginner,professional certificate,3 - 6 Months
survey data collection and analytics,university of michigan,"['General Statistics', 'Probability & Statistics', 'Survey Creation', 'Research and Design', 'Data Analysis', 'Big Data', 'People Analysis', 'Statistical Analysis', 'Process Analysis', 'Data Management', 'Market Research', 'Social Media', 'Critical Thinking', 'Decision Making', 'Estimation', 'Market Analysis', 'Scientific Visualization', 'Communication', 'Human Learning']",4.3,https://www.coursera.org/specializations/data-collection,18545.0,"this specialization covers the fundamentals of surveys as used in market research, evaluation research, social science and political research, official government statistics, and many other topic domains. in six courses, you will learn the basics of questionnaire design, data collection methods, sampling design, dealing with missing values, making estimates, combining data from different sources, and the analysis of survey data. in the final capstone project, you’ll apply the skills learned throughout the specialization by analyzing and comparing multiple data sources.

faculty for this specialisation comes from the michigan program in survey methodology and the joint program in survey methodology, a collaboration between the university of maryland, the university of michigan, and the data collection firm westat, founded by the national science foundation and the interagency consortium of statistical policy in the u.s.  to educate the next generation of survey researchers, survey statisticians, and survey methodologists. in addition to this specialization we offer short courses, a summer school, certificates, master degrees as well as phd programs. 

",1300.0,beginner,specialization,3 - 6 Months
interaction design,university of california san diego,"['Probability & Statistics', 'Experiment', 'Statistical Tests', 'Human Computer Interaction', 'User Experience', 'R Programming', 'Statistical Programming', 'User Experience Design', 'Data Analysis', 'General Statistics', 'Statistical Analysis', 'User Research', 'Visual Design', 'Probability Distribution', 'Regression', 'Collaboration']",4.5,https://www.coursera.org/specializations/interaction-design,61409.0,"you will learn how to design technologies that bring people joy, rather than frustration. you'll learn how to generate design ideas, techniques for quickly prototyping them, and how to use prototypes to get feedback from other stakeholders like your teammates, clients, and users. you'll also learn principles of visual design, perception, and cognition that inform effective interaction design.
",3900.0,intermediate,specialization,3 - 6 Months
arts and heritage management,università bocconi,"['Leadership and Management', 'Marketing', 'Strategy', 'Communication', 'Customer Relationship Management', 'Organizational Development', 'Strategy and Operations', 'Brand Management', 'Business Process Management', 'Culture']",4.8,https://www.coursera.org/learn/arts-heritage,3002.0,"this specialization is intended for beginners seeking to enter the artificial intelligence world. through five courses, you will cover artificial intelligence technical groundings (including machine learning and technologies), ethical and legal issues, which will give you a clear picture of what artificial intelligence is and what opportunities artificial intelligence will provide in the next future.
applied learning project
no specific hands-on project is required but through this specialization, composed by 5 introductory courses. learners will have all the necessary concept and tools to start building their own projects, combining the tools and concepts seen in the courses.
",1300.0,all_levels,course,1 - 3 Months
foundations of data science,google,"['Communication', 'Data Analysis', 'Planning', 'Project Management']",4.7,https://www.coursera.org/learn/foundations-of-data-science,364927.0,"this is the first course in the google cybersecurity certificate. these courses will equip you with the skills you need to prepare for an entry-level cybersecurity job. 
in this course, you will be introduced to the world of cybersecurity through an interactive curriculum developed by google. you will identify significant events that led to the development of the cybersecurity field, explain the importance of cybersecurity in today's business operations, and explore the job responsibilities and skills of an entry-level cybersecurity analyst. 

google employees who currently work in cybersecurity will guide you through videos, provide hands-on activities and examples that simulate common cybersecurity tasks, and help you build your skills to prepare for jobs. 

learners who complete the eight courses in the google cybersecurity certificate will be equipped to apply for entry-level cybersecurity roles. no previous experience is necessary.

by the end of this course, you will: 
- identify how security attacks impact business operations.
- explore the job responsibilities and core skills of an entry-level cybersecurity analyst.
- recognize how past and present attacks on organizations led to the development of the cybersecurity field.
- learn the cissp eight security domains.
- identify security domains, frameworks, and controls.
- explain security ethics.
- recognize common tools used by cybersecurity analysts.
",1500.0,advanced,course,1 - 3 Months
data science math skills,duke university,"['Data Analysis', 'General Statistics', 'Probability & Statistics', 'Problem Solving', 'Statistical Analysis', 'Algebra', 'Calculus', 'Critical Thinking']",4.5,https://www.coursera.org/learn/datasciencemathskills,482014.0,"this specialization covers the concepts and tools you'll need throughout the entire data science pipeline, from asking the right kinds of questions to making inferences and publishing results. in the final capstone project, you’ll apply the skills learned by building a data product using real-world data. at completion, students will have a portfolio demonstrating their mastery of the material. 
",12000.0,beginner,course,1 - 3 Months
the power of statistics,google,"['General Statistics', 'Probability Distribution', 'Python Programming', 'Statistical Analysis']",4.8,https://www.coursera.org/learn/the-power-of-statistics,22700.0,"this is the fourth of seven courses in the google advanced data analytics certificate. in this course, you’ll discover how data professionals use statistics to analyze data and gain important insights. you'll explore key concepts such as descriptive and inferential statistics, probability, sampling, confidence intervals, and hypothesis testing. you'll also learn how to use python for statistical analysis and practice communicating your findings like a data professional. 
google employees who currently work in the field will guide you through this course by providing hands-on activities that simulate relevant tasks, sharing examples from their day-to-day work, and helping you enhance your data analytics skills to prepare for your career. 

learners who complete the seven courses in this program will have the skills needed to apply for data science and advanced data analytics jobs. this certificate assumes prior knowledge of foundational analytical principles, skills, and tools covered in the google data analytics certificate.   

by the end of this course, you will:
-describe the use of statistics in data science 
-use descriptive statistics to summarize and explore data
-calculate probability using basic rules
-model data with probability distributions
-describe the applications of different sampling methods 
-calculate sampling distributions 
-construct and interpret confidence intervals
-conduct hypothesis tests
",351000.0,advanced,course,1 - 3 Months
data science foundations: statistical inference,university of colorado boulder,"['Probability & Statistics', 'General Statistics', 'Probability Distribution', 'Estimation', 'Statistical Tests', 'Mathematics', 'Correlation And Dependence', 'Calculus']",4.4,https://www.coursera.org/specializations/statistical-inference-for-data-science-applications,108397.0,"this course presents critical concepts and practical methods to support planning, collection, storage, and dissemination of data in clinical research.
understanding and implementing solid data management principles is critical for any scientific domain. regardless of your current (or anticipated) role in the research enterprise, a strong working knowledge and skill set in data management principles and practice will increase your productivity and improve your science. our goal is to use these modules to help you learn and practice this skill set. 

this course assumes very little current knowledge of technology other than how to operate a web browser. we will focus on practical lessons, short quizzes, and hands-on exercises as we explore together best practices for data management.
",186000.0,intermediate,specialization,3 - 6 Months
applied data science with r,ibm,"['Data Analysis', 'R Programming', 'Computer Programming', 'Statistical Programming', 'Data Management', 'Data Visualization', 'Databases', 'Exploratory Data Analysis', 'Statistical Analysis', 'Data Analysis Software', 'Data Structures', 'Plot (Graphics)', 'Statistical Visualization', 'Basic Descriptive Statistics', 'Interactive Data Visualization', 'SQL', 'Database Application', 'Extract', 'Transform', 'Load', 'General Statistics', 'Visualization (Computer Graphics)', 'Programming Principles', 'Data Model', 'Database Administration', 'Database Design', 'Database Theory', 'Computer Programming Tools', 'Correlation And Dependence', 'Visual Design', 'Statistical Tests', 'Data Science']",4.5,https://www.coursera.org/specializations/applied-data-science-r,392217.0,"the 5 courses in this university of michigan specialization introduce learners to data science through the python programming language. this skills-based specialization is intended for learners who have a basic python or programming background, and want to apply statistical, machine learning, information visualization, text analysis, and social network analysis techniques through popular python toolkits such as pandas, matplotlib, scikit-learn, nltk, and networkx to gain insight into their data.
introduction to data science in python (course 1), applied plotting, charting & data representation in python (course 2), and applied machine learning in python (course 3) should be taken in order and prior to any other course in the specialization.  after completing those, courses 4 and 5 can be taken in any order.  all 5 are required to earn a certificate.
",845000.0,beginner,specialization,3 - 6 Months
expressway to data science: essential math,university of colorado boulder,"['Mathematics', 'Algebra', 'Calculus', 'Linear Algebra', 'Mathematical Theory & Analysis', 'Differential Equations', 'Plot (Graphics)', 'Problem Solving', 'Applied Mathematics', 'Graph Theory']",4.5,https://www.coursera.org/specializations/expressway-to-data-science-essential-math,214073.0,"in this specialization, you’ll learn to frame business challenges as data questions. you’ll use powerful tools and methods such as excel, tableau, and mysql to analyze data, create forecasts and models, design visualizations, and communicate your insights. in the final capstone project, you’ll apply your skills to explore and justify improvements to a real-world business process.
the capstone project focuses on optimizing revenues from residential property, and airbnb, our capstone’s official sponsor, provided input on the project design. airbnb is the world’s largest marketplace connecting property-owner hosts with travelers to facilitate short-term rental transactions. the top 10 capstone completers each year will have the opportunity to present their work directly to senior data scientists at airbnb live for feedback and discussion.
",325000.0,intermediate,specialization,3 - 6 Months
the path to insights: data models and pipelines,google,"['Data Management', 'Data Model', 'Extract', 'Transform', 'Load']",4.7,https://www.coursera.org/learn/the-path-to-insights-data-models-and-pipelines,18866.0,"this is the second of three courses in the google business intelligence certificate. in this course, you'll explore data modeling and how databases are designed. then you’ll learn about extract, transform, load (etl) processes that extract data from source systems, transform it into formats that enable analysis, and drive business processes and goals.
google employees who currently work in bi will guide you through this course by providing hands-on activities that simulate job tasks, sharing examples from their day-to-day work, and helping you build business intelligence skills to prepare for a career in the field. 

learners who complete the three courses in this certificate program will have the skills needed to apply for business intelligence jobs. this certificate program assumes prior knowledge of foundational analytical principles, skills, and tools covered in the google data analytics certificate.   

by the end of this course, you will:
-determine which data models are appropriate for different business requirements
-describe the difference between creating and interacting with a data model
-create data models to address different types of questions 
-explain the parts of the extract, transform, load (etl) process and tools used in etl
-understand extraction processes and tools for different data storage systems
-design an etl process that meets organizational and stakeholder needs 
-design data pipelines to automate bi processes
",313000.0,advanced,course,1 - 4 Weeks
data-driven decision making,pwc,"['Big Data', 'Business Analysis', 'Data Analysis', 'Data Management', 'Data Visualization', 'Decision Making', 'Business Process Management', 'Critical Thinking', 'Data Analysis Software', 'Data Structures']",4.6,https://www.coursera.org/learn/decision-making,241022.0,"one of the most important skills of successful data scientists and data analysts is the ability to tell a compelling story by visualizing data and findings in an approachable and stimulating way. in this course you will learn many ways to effectively visualize both small and large-scale data. you will be able to take data that at first glance has little meaning and present that data in a form that conveys insights. 
this course will teach you to work with many data visualization tools and techniques. you will learn to create various types of basic and advanced graphs and charts like: waffle charts, area plots, histograms, bar charts, pie charts, scatter plots, word clouds, choropleth maps, and many more! you will also create interactive dashboards that allow even those without any data science experience to better understand data, and make more effective and informed decisions.   

you will learn hands-on by completing numerous labs and a final project to practice and apply the many aspects and techniques of data visualization using jupyter notebooks and a cloud-based ide. you will use several data visualization libraries in python, including matplotlib, seaborn, folium, plotly & dash.
",6000.0,beginner,course,1 - 4 Weeks
introduction to machine learning,duke university,"['Artificial Neural Networks', 'Machine Learning', 'Natural Language Processing', 'Python Programming', 'Regression']",4.7,https://www.coursera.org/learn/machine-learning-duke,35393.0,"by taking introduction to logic and critical thinking you will improve your ability to identify, analyze, and evaluate arguments by other people (including politicians, used car salesmen, and teachers) and also to construct arguments of your own in order to convince others and to help you decide what to believe or do. this specialization introduces general standards of good reasoning and offers tools to improve your critical thinking skills. these skills will help you determine when an argument is being given, what its crucial parts are, and what it assumes implicitly. you will also learn how to apply deductive and inductive standards for assessing arguments and how to detect and avoid fallacies.  

applied learning project
this specialization includes four courses and an optional final project. in the final project you will construct your own argument on any topic that interests you. you will develop a thesis statement and write an argument of 400–600 words to support your thesis. 
",3400.0,intermediate,course,1 - 3 Months
supply chain analytics,rutgers the state university of new jersey,"['Data Analysis', 'Supply Chain Systems', 'Supply Chain and Logistics', 'Strategy and Operations', 'Leadership and Management', 'Inventory Management', 'Operations Management', 'Business Analysis', 'Planning', 'Operational Analysis', 'Market Analysis', 'Strategy', 'Business Intelligence', 'Process Analysis', 'Business Process Management', 'Forecasting', 'Transportation Operations Management', 'Warehouse Management', 'Data Management', 'Probability & Statistics', 'Statistical Analysis', 'General Statistics', 'Statistical Visualization', 'Data Model', 'Regression', 'Business Research', 'Statistical Tests', 'Basic Descriptive Statistics', 'Retail Sales', 'Data Visualization', 'Data Science']",4.6,https://www.coursera.org/specializations/supply-chain-analytics,0.0,"this specialization is intended for people seeking to integrate supply chain management with data analytics. through six courses, you will discover and solve problems in various domains of a supply chain, from source, make, move to sell. upon completion, you will learn concrete data analytics skills and tools to improve supply chain performance.
supply chain analytics essentials: supply chain pain points and how analytics may relieve them, job opportunities and intelligence.
business intelligence and competitive analysis: use data analytics to assess the competitive environment and discover business problems and opportunities.  
demand analytics: data analytics for demand forecasting and planning.
inventory analytics: discover and solve inventory problems - an essential part of sales & operations planning.
sourcing analytics: use market intelligence, bargain power analysis, and supplier analysis to identify and select new suppliers.
supply chain analytics: use analytics to design logistics strategies for a large-scale distribution system.
applied learning project
learners will build real-life data-driven projects on job opportunity analysis, business intelligence and competitive analysis, demand forecasting and planning, distribution and logistics, inventory management and sourcing intelligence using various diagnostic, predictive and prescriptive analytics skills and tools.  
",2000.0,beginner,specialization,3 - 6 Months
análisis de datos de google,google,"['Data Analysis', 'Data Management', 'Databases', 'Exploratory Data Analysis', 'Data Visualization', 'SQL', 'Business Analysis', 'Microsoft Excel', 'Process Analysis', 'Statistical Programming', 'Data Structures', 'Extract', 'Transform', 'Load', 'Spreadsheet Software', 'Communication', 'Operational Analysis', 'Computer Programming', 'Problem Solving', 'Strategy', 'Visualization (Computer Graphics)', 'Statistical Analysis', 'Tableau Software', 'Data Analysis Software', 'Plot (Graphics)', 'Programming Principles', 'R Programming', 'Strategy and Operations', 'Research and Design', 'Business Communication', 'Computer Programming Tools', 'Computer Graphics', 'Data Model', 'Computer Architecture']",4.8,https://www.coursera.org/professional-certificates/analisis-de-datos-de-google,49668.0,"antimicrobial stewardship: improving clinical outcomes by optimization of antibiotic practices
internet enduring material sponsored by: stanford university school of medicine

presented by: the division of infectious diseases and geographic medicine at stanford university school of medicine

note: these videos were produced as part of a free online course offered by the stanford center for continuing medical education (sccme).  if you wish to receive credit for your participation in the course, you will need to complete the full course on the sccme website at: http://cme.stanford.edu/online. the course version on coursera does not offer cme credit.

course description
antibiotics are among the most frequently prescribed classes of drugs and it is estimated that approximately 50% of antibiotic use, in both the outpatient and inpatient settings, is inappropriate. at the same time, in contrast to any other class of drugs, every antibiotic use has a potential public health consequence – inappropriate use may not harm only the individual patient, but contributes to societal harm by exerting an unnecessary selective pressure that may lead to antibiotic resistance among bacteria. this video based course will introduce learners to the basic principles of appropriate antibiotic use, demonstrate how to apply these principles to the management of common infections, and outline how to develop and maintain an antimicrobial stewardship program. we will offer a number of illustrative cases, recognizable to the practicing physician in his or her practice to engage learners in the thought processes that lead to optimal decision making, improved outcomes of individual patients, and harm reduction vis-a-vis the bacterial ecology. the course will also explore strategies to implement principles of antimicrobial stewardship both in your practice and also at a program level.
",7500.0,beginner,professional certificate,3 - 6 Months
bioinformatics,university of california san diego,"['Bioinformatics', 'Algorithms', 'Computer Programming', 'Probability & Statistics', 'Computational Thinking', 'Computational Logic', 'Python Programming', 'Theoretical Computer Science', 'Critical Thinking', 'Graph Theory', 'Problem Solving', 'General Statistics']",4.3,https://www.coursera.org/specializations/bioinformatics,141892.0,"we make thousands of decisions every day. do i cross the road now, or wait for the oncoming truck to pass? should i eat fries or a salad for lunch? how much should i tip the cab driver? we usually make these decisions with almost no thought, using what psychologists call “heuristics” – rules of thumb that enable us to navigate our lives. without these mental shortcuts, we would be paralyzed by the multitude of daily choices. but in certain circumstances, these shortcuts lead to predictable errors – predictable, that is, if we know what to watch out for. did you know, for example, that we are naturally biased towards selling investments that are doing well for us, but holding on to those that are doing poorly? or that we often select sub-optimal insurance payment plans, and routinely purchase insurance that we don’t even need? and why do so many of us fail to enroll in our employer’s corporate retirement plans, even when the employer offers to match our contributions?
behavioral finance is the study of these and dozens of other financial decision-making errors that can be avoided, if we are familiar with the biases that cause them. in this course, we examine these predictable errors, and discover where we are most susceptible to them. this course is intended to guide participants towards better financial choices. learn how to improve your spending, saving, and investing decisions for the future.
",1200.0,beginner,specialization,3 - 6 Months
data literacy,johns hopkins university,"['General Statistics', 'Data Analysis', 'Probability & Statistics', 'Statistical Analysis', 'Research and Design', 'Statistical Tests', 'Basic Descriptive Statistics', 'Regression', 'Data Visualization', 'Exploratory Data Analysis']",4.6,https://www.coursera.org/specializations/data-literacy,3654.0,"every government entity collects and stores millions of data points to perform administrative and legislative duties, allocate resources, and make decisions. professionals in the public sector need the necessary skills to accurately interpret and inform administrators and policymakers about the meaning behind these data.
this specialization will equip you with fundamental technical skills using the r programming language to gather, manipulate, analyze, visualize, and interpret data to inform public policy and public administrative functions. throughout four courses, you will gain new skills using the popular tidyverse packages, such as dplyr for data manipulation and ggplot for visualization. you will identify and address common political and ethical challenges in data analysis, and better understand public administration and public policy concepts using hands-on activities with real-world data sets.
this course series is ideal for current or early-career professionals in the public sector looking to gain skills in analyzing public data effectively.
there are no prerequisites, though programming experience, ideally with the r language, and basic applied statistics knowledge are recommended. the google data analytics professional certificate offers such foundational skills. you will earn a dual badge when you complete the google career certificate and this specialization. all coursework is completed in rstudio in coursera without the need to install additional software

applied learning project
there is an opportunity to practice all of your r skills within hands-on exercises for each course. in the capstone exercise of course 4, learners will analyze data as part of policy options analysis, create a visualization of the results of the analysis, and make a recommendation based on the results.


",206000.0,beginner,specialization,3 - 6 Months
methods and statistics in social sciences,university of amsterdam,"['Probability & Statistics', 'Statistical Tests', 'General Statistics', 'Statistical Analysis', 'Correlation And Dependence', 'Statistical Programming', 'Basic Descriptive Statistics', 'Research and Design', 'Data Analysis', 'Regression', 'Adaptability', 'Computational Thinking', 'Critical Thinking', 'People Analysis', 'Theoretical Computer Science', 'Writing', 'Probability Distribution', 'Problem Solving', 'R Programming', 'Experiment', 'Mathematical Theory & Analysis', 'Computer Programming']",4.6,https://www.coursera.org/specializations/social-science,96190.0,"this specialization covers research methods, design and statistical analysis for social science research questions. in the final capstone project, you’ll apply the skills you learned by developing your own research question, gathering data, and analyzing and reporting on the results using statistical methods.
",7300.0,beginner,specialization,3 - 6 Months
"decisions, decisions: dashboards and reports",google,"['Business Intelligence', 'Data Model', 'Data Visualization', 'Tableau Software']",4.8,https://www.coursera.org/learn/decisions-decisions-dashboards-and-reports,179076.0,"welcome to data-driven decision making. in this course, you'll get an introduction to data analytics and its role in business decisions. you'll learn why data is important and how it has evolved. you'll be introduced to “big data” and how it is used. you'll also be introduced to a framework for conducting data analysis and what tools and techniques are commonly used. finally, you'll have a chance to put your knowledge to work in a simulated business setting.
this course was created by pricewaterhousecoopers llp with an address at 300 madison avenue, new york, new york, 10017.
",428000.0,advanced,course,1 - 3 Months
get started with python,google,"['Computer Programming', 'Data Visualization', 'Python Programming']",4.8,https://www.coursera.org/learn/get-started-with-python,65379.0,"prepárate para una carrera en la gestión de proyectos sin necesidad de contar con un título ni experiencia previa. accede rápidamente a un trabajo con un sueldo competitivo, gracias a la formación profesional diseñada por google. 
quienes ocupan el puesto de gerente de proyectos tienen una gran capacidad para resolver problemas. definen el plan, guían al equipo y gestionan los cambios, los riesgos y las partes interesadas.
en 6 cursos adquirirás habilidades muy demandadas, que te prepararán para un trabajo de nivel básico. puedes terminar el programa en menos de seis meses, incluso si le dedicas menos de 10 horas semanales.
este programa te ofrece más de 100 horas de formación en gestión de proyectos, que te servirán para lograr las certificaciones delproject management instituteopens in a new tab, como certified associate in project management (capm)®.opens in a new tab
el 75% de quienes obtuvieron un certificado de google en los estados unidos informa que registró una mejora en su carrera profesional dentro de los 6 meses de haber obtenido el certificado.
echa un vistazo a todos los certificados profesionales de google aquíopens in a new tab.
cita: *según las respuestas de la encuesta de graduados del programa, estados unidos, 2021
applied learning project
este programa incluye más de 140 horas de instrucción y cientos de evaluaciones prácticas que permiten  simular escenarios de gestión de proyectos del mundo real y que son fundamentales para el éxito en el trabajo.
adquirirás las siguientes habilidades: creación de planes de gestión de riesgos; comprensión de las técnicas de mejora de procesos; gestión de las derivaciones, la dinámica de equipo y las partes interesadas; creación de presupuestos y gestión de compras; utilización de software, herramientas y plantillas de gestión de proyectos y metodología agile de gestión de proyectos, con énfasis en scrum.
a través de una combinación de videos, evaluaciones y actividades prácticas, aprenderás a iniciar, planificar y ejecutar proyectos con metodologías tradicionales y agile. adquirirás herramientas para demostrar que comprendes los elementos clave de la gestión de proyectos, incluida la gestión de un cronograma, un presupuesto y un equipo.
",760000.0,advanced,course,1 - 3 Months
foundations of business intelligence,google,"['Business Intelligence', 'Data Analysis', 'Leadership and Management']",4.8,https://www.coursera.org/learn/foundations-of-business-intelligence,17984.0,"this course is intended as a self-study course for those interested in exploring a career as a home health aide or personal care aide.
",783000.0,advanced,course,1 - 4 Weeks
data visualization & dashboarding with r,johns hopkins university,"['Data Visualization', 'R Programming', 'Statistical Programming', 'Data Analysis', 'Data Visualization Software', 'Computer Programming', 'Data Structures', 'Exploratory Data Analysis', 'Programming Principles', 'Statistical Visualization', 'Interactive Data Visualization']",4.8,https://www.coursera.org/specializations/jhu-data-visualization-dashboarding-with-r,101470.0,"this specialization covers foundational data science tools and techniques, including getting, cleaning, and exploring data, programming in r, and conducting reproducible research. learners who complete this specialization will be prepared to take the data science: statistics and machine learningopens in a new tab specialization, in which they build a data product using real-world data.
the five courses in this specialization are the very same courses that make up the first half of the data science specialization. this specialization is presented for learners who want to start and complete the foundational part of the curriculum first, before moving onto the more advanced topics in data science: statistics and machine learning.
applied learning project
in taking the data science: foundations using r specialization, learners will complete a project at the ending of each course in this specialization. projects include, installing tools, programming in r, cleaning data, performing analyses, as well as peer review assignments.                                                                                                                                                                                                     
",358000.0,beginner,specialization,3 - 6 Months
neuroscience and neuroimaging,johns hopkins university,"['Statistical Programming', 'R Programming', 'Probability & Statistics', 'Data Management', 'Data Structures', 'Data Analysis', 'Statistical Analysis', 'Data Visualization', 'Visualization (Computer Graphics)', 'General Statistics', 'Research and Design', 'Experiment', 'Correlation And Dependence', 'Mathematical Theory & Analysis', 'Process Analysis', 'Spatial Analysis', 'Spatial Data Analysis', 'Bioinformatics', 'Extract', 'Transform', 'Load', 'Computer Programming']",4.6,https://www.coursera.org/specializations/computational-neuroscience,1248073.0,"in the first course of the deep learning specialization, you will study the foundational concept of neural networks and deep learning. 
by the end, you will be familiar with the significant technological trends driving the rise of deep learning; build, train, and apply fully connected deep neural networks; implement efficient (vectorized) neural networks; identify key parameters in a neural network’s architecture; and apply deep learning to your own applications.

the deep learning specialization is our foundational program that will help you understand the capabilities, challenges, and consequences of deep learning and prepare you to participate in the development of leading-edge ai technology. it provides a pathway for you to gain the knowledge and skills to apply machine learning to your work, level up your technical career, and take the definitive step in the world of ai.
",3100.0,intermediate,specialization,3 - 6 Months
تحليلات البيانات من google,google,"['Computer Programming', 'Problem Solving', 'Python Programming', 'Programming Principles', 'Computer Programming Tools', 'Algebra', 'Computational Thinking', 'Exploratory Data Analysis', 'Mathematics', 'Data Analysis', 'Process Analysis', 'Differential Equations', 'Theoretical Computer Science', 'Critical Thinking', 'Data Analysis Software', 'Data Visualization', 'Databases', 'Decision Making', 'People Analysis', 'SQL', 'Communication']",4.7,https://www.coursera.org/professional-certificates/google-data-analytics-arabic,2701.0,"استعد لمهنة جديدة في مجال تحليلات البيانات عالي النمو، دون الحاجة إلى خبرة أو درجة علمية. احصل على تدريب احترافي من تصميم google واحصل على فرصة للتواصل مع كبار أصحاب العمل. توجد 337400 فرصة عمل في الولايات المتحدة في تحليلات البيانات بمتوسط 67900 دولار لراتب مبتدئ.¹
تحليلات البيانات عبارة عن جمع البيانات وتحويلها وتنظيمها بهدف استخلاص النتائج والتنبؤات والحث على عملية اتخاذ القرار المستنير.
أكثر من 8 دورات، اكتسب المهارات المطلوبة التي تعدك لوظيفة على مستوى المبتدئين. ستتعلم من موظفي google الذين كانت أسسهم في تحليلات البيانات بمثابة منصات انطلاق لحياتهم المهنية. وفي أقل من 10 ساعات في الأسبوع، يمكنك إكمال الشهادة في أقل من 6 أشهر.
ستعد نفسك للوظائف التي تتضمن محلل بيانات مبتدئ أو مشارك، ومسئول قاعدة البيانات، والمزيد. فور إتمام الشهادة، يمكنك التقدم مباشرة لوظائف لدى google وأكثر من 130 من أصحاب العمل في الولايات المتحدة، بما في ذلك walmart وbest buy وastreya.
أبلغ 82% من خريجي شهادة google المهنية عن نتيجة مهنية إيجابية مثل وظيفة جديدة أو ترقية أو زيادة في غضون 6 أشهر.²
اطلع على جميع شهادات google المهنية https://www.coursera.org/google-career-certificatesهناopens in a new tab.
¹burning glass: labor insight (آخر 12 شهرًا: 1 فبراير 2020-31 يناير 2021)
²استبيان نتائج متعلم coursera، طوال الوقت للحصول على شهادة دعم تكنولوجيا المعلومات من google. تُجمع البيانات عبر الاستبيانات على المنصة أو البريد الإلكتروني وهي تراكمية من يناير 2018 إلى يناير 2021. 
applied learning project
يشتمل هذا البرنامج على أكثر من 180 ساعة من التعليمات ومئات التقييمات القائمة على الممارسة، والتي ستساعدك على محاكاة سيناريوهات تحليلات البيانات الواقعية التي تُعد بالغة الأهمية للنجاح في مكان العمل. المحتوى تفاعلي للغاية وتم تطويره حصريًا بواسطة موظفي google الذين لديهم عقود من الخبرة في تحليلات البيانات. من خلال مزيج من مقاطع الفيديو والتقييمات والمختبرات العملية، ستتعرف على أدوات التحليل والأنظمة الأساسية والمهارات التحليلية الأساسية المطلوبة لوظيفة على مستوى المبتدئين.
تشمل المهارات التي ستكتسبها ما يلي: تنظيف البيانات وحل المشكلات والتفكير النقدي وأخلاقيات البيانات ومؤثرات عرض البيانات
تشمل المنصات والأدوات التي ستتعلمها ما يلي: العروض التقديمية وجداول البيانات وsql وtableau وبرمجة r
بالإضافة إلى تدريب الخبراء والمشروعات العملية، ستكمل دراسة حالة يمكنك مشاركتها مع أصحاب العمل المحتملين لعرض مجموعة مهاراتك الجديدة. تعلم المهارات الملموسة التي يستخدمها كبار أصحاب العمل في الوقت الحالي.
",171000.0,beginner,professional certificate,3 - 6 Months
"gis, mapping, and spatial analysis",university of toronto,"['ArcGIS', 'Data Analysis', 'Data Visualization', 'Geovisualization', 'Spatial Analysis', 'Spatial Data Analysis', 'GIS Software', 'Data Analysis Software', 'Data Visualization Software', 'Data Management', 'Databases', 'Geostatistics', 'Statistical Analysis', 'Mergers & Acquisitions']",4.9,https://www.coursera.org/specializations/gis-mapping-spatial-analysis,23162.0,"do you want to think about the future with more creativity and optimism? do you want to see what’s coming faster, so you can be better prepared for disruptions and more in control of your future? do you want to get better at changing what’s possible today – in your company, your industry, your community, and in your own life?
this specialization will introduce you to the practice of futures thinking, as developed and applied for the past 50 years by the institute for the future, a silicon-valley-based research and learning group founded in 1968. you’ll master essential foresight techniques. you’ll meet leading professional futurists. and you’ll choose one or more future topics you want to investigate with your new foresight skills.
the futures thinking specialization is for anyone who wants to spot opportunities for innovation and invention faster. you can gain the skills and confidence to help you become someone who makes the future, instead of letting the future happen to you.  you'll develop a more future-oriented mindset to make positive changes in your own life, as you start to see new possibilities more clearly and craft the personal future you want.
this specialization is based on the “how to think like a futurist” workshops taught by jane mcgonigal, phd for stanford university continuing studies. by taking this specialization, you'll have access to key lessons and tools from the institute for the future’s professional “foresight training” certification program.
applied learning project
learners will investigate a future topic of their own choosing, such as the future of food, news, data, marketing, religion, learning, oceans, virtual reality, or ai, and create their own forecast and scenario to describe key risks and opportunities in that future.
",2700.0,beginner,specialization,3 - 6 Months
sas visual business analytics,sas,"['Data Analysis', 'Data Visualization', 'SAS (Software)', 'Business Analysis', 'Interactive Data Visualization', 'Data Analysis Software', 'Data Management', 'Statistical Programming', 'Statistical Visualization', 'Data Visualization Software', 'Business Intelligence', 'Exploratory Data Analysis', 'Data Structures', 'Statistical Analysis', 'Visualization (Computer Graphics)', 'Basic Descriptive Statistics', 'Computer Graphics', 'Network Analysis', 'Algorithms', 'Forecasting']",4.7,https://www.coursera.org/professional-certificates/sas-visual-business-analytics,20355.0,"using sas visual analytics, you will learn to access   and manipulate data, analyze data with a variety of interactive reports and   graphics, and design and share dashboards to visualize your data. sas visual analytics is a useful skill in a variety of careers, including business analyst, researcher, statistician, or data scientist. 
the macquarie business school at macquarie university is proud to partner with global analytics leader sas in offering sas certificationopens in a new tab as part of their global mba program. the global mba sas partnership includes the opportunity for professionals certified through the sas certified specialist: visual business analystopens in a new tab program to gain credit when studying for macquarie university’s global mba through the generate insights unit. find out more about the benefits of the partnership hereopens in a new tab!

applied learning project
through the sas visual business analytics professional certificate, you get access to hands-on projects that are built into the course work of each course. examples of projects include visual analytics methodology, designing reports with sas visual analytics review, restructuring data for forecasting review, and using parameters to create advanced reports review.
",1100.0,beginner,professional certificate,3 - 6 Months
python 3 programming,university of michigan,"['Python Programming', 'Computer Programming', 'Problem Solving']",4.7,https://www.coursera.org/specializations/python-3-programming,215354.0,"this specialization teaches the fundamentals of programming in python 3. we will begin at the beginning, with variables, conditionals, and loops, and get to some intermediate material like keyword parameters, list comprehensions, lambda expressions, and class inheritance.
you will have lots of opportunities to practice. you will also learn ways to reason about program execution, so that it is no longer mysterious and you are able to debug programs when they don’t work.
by the end of the specialization, you’ll be writing programs that query internet apis for data and extract useful information from them.  and you’ll be able to learn to use new modules and apis on your own by reading the documentation. that will give you a great launch toward being an independent python programmer.
this specialization is a good next step for you if you have completed python for everybodyopens in a new tab but want a more in-depth treatment of python fundamentals and more practice, so that you can proceed with confidence to specializations like applied data science with pythonopens in a new tab.
but it is also appropriate as a first set of courses in python if you are already familiar with some other programming language, or if you are up for the challenge of diving in head-first.
applied learning project
by the end of the second course, you will create a simple sentiment analyzer that counts the number of positive and negative words in tweets. in the third course, you will mash up two apis to create a movie recommender. the final course, python project: pillow, tesseract, and opencv (course 5), is an extended project in which you'll perform optical character recognition (ocr) and object detection in images.
",21000.0,beginner,specialization,3 - 6 Months
computational neuroscience,university of washington,"['Mathematics', 'Computer Programming', 'Mathematical Theory & Analysis', 'Probability & Statistics', 'Python Programming', 'Computational Logic', 'Data Analysis', 'Artificial Neural Networks', 'Linear Algebra', 'Machine Learning', 'Human Learning']",4.6,https://www.coursera.org/learn/computational-neuroscience,0.0,"embark on an exciting journey into the world of cybersecurity with this comprehensive specialization. designed for beginners, this cybersecurity specialization provides an introduction to cybersecurity, including basic knowledge and key skills needed to confidently start training for comptia security+ certification.                   
in today's digital age, cybersecurity professionals are in high demand and are one of the highest-paying it career paths. job opportunities in this fast-growing sector seek applicants with technical skills, analytical thinking and creative problem-solving qualifications.
through this specialization, you'll learn from cybersecurity experts and industry insiders about the day-to-day tasks and challenges you can expect in this role. you'll gain insights into how to protect a company's valuable information from theft and damage, ensuring that computers and networks store and process data according to the organization’s rules.   
moreover, you'll acquire practical computer and network administration skills, preparing you to confidently begin a complete cybersecurity training program. this is your first step to becoming a key player in the cybersecurity field.  
don't miss this opportunity to kickstart your career in cybersecurity. enroll in this specialization today and take the first step towards a promising future in information security.
applied learning project
in this cybersecurity specialization, you'll engage in practical activities that serve as a steppingstone to meet the pre-requisites for security+ training. you'll gain hands-on experience in securing windows and linux systems, networking and scripting. you'll be able to test your knowledge through multiple-choice practice questions with extensive feedback. additionally, you'll have access to informative videos and interviews with seasoned industry professionals, providing real-world context and insights into how these skills are applied in the cybersecurity field. this course is designed with accessibility in mind, meeting wcag 2.0 aa compliance, including keyboard navigation, alt-tags for images, captions for videos, screen reader compatibility and adherence to color contrast guidelines.  
",1000.0,beginner,course,1 - 3 Months
the arts and science of relationships: understanding human needs,university of toronto,"['Emotional Intelligence', 'Communication']",4.5,https://www.coursera.org/learn/human-needs,206340.0,"this course provides an introduction to:
1. basic concepts of the strategies and skills learning and development system (ssld), their relevance for every day relationships and provide advanced concepts for  participants who work in fields of social work and health care .
2. basic practice principles and methods of ssld, illustrated by relationship management case studies.
3. the ssld framework for relationship management assessment; n3c (needs, circumstances, characteristics, capacity) and problem translation.
4. core competencies in the relationship management application of the ssld system: observation learning, simulation, real life implementation, review and monitoring.
",1600.0,beginner,course,1 - 3 Months
narrative economics,yale university,"['Critical Thinking', 'Storytelling']",4.8,https://www.coursera.org/learn/narrative-economics,44895.0,"this specialization will give you the knowledge and tools you need to record and produce professional sounding music. you will begin by developing your identity, vision, and intention as an artist and producer. next, you will learn the technical aspects of music production, including how sound is translated into audio signals, recording techniques, and effects such as reverb, delay, and compression. you will also learn how to use the industry standard digital audio workstation, pro tools, to create professional recordings. finally, you will apply the knowledge and tools you gained in a culminating 4-week capstone where you will complete a project beginning at the pre-production stage through the recording, mixing, and mastering stages. 
",370000.0,beginner,course,1 - 4 Weeks
introduction to artificial intelligence (ai),ibm,"['Algorithms', 'Applied Machine Learning', 'Artificial Neural Networks', 'Computer Vision', 'Deep Learning', 'Human Learning', 'Machine Learning', 'Machine Learning Algorithms', 'Machine Learning Software', 'Big Data', 'Data Science']",4.7,https://www.coursera.org/learn/introduction-to-ai,47937.0,"get started with using agile development and scrum with this self-paced introductory course! after successfully completing this course, you will be able to embrace the agile concepts of adaptive planning, iterative development, and continuous improvement - resulting in early deliveries and value to customers. 
you will look at scrum as a framework and learn how to apply it alongside agile. you will also become familiar with related methodologies like waterfall, extreme programming (xp), and kanban. 

apply agile practices derived from lean manufacturing concepts, like test-driven development. learn how a scrum team functions. also learn about the importance of agile iterative planning and enable yourself to write good user stories and track your team’s progress using a kanban board.  

create and refine a product backlog collaboratively with the team and the customer, in a flexible and blameless culture. you'll also learn how to use burndown charts, achieve sprint goals, and conduct the sprint review and retrospective. this approach will lead you to higher levels of efficiency, with the ability to plan and execute sprints with your development team, measuring success with actionable metrics.  

this course is about more than facts and processes. it is about working collaboratively on a self-organizing team, coached by a scrum master, and building what is needed, rather than simply following a plan. developed and taught by an experienced agile practitioner, the course includes hands-on practice through realistic scenario-based labs using github and zenhub. 

the course will benefit anyone who wants to get started with working the agile way or transform the organizational culture to adopt and realize the benefits of scrum. this includes project managers, product managers, and executives. it is particularly suitable for it practitioners such as software developers, development managers, and it scrum masters.
",12000.0,beginner,course,1 - 4 Weeks
"sequences, time series and prediction",deeplearning.ai,"['Machine Learning', 'Forecasting', 'Tensorflow', 'Applied Machine Learning', 'Deep Learning', 'Artificial Neural Networks', 'Human Learning', 'Data Visualization', 'Machine Learning Algorithms', 'Statistical Analysis']",4.7,https://www.coursera.org/learn/tensorflow-sequences-time-series-and-prediction,125323.0,"if you are a software developer who wants to build scalable ai-powered algorithms, you need to understand how to use the tools to build them. this specialization will teach you best practices for using tensorflow, a popular open-source framework for machine learning.
in this fourth course, you will learn how to build time series models in tensorflow. you’ll first implement best practices to prepare time series data. you’ll also explore how rnns and 1d convnets can be used for prediction. finally, you’ll apply everything you’ve learned throughout the specialization to build a sunspot prediction model using real-world data!

the machine learning course and deep learning specialization from andrew ng teach the most important and foundational principles of machine learning and deep learning. this new deeplearning.ai tensorflow specialization teaches you how to use tensorflow to implement those principles so that you can start building and applying scalable models to real-world problems. to develop a deeper understanding of how neural networks work, we recommend that you take the deep learning specialization.
",4900.0,intermediate,course,1 - 4 Weeks
mlops | machine learning operations,duke university,"['Applied Machine Learning', 'Big Data', 'Cloud Computing', 'Computer Programming', 'DevOps', 'Machine Learning', 'Machine Learning Software', 'Microsoft Azure', 'Python Programming']",4.0,https://www.coursera.org/specializations/mlops-machine-learning-duke,5105.0,"this comprehensive course series is perfect for individuals with programming knowledge such as software developers, data scientists, and researchers. you'll acquire critical mlops skills, including the use of python and rust, utilizing github copilot to enhance productivity, and leveraging platforms like amazon sagemaker, azure ml, and mlflow. you'll also learn how to fine-tune large language models (llms) using hugging face and understand the deployment of sustainable and efficient binary embedded models in the onnx format, setting you up for success in the ever-evolving field of mlops
through this series, you will begin to learn skills for various career paths:
1. data science - analyze and interpret complex data sets, develop ml models, implement data management, and drive data-driven decision making.
2. machine learning engineering - design, build, and deploy ml models and systems to solve real-world problems.
3. cloud ml solutions architect - leverage cloud platforms like aws and azure to architect and manage ml solutions in a scalable, cost-effective manner.
4. artificial intelligence (ai) product management - bridge the gap between business, engineering, and data science teams to deliver impactful ai/ml products.
applied learning project
explore and practice your mlops skills with hands-on practice exercises and github repositories.
1. building a python script to automate data preprocessing and feature extraction for machine learning models.
2. developing a real-world ml/ai solution using ai pair programming and github copilot, showcasing your ability to collaborate with ai.
4. creating web applications and command-line tools for ml model interaction using gradio, hugging face, and the click framework.
3. implementing gpu-accelerated ml tasks using rust for improved performance and efficiency.
4. training, optimizing, and deploying ml models on amazon sagemaker and azure ml for cloud-based mlops.
5. designing a full mlops pipeline with mlflow, managing projects, models, and tracking system features.
6. fine-tuning and deploying large language models (llms) and containerized models using the onnx format with hugging face. creating interactive demos to effectively showcase your work and advancements.
",150000.0,advanced,specialization,3 - 6 Months
prepare data for exploration,google,"['Data Management', 'Data Analysis', 'Databases', 'Microsoft Excel', 'SQL', 'Spreadsheet Software']",4.8,https://www.coursera.org/learn/data-preparation,645914.0,"this is the third course in the google data analytics certificate. these courses will equip you with the skills needed to apply to introductory-level data analyst jobs. as you continue to build on your understanding of the topics from the first two courses, you’ll also be introduced to new topics that will help you gain practical data analytics skills. you’ll learn how to use tools like spreadsheets and sql to extract and make use of the right data for your objectives and how to organize and protect your data. current google data analysts will continue to instruct and provide you with hands-on ways to accomplish common data analyst tasks with the best tools and resources.
learners who complete this certificate program will be equipped to apply for introductory-level jobs as data analysts. no previous experience is necessary.

by the end of this course, you will:
 - find out how analysts decide which data to collect for analysis.
 - learn about structured and unstructured data, data types, and data formats.
 - discover how to identify different types of bias in data to help ensure data credibility. 
 - explore how analysts use spreadsheets and sql with databases and data sets.
 - examine open data and the relationship between and importance of data ethics and data privacy.
 - gain an understanding of how to access databases and extract, filter, and sort the data they contain.
 - learn the best practices for organizing data and keeping it secure.
",18000.0,beginner,course,1 - 3 Months
python project for data engineering,ibm,"['Computer Programming', 'Data Management', 'Data Mining', 'Data Structures', 'Extract', 'Transform', 'Load', 'Python Programming']",4.6,https://www.coursera.org/learn/python-project-for-data-engineering,32522.0,"showcase your python skills in this data engineering project! this short course is designed to apply your basic python skills through the implementation of various techniques for gathering and manipulating data.  
you will take on the role of a data engineer by extracting data from multiple sources, and converting the data into specific formats and making it ready for loading into a database for analysis. you will also demonstrate your knowledge of web scraping and utilizing apis to extract data. 

by the end of this hands-on project, you will have shown your proficiency with important skills to extract transform and load (etl) data using an ide, and of course, python programming. 

upon completion of this course, you will also have a great new addition to your portfolio! 

pre-requisite: 

**python for data science, ai and development** course from ibm is a pre-requisite for this project course. please ensure that before taking this course you have either completed the python for data science, ai and development course from ibm or have equivalent proficiency in working with python and data. note: this course is not intended to teach you python and does not have too much new instructional content. it is intended for you to mostly apply prior python knowledge.
",532000.0,intermediate,course,1 - 4 Weeks
practical data science with matlab,mathworks,"['Data Analysis', 'Exploratory Data Analysis', 'Matlab', 'Machine Learning', 'Data Visualization', 'Data Analysis Software', 'Interactive Data Visualization', 'Probability & Statistics', 'Statistical Visualization', 'Applied Machine Learning', 'Machine Learning Algorithms', 'Regression', 'Data Visualization Software', 'Plot (Graphics)', 'Statistical Analysis', 'Machine Learning Software', 'Training', 'Correlation And Dependence', 'Data Structures', 'Feature Engineering', 'Data Science']",4.7,https://www.coursera.org/specializations/practical-data-science-matlab,19450.0,"development environments might not have the exact requirements as production environments. moving data science and machine learning projects from idea to production requires state-of-the-art skills. you need to architect and implement your projects for scale and operational efficiency. data science is an interdisciplinary field that combines domain knowledge with mathematics, statistics, data visualization, and programming skills. 
the practical data science specialization brings together these disciplines using purpose-built ml tools in the aws cloud. it helps you develop the practical skills to effectively deploy your data science projects and overcome challenges at each step of the ml workflow using amazon sagemaker. 
this specialization is designed for data-focused developers, scientists, and analysts familiar with the python and sql programming languages who want to learn how to build, train, and deploy scalable, end-to-end ml pipelines - both automated and human-in-the-loop - in the aws cloud.
each of the 10 weeks features a comprehensive lab developed specifically for this specialization that provides hands-on experience with state-of-the-art algorithms for natural language processing (nlp) and natural language understanding (nlu), including bert and fasttext using amazon sagemaker.
applied learning project
by the end of this specialization, you will be ready to:
 
• ingest, register, and explore datasets
• detect statistical bias in a dataset
• automatically train and select models with automl
• create machine learning features from raw data
• save and manage features in a feature store
• train and evaluate models using built-in algorithms and custom bert models
• debug, profile, and compare models to improve performance
• build and run a complete ml pipeline end-to-end
• optimize model performance using hyperparameter tuning
• deploy and monitor models
• perform data labeling at scale
• build a human-in-the-loop pipeline to improve model performance
• reduce cost and improve performance of data products
",1000.0,beginner,specialization,3 - 6 Months
"spark, hadoop, and snowflake for data engineering",duke university,"['Big Data', 'Data Warehousing', 'Python Programming']",4.3,https://www.coursera.org/learn/spark-hadoop-snowflake-data-engineering,0.0,"e.g. this is primarily aimed at first- and second-year undergraduates interested in engineering or science, along with high school students and professionals with an interest in programminggain the skills for building efficient and scalable data pipelines. explore essential data engineering platforms (hadoop, spark, and snowflake) as well as learn how to optimize and manage them. delve into databricks, a powerful platform for executing data analytics and machine learning tasks, while honing your python data science skills with pyspark. finally, discover the key concepts of mlflow, an open-source platform for managing the end-to-end machine learning lifecycle, and learn how to integrate it with databricks.
this course is designed for learners who want to pursue or advance their career in data science or data engineering, or for software developers or engineers who want to grow their data management skill set. in addition to the technologies you will learn, you will also gain methodologies to help you hone your project management and workflow skills for data engineering, including applying kaizen, devops, and data ops methodologies and best practices.

with quizzes to test your knowledge throughout, this comprehensive course will help guide your learning journey to become a proficient data engineer, ready to tackle the challenges of today's data-driven world.
",6000.0,advanced,course,1 - 4 Weeks
leverage data science for a more agile supply chain,"university of california, irvine","['Inventory Management', 'Data Analysis', 'Supply Chain Systems', 'Leadership and Management', 'Business Analysis', 'Forecasting', 'Supply Chain and Logistics']",4.5,https://www.coursera.org/specializations/leverage-data-science-agile-supply-chain,4041.0,"over the past two decades, the supply chain has become more complex. while advancing technology has allowed companies to capture this complexity within stores of ever accumulating data, companies have not kept up with how to analyze and derive insights from that data. this specialization uses hands-on activities to show how data science techniques can turn raw data into decision-makers for a more agile supply chain. foundational techniques such as demand forecasting, inventory management with demand variability, and using the newsvendor model are covered, in addition to more advanced techniques such as how to optimize for capacity and resources as well as mitigate risks with the monte carlo simulation. by the end of this specialization, you will be able to:
describe how demand planning, supply planning, and constrained forecast are associated with one another.
use excel to analyze historical data to quantify future needs.
analyze historical data to determine inventory levels in steady and uncertain demand situations using excel.
manage inventory in an uncertain environment.
quantify the inventory needs for single-period items using the newsvendor model.
identify the components of capacity optimization, resource optimization, and monte carlo simulation.
set up and solve optimization problems in excel.
build a demand and inventory snapshot and run a monte carlo simulation to solve for a more agile supply chain.
applied learning project
throughout the specialization, learners work with real-world supply chain data to analyze various supply chain scenarios. to close, learners apply concepts from all three courses to apply learned data science skills to improve the margins of a supply chain.
",182000.0,intermediate,specialization,1 - 3 Months
network automation engineering fundamentals,cisco learning and certifications,"['DevOps', 'Python Programming']",4.5,https://www.coursera.org/specializations/networkautomation,6285.0,"in this course, you will learn crucial skills needed to understand the intricate dynamics that go into the process of negotiation, and how you can go into your negotiation confident and fully prepared.
you'll learn about the framework that goes into shaping a successful negotiation, in addition to gaining the knowledge that will allow you to adapt to rapidly changing circumstances. you'll also learn about emotional control, crafting questions to help you get the information that you need, and skills that will allow you to negotiate in any setting. you will also successfully learn how to navigate a negotiation through real-world exercises, and how to best work to build trust, diffuse anger, and make rational decisions based on the information at hand. lastly, you will learn how to prepare to negotiate in any setting and use your skills to facilitate with teams and influence outcomes. 

by the end of this course, you’ll be able to utilize your newly acquired skills to successfully negotiate for employment, contracts, and in any part of your life. within this course, you will end with the knowledge of how to craft a successful negotiation strategy and manage the conflict that can arise, as well as build trust.
",34000.0,beginner,specialization,3 - 6 Months
akamai network engineering,"akamai technologies, inc.","['Computer Security Incident Management', 'Mobile Security', 'Network Architecture', 'Network Security', 'Risk Management']",4.9,https://www.coursera.org/professional-certificates/akamai-network-engineering,2214.0,"are you interested in learning how large global network operations work?  does managing  30% of the internet traffic globally intrigue you? then the network engineering certification is for you. the nocc is a proactive monitoring and troubleshooting team that monitors and manages globally distributed servers and resolves network bottlenecks in real time.  this beginner level certificate is designed to provide you with in-demand skills that range from internet technology fundamentals, networking, operating systems and problem solving techniques. 
this certificate program consists of 5-courses, developed by akamai, that are self-paced and can be completed over 5-months. the courses will help you build solid technical foundations and troubleshooting skills that align to entry level jobs in the network engineering field. 
target jobs: network engineering & network operations support roles
applied learning project
students will build and secure a linux virtual machine using virtualization technology. they will also create complex networks using cisco packet tracer, implementing routing, nat, port forwarding, dhcp, dns, and packet sniffers. as well as troubleshooting and resolving complex network problems.
students will design a relational database to contain customer data and security incidents and create queries to analyze the data. then, after creating four python applications from scratch: an age calculator, a word guessing game, a lemonade stand game, and a text-based adventure game, students will create the code to connect a web site to the database to authenticate users and provide user-specific content to users after login.
",35000.0,beginner,professional certificate,3 - 6 Months
cybersecurity operations fundamentals,cisco learning and certifications,"['Network Security', 'Operations Management']",4.7,https://www.coursera.org/specializations/cbrops,87224.0,"the cybersecurity specialization covers the fundamental concepts underlying the construction of secure systems, from the hardware to the software to the human-computer interface, with the use of cryptography to secure interactions. these concepts are illustrated with examples drawn from modern practice, and augmented with hands-on exercises involving relevant tools and techniques. successful participants will develop a way of thinking that is security-oriented, better understanding how to think about adversaries and how to build systems that defend against them.
",173000.0,beginner,specialization,3 - 6 Months
google cloud database engineer,google cloud,"['Databases', 'Cloud Computing', 'Google Cloud Platform', 'Data Management', 'Cloud Platforms', 'Database Administration', 'Database Application', 'SQL', 'Cloud Infrastructure', 'Cloud Storage', 'Data Analysis', 'Google App Engine', 'Kubernetes', 'PostgreSQL']",4.7,https://www.coursera.org/specializations/google-cloud-database-engineer,301133.0,"this course introduces the google cloud big data and machine learning products and services that support the data-to-ai lifecycle. it explores the processes, challenges, and benefits of building a big data pipeline and machine learning models with vertex ai on google cloud.
",48000.0,intermediate,specialization,3 - 6 Months
preparing for google cloud certification: cloud devops engineer,google cloud,"['DevOps', 'Communication', 'Leadership and Management', 'Collaboration', 'Design and Product', 'Entrepreneurship', 'Product Development', 'Product Management', 'Strategy and Operations', 'Operations Management', 'Cloud Computing', 'Cloud Infrastructure', 'Cloud Platforms', 'Cloud Storage', 'Culture', 'Docker (Software)', 'Google App Engine', 'Google Cloud Platform', 'Kubernetes']",4.7,https://www.coursera.org/professional-certificates/sre-devops-engineer-google-cloud,32789.0,"this program provides the skills you need to advance your career as a data engineer and provides training to support your preparation for the industry-recognized google cloud professional devops engineeropens in a new tab certification. 87% of google cloud certified users feel more confident in their cloud skills. 
 you'll also have the opportunity to practice key job skills using google cloud to build software delivery pipelines, deploy and monitor services, and manage and learn from incidents. you will learn to apply sre principles to a service, techniques for monitoring, troubleshooting, and improving infrastructure and application performance among other things.
your journey to google cloud certification:
1) complete the coursera site reliability engineering and devops professional certificate 
2) review other recommended learning resources for the google cloud professional cloud devops engineer certification examopens in a new tab
3) review the professional cloud devops engineer exam guide  opens in a new tab
4) take the professional cloud devops engineer practice examopens in a new tab
5) registeropens in a new tab for the google cloud certification exam (can be taken remotely or at a test center)
applied learning project
this professional certificate incorporates hands-on labs using our qwiklabs platform.
these hands on components will let you apply the skills you learn in the video lectures. projects will incorporate topics such as google cloud platform products, which are used and configured within qwiklabs. you can expect to gain practical hands-on experience with the concepts explained throughout the modules.
",53000.0,beginner,professional certificate,3 - 6 Months
ai for medicine,deeplearning.ai,"['Machine Learning', 'Machine Learning Algorithms', 'Deep Learning', 'Python Programming', 'Artificial Neural Networks', 'Statistical Programming', 'Probability & Statistics']",4.7,https://www.coursera.org/specializations/ai-for-medicine,41525.0,"ai is transforming the practice of medicine. it’s helping doctors diagnose patients more accurately, make predictions about patients’ future health, and recommend better treatments. this three-course specialization will give you practical experience in applying machine learning to concrete problems in medicine.
these courses go beyond the foundations of deep learning to teach you the nuances in applying ai to medical use cases.  if you are new to deep learning or want to get a deeper foundation of how neural networks work, we recommend taking the deep learning specializationopens in a new tab.
applied learning project
medicine is one of the fastest-growing and important application areas, with unique challenges like handling missing data. you’ll start by learning the nuances of working with 2d and 3d medical image data. you’ll then apply tree-based models to improve patient survival estimates. you’ll also use data from randomized trials to recommend treatments more suited to individual patients. finally, you’ll explore how natural language extraction can more efficiently label medical datasets.
",2300.0,intermediate,specialization,1 - 3 Months
tensorflow: advanced techniques,deeplearning.ai,"['Deep Learning', 'Machine Learning', 'Tensorflow', 'Artificial Neural Networks', 'Applied Machine Learning', 'Python Programming', 'Machine Learning Algorithms', 'Human Learning', 'Computer Vision', 'Computer Programming', 'Network Model', 'Machine Learning Software', 'Network Architecture', 'Training', 'Visualization (Computer Graphics)', 'Computer Graphic Techniques', 'Strategy']",4.8,https://www.coursera.org/specializations/tensorflow-advanced-techniques,25821.0,"tensorflow is an end-to-end open-source platform for machine learning. it has a comprehensive, flexible ecosystem of tools, libraries, and community resources that lets researchers push the state-of-the-art in ml, and developers easily build and deploy ml-powered applications. tensorflow is commonly used for machine learning applications such as voice recognition and detection, google translate, image recognition, and natural language processing.
expand your knowledge of the functional api and build exotic non-sequential model types. learn how to optimize training in different environments with multiple processors and chip types and get introduced to advanced computer vision scenarios such as object detection, image segmentation, and interpreting convolutions. explore generative deep learning including the ways ais can create new content from style transfer to auto encoding, vaes, and gans.
this specialization is for software and machine learning engineers with a foundational understanding of tensorflow who are looking to expand their knowledge and skill set by learning advanced tensorflow features to build powerful models. 

looking for a place to start? master foundational basics with the deeplearning.ai tensorflow developer professional certificateopens in a new tab. 
ready to deploy your models to the world? learn how to go live with the tensorflow: data and deployment specializationopens in a new tab.
applied learning project
in this specialization, you will gain practical knowledge of and hands-on training in advanced tensorflow techniques such as style transfer, object detection, and generative machine learning.
course 1: understand the underlying basis of the functional api and build exotic non-sequential model types, custom loss functions, and layers. 
course 2: learn how optimization works and how to use gradienttape and autograph. optimize training in different environments with multiple processors and chip types.
course 3: practice object detection, image segmentation, and visual interpretation of convolutions.
course 4: explore generative deep learning and how ais can create new content, from style transfer through auto encoding and vaes to generative adversarial networks.
",1400.0,intermediate,specialization,3 - 6 Months
google cloud fundamentals: core infrastructure,google cloud,"['Cloud Computing', 'Cloud Infrastructure', 'Cloud Platforms', 'Cloud Storage', 'Google App Engine', 'Google Cloud Platform', 'Kubernetes']",4.7,https://www.coursera.org/learn/gcp-fundamentals,40408.0,"the cloud digital leader training consists of a course series designed to give you foundational knowledge about cloud technology and data. this training also offers an overview of google cloud products and services that enable organizations’ digital transformation. this training will empower you and your team(s) to contribute to cloud-related business initiatives across your organization.
this training builds knowledge in these areas:
general cloud knowledge
general google cloud knowledge
google cloud products and services
digital transformation, data, and ai/ml
modernizing company it infrastructure and applications

applied learning project
students will have an opportunity to validate their knowledge gained throughout each of the courses with practice and graded assessments at the end of each module and for each course.  practice and graded assessments are used to validate and demonstrate learning outcomes.
",48000.0,beginner,course,1 - 3 Months
introduction to cloud computing,ibm,"['Cloud Computing', 'Cloud Applications', 'Cloud Infrastructure', 'Cloud Platforms', 'Cloud Storage', 'DevOps', 'IBM Cloud']",4.6,https://www.coursera.org/learn/introduction-to-cloud,15934.0,"this course introduces you to a framework for successful and ethical medical data mining. we will explore the variety of clinical data collected during the delivery of healthcare. you will learn to construct analysis-ready datasets and apply computational procedures to answer clinical questions. we will also explore issues of fairness and bias that may arise when we leverage healthcare data to make decisions about patient care.
in support of improving patient care, stanford medicine is jointly accredited by the accreditation council for continuing medical education (accme), the accreditation council for pharmacy education (acpe), and the american nurses credentialing center (ancc), to provide continuing education for the healthcare team. visit the faqs below for important information regarding 1) date of the original release and expiration date; 2) accreditation and credit designation statements; 3) disclosure of financial relationships for every person in control of activity content.
",5000.0,beginner,course,1 - 3 Months
introduction to microsoft azure cloud services,microsoft,"['Cloud Applications', 'Cloud Computing', 'Cloud Infrastructure', 'Microsoft Azure', 'Cloud Management', 'Cloud Platforms', 'Cloud Standards', 'Cloud-Based Integration', 'Software As A Service', 'Cloud Storage', 'Databases']",4.6,https://www.coursera.org/learn/microsoft-azure-cloud-services,461103.0,"learn how to think the way mathematicians do – a powerful cognitive process developed over thousands of years.
mathematical thinking is not the same as doing mathematics – at least not as mathematics is typically presented in our school system. school math typically focuses on learning procedures to solve highly stereotyped problems. professional mathematicians think a certain way to solve real problems, problems that can arise from the everyday world, or from science, or from within mathematics itself. the key to success in school math is to learn to think inside-the-box. in contrast, a key feature of mathematical thinking is thinking outside-the-box – a valuable ability in today’s world. this course helps to develop that crucial way of thinking.
",1900.0,beginner,course,1 - 4 Weeks
aws cloud practitioner essentials,amazon web services,"['Amazon Web Services', 'Cloud Computing']",4.8,https://www.coursera.org/learn/aws-cloud-practitioner-essentials,111494.0,"welcome to aws cloud practitioner essentials. if you’re new to the cloud, whether you’re in a technical or non-technical role such as finance, legal, sales, marketing, this course will provide you with an understanding of fundamental aws cloud concepts to help you gain confidence to contribute to your organization’s cloud initiatives. this course is also the starting point to prepare for your aws certified cloud practitioner certification whenever it’s convenient for you.
after you complete the course, you’ll understand the benefits of the aws cloud and the basics of its global infrastructure. you’ll be able to describe and provide an example of the core aws services, including compute, network, databases, and storage. for the finance-minded, you’ll be able to articulate the financial benefits of the aws cloud, define core billing and pricing models, and learn how to use pricing tools to make cost-effective choices for aws services.
",1500.0,beginner,course,1 - 3 Months
digital transformation using ai/ml with google cloud,google cloud,"['Cloud Computing', 'Google Cloud Platform', 'Business Transformation', 'Business Analysis', 'Data Management', 'Cloud Applications', 'Cloud Clients', 'Cloud Infrastructure', 'Cloud Platforms', 'Cloud-Based Integration', 'Data Analysis', 'Kubernetes', 'Machine Learning', 'Other Cloud Platforms and Tools', 'Applied Machine Learning', 'Human Learning', 'Innovation', 'Machine Learning Software', 'Strategy', 'Strategy and Operations', 'Customer Analysis', 'Machine Learning Algorithms', 'Cloud API', 'Google App Engine', 'Business Intelligence', 'Organizational Development', 'Algorithms', 'Leadership and Management', 'Data Architecture']",4.7,https://www.coursera.org/specializations/digital-transformation-using-ai-ml-with-google-cloud,179980.0,"not so long ago, the job of product manager was about assessing market data, creating requirements, and managing the hand-off to sales/marketing. maybe you’d talk to a customer somewhere in there and they’d tell you what features they wanted. but companies that manage product that way are dying.
being a product person today is a new game, and product managers are at the center of it. today, particularly if your product is mostly digital, you might update it several times a day. massive troves of data are available for making decisions and, at the same time, deep insights into customer motivation and experience are more important than ever. the job of the modern product manager is to charter a direction and create a successful working environment for all the actors involved in product success.  it’s not a simple job or an easy job, but it is a meaningful job where you’ll be learning all the time. 

this course will help you along your learning journey and prepare you with the skills and perspective you need to:

create the actionable focus to successfully manage your product (week 1)
focus your work using modern product management methods (week 2)
manage new products and explore new product ideas (week 3)
manage and amplify existing products (week 4)

this course is ideal for current product or general  managers interested in today's modern product management methods.

please note that there are new additions to this course and subtitles for these videos will soon be available. 

this course was developed with the generous support of the batten institute at uva’s darden school of business. the batten institute’s mission is to improve the world through entrepreneurship and innovation: www.batteninstitute.org.
",6800.0,beginner,specialization,3 - 6 Months
cloud-native development with openshift and kubernetes,red hat,"['Cloud Applications', 'Kubernetes', 'Cloud Computing', 'Cloud Platforms']",4.7,https://www.coursera.org/specializations/cloud-native-development-openshift-kubernetes,7750.0,"this specialization is designed for individuals and teams that will be running or interacting with clinical trials. in four courses, learners will develop insights and build the skills they need to design, manage, and monitor clinical trials as well as analyze, document, and communicate the results. learners will also learn best practices regarding ethics, safety, participant recruitment, regulatory compliance, and reporting standards. the core principles and skills of the specialization will lay the foundation for a successful career in the field. 
applied learning project
learners will demonstrate their mastery of skills, including trial design, data collection and management, statistical monitoring, trial ethics, participant recruitment and retention, data analysis, communication of results, and advanced operational techniques.
",114000.0,intermediate,specialization,3 - 6 Months
google cloud digital leader training,google cloud,"['Cloud Computing', 'Cloud Infrastructure', 'Google Cloud Platform', 'Cloud Management', 'Cloud Platforms', 'Cloud Applications', 'Cloud-Based Integration', 'Cloud Clients', 'Kubernetes', 'Other Cloud Platforms and Tools', 'Cloud API', 'Data Management', 'DevOps', 'System Security', 'Data Architecture', 'Google App Engine', 'Collaboration', 'Innovation', 'Leadership and Management', 'Operations Management', 'Security Engineering', 'Machine Learning']",4.8,https://www.coursera.org/professional-certificates/google-cloud-digital-leader-training,2902.0,"a database engineer designs, creates, manages, migrates, and troubleshoots databases used by applications to store and retrieve data. this learning path guides you through a curated collection of on-demand courses, labs, and skill badges that provide you with real-world, hands-on experience using google cloud technologies essential to the database engineer role. once you complete the path, check out our catalog for 700+ labs and courses to keep going on your professional journey.
applied learning project
this specialization incorporates labs using our qwiklabs platform. these components will let you gain practical hands-on experience with the concepts explained in the video modules. in addition, you will learn about and practice working with google cloud databases such as cloud sql, cloud spanner, and bigtable.
",3800.0,beginner,professional certificate,3 - 6 Months
getting started with google workspace,google cloud,"['Collaboration', 'Communication', 'Google Cloud Platform', 'Cloud Applications', 'User Experience', 'Cloud Platforms', 'Leadership and Management', 'Cloud Computing', 'Business Communication', 'Organizational Development', 'Google App Engine', 'Cloud Storage', 'Data Management', 'Planning', 'Problem Solving', 'Business Analysis', 'Spreadsheet Software', 'Business Process Management', 'Data Visualization', 'Other Cloud Platforms and Tools', 'Project Management', 'Writing', 'Professional Development', 'Data Analysis', 'Strategy', 'Exploratory Data Analysis', 'Design and Product', 'Visual Design', 'Graphic Design']",4.7,https://www.coursera.org/specializations/getting-started-with-google-workspace,98539.0,"this course is for users who want to learn how to write sas programs to access, explore, prepare, and analyze data. it is the entry point to learning sas programming for data science, machine learning, and artificial intelligence. it is a prerequisite to many other sas courses.
by the end of this course, you will know how to use sas studio to write and submit sas programs that access sas, microsoft excel, and text data. you will know how to explore and validate data, prepare data by subsetting rows and computing new columns, analyze and report on data, export data and results to other formats, use sql in sas to query and join tables.

prerequisites:
learners should have experience using computer software. specifically, you should be able to understand file structures and system commands on your operating systems and access data files on your operating systems. no prior sas experience is needed.
",1400.0,beginner,specialization,3 - 6 Months
google cloud big data and machine learning fundamentals,google cloud,"['Big Data', 'Cloud Computing', 'Cloud Platforms', 'Google Cloud Platform', 'Human Learning', 'Machine Learning']",4.7,https://www.coursera.org/learn/gcp-big-data-ml-fundamentals,37959.0,"get professional training designed by google and take the next step in your career with advanced skills in the high-growth field of business intelligence. there are over 166,000 open jobs in business intelligence and the median salary for entry-level roles is $96,000.¹
business intelligence professionals collect, organize, interpret, and report on data to help organizations make informed business decisions. some responsibilities include measuring performance, tracking revenue or spending, and monitoring progress.
this certificate builds on your data analytics skills and experience to take your career to the next level. it's designed for graduates of the google data analytics certificateopens in a new tab or people with equivalent data analytics experience. expand your knowledge with practical, hands-on projects, featuring bigquery, sql, and tableau.
after three courses, you’ll be prepared for jobs like business intelligence analyst, business intelligence engineer, business intelligence developer, and more. at under 10 hours a week, the certificate program can be completed in less than two months. upon completion, you can apply for jobs with google and over 150 u.s. employers, including deloitte, target, and verizon.
75% of certificate graduates report a positive career outcome (e.g., new job, promotion or raise) within six months of completion2
¹lightcast™ us job postings (last 12 months: 1/1/2022 – 12/31/2022) 
2based on program graduate survey responses, us 2022
applied learning project
this program includes over 70 hours of instruction and 50+ practice-based assessments, which will help you simulate real-world business intelligence scenarios that are critical for success in the workplace. the content is highly interactive and exclusively developed by google employees with decades of experience in business intelligence. through a mix of videos, assessments, and hands-on labs, you’ll get introduced to bi tools and platforms and key technical skills required for an entry-level job.
platforms and tools you will learn include: bigquery, sql, tableau
in addition to expert training and hands-on projects, you'll complete a portfolio project that you can share with potential employers to showcase your new skill set. learn concrete skills that top employers are hiring for right now.


",16000.0,beginner,course,1 - 3 Months
organizational change and culture for adopting google cloud,google cloud,"['Cloud Computing', 'Leadership and Management', 'Strategy and Operations', 'Business Transformation', 'DevOps', 'Innovation', 'Cloud-Based Integration', 'Collaboration', 'Google Cloud Platform', 'Strategy', 'Cloud Platforms', 'Communication', 'Product Development', 'Business Analysis', 'Change Management', 'Cloud Applications', 'Cloud Clients', 'Cloud Infrastructure', 'Design and Product', 'Kubernetes', 'Organizational Development', 'Other Cloud Platforms and Tools', 'Business Intelligence', 'Customer Analysis', 'Data Analysis', 'Entrepreneurship', 'Product Management', 'Cloud API', 'Google App Engine', 'Operations Management', 'Culture']",4.7,https://www.coursera.org/specializations/organizational-change-and-culture-for-adopting-google-cloud,167794.0,"in this introductory, self-paced course, you will learn multiple theories of organizational behavior and apply them to actual cases of organizational change.
organizations are groups whose members coordinate their behaviors in order to accomplish a shared goal. they can be found nearly everywhere in today’s society: universities, start-ups, classrooms, hospitals, non-profits, government bureaus, corporations, restaurants, grocery stores, and professional associations are some of many examples of organizations.

organizations are as varied and complex as they are ubiquitous: they differ in size and internal structure; they can entail a multiplicity of goals and tasks (some of which are planned and others unplanned!); they are made up of individuals whose goals and motivations may differ from those of the group; and they must interact with other organizations and deal with environmental constraints in order to be successful. this complexity frequently results in a myriad of problems for organizational participants and the organization’s survival.

in this course, we will use organizational theories to systematically analyze how an organization operates and can best be managed. organizational theories highlight certain features of an organization’s structure and environment, as well as its processes of negotiation, production, and change. each provides a lens for interpreting novel organizational situations and developing a sense for how individual and group behaviors are organized. theories are valuable for the analyst and manager because most organizational problems are unique to the circumstances and cannot be solved by simple rules of thumb. armed with a toolset of organizational theories, you will be able to systematically identify important features of an organization and the events transforming it; choose a theoretical framework most applicable to the observed mode of organizing; and use that theory to determine which actions will best redirect the organization in desired directions.

in sum, the course has three goals: to become familiar with a series of real-world organizational phenomena; to learn different theoretical perspectives that can elucidate these phenomena; and to apply these different ways of “seeing” and managing organizations to cases. in such a fashion, the course is designed to actively bridge theory and practice, exposing students to a variety of conceptual tools and ways to negotiate novel situations.
",3500.0,beginner,specialization,3 - 6 Months
fintech: foundations & applications of financial technology,university of pennsylvania,"['FinTech', 'Finance', 'BlockChain', 'Innovation', 'Investment Management', 'Financial Management', 'Financial Analysis', 'Risk Management', 'General Statistics', 'Payments', 'Regulations and Compliance', 'Algorithms', 'Behavioral Economics', 'Entrepreneurial Finance', 'Market Research', 'Cryptography', 'Human Learning', 'Machine Learning Algorithms', 'Machine Learning Software', 'Securities Trading', 'Applied Machine Learning', 'Machine Learning', 'Product Strategy', 'Business Transformation', 'Systems Design']",4.6,https://www.coursera.org/specializations/wharton-fintech,38838.0,"individuals have a great capacity for vocal expression but most people haven’t had the opportunity to explore and develop it. by the end of this course learners will have gained knowledge of how the voice works, had a chance to experiment with different ways of speaking, and increased their confidence in their vocal expression.  
this course is aimed at beginners but can serve as a useful ‘tune up’ for those that have some experience in this area or those that want to build upon prior learning. the only prerequisite is to be curious about voice in action and public speaking. finding your professional voice takes the learner on a journey to discover how the voice works, how it can be optimised their use of it, and how vocal impact can be developed in professional settings.

the content of the course is useful to all learners who have vocal capacity.  whilst a very few of the exercises would require full physical capacity, those learners physical impairment, or those who do not wish to undertake the movement exercises will still be able to gain useful skills provided by the mooc content.
",3500.0,beginner,specialization,3 - 6 Months
"fintech: foundations, payments, and regulations",university of pennsylvania,"['FinTech', 'Finance', 'Behavioral Economics', 'BlockChain', 'Financial Analysis', 'Financial Management', 'Market Research', 'Payments', 'Risk Management', 'Regulations and Compliance']",4.6,https://www.coursera.org/learn/wharton-fintech-overview-payments-regulations,19964.0,"the objective of this course is to acquire proficiency with field programmable gate arrays (fpga)s for the purpose of creating prototypes or products for a variety of applications. although fpga design can be a complex topic, we will introduce it so that, with a little bit of effort, the basic concepts will be easily learned, while also providing a challenge for the more experienced designer. we will explore complexities, capabilities and trends of field programmable gate arrays (fpga) and complex programmable logic devices (cpld). conception, design, implementation, and debugging skills will be practiced. we will learn specifics around embedded ip and processor cores, including tradeoffs between implementing versus acquiring ip. projects will involve the latest software and fpga development tools and hardware platforms to help develop a broad perspective of the capabilities of various programmable soc solutions. topics include:
verilog, vhdl, and rtl design for fpga and cpld architectures 
fpga development tools flow: specify, synthesize, simulate, compile, program and debug 
configurable embedded processors and embedded software
use of soft-core and hard-core processors and os options
fpga system engineering, software-hardware integration, and testing 
ip development and incorporating 3rd-party ip 
the capstone course will give the learner the opportunity to practice and implement the concepts covered by building fpga systems based on low cost evaluation boards.
applied learning project
learners will practice building and testing several fpga projects using industry standard fpga hardware development tools by applying skills including vhdl and verilog coding, programmable logic synthesis and simulation, static timing analysis and fpga device programming.  the culmination of these efforts will be the construction of a configurable softcore processor system on a chip using the de10-lite evaluation board.    
",2400.0,beginner,course,1 - 4 Weeks
financial technology (fintech) innovations,university of michigan,"['FinTech', 'Finance', 'BlockChain', 'Decision Making', 'Risk Management', 'Financial Analysis', 'Investment Management', 'Leadership and Management', 'Critical Thinking', 'Innovation', 'Machine Learning', 'Algorithms', 'Entrepreneurship', 'Strategy', 'Cryptography', 'Data Mining', 'Payments', 'Statistical Analysis', 'Strategy and Operations', 'Cyberattacks', 'Network Security', 'Statistical Machine Learning', 'Underwriting', 'Computer Networking']",4.7,https://www.coursera.org/specializations/financialtechnology,136571.0,"financial planning for young adults (fpya), developed in partnership with the cfp board, is designed to provide an introduction to basic financial planning concepts for young adults. the fpya course is organized across eight separate modules within a 4-week window. topics covered include financial goal setting, saving and investing, budgeting, financial risk, borrowing and credit. because financial planning is such a personal topic, you will be encouraged to define your own financial goals and objectives while we discuss concepts and provide tools which can be applied in helping you reach those goals.
within each module, you will view a combination of traditional lecture style videos along with video vignettes that introduce financial topics for discussion among participants. the video vignettes provide a unique and exciting component to this course. each vignette introduces a real-world scenario where financial decisions must be made and financial planning concepts can be applied. you will be challenged to think critically about each scenario and decide how you might come to a resolution if ever faced with a similar situation.

finally, the course also includes material throughout which is focused on career opportunities in financial planning, including video interviews with actual cfp® professionals and other professionals working in this exciting and growing career area. the final module in the class is devoted to the topic of financial planning as a career.
",2400.0,beginner,specialization,3 - 6 Months
decentralized finance (defi): the future of finance,duke university,"['BlockChain', 'FinTech', 'Finance', 'Algorithms', 'Cryptography', 'Payments', 'Banking', 'Risk Management', 'Contract Management', 'Computational Logic', 'Innovation', 'Regulations and Compliance', 'Securities Trading', 'Strategy and Operations', 'Cyberattacks', 'Financial Analysis', 'Investment Management', 'Security Engineering']",4.8,https://www.coursera.org/specializations/decentralized-finance-duke,60101.0,"this specialization covers data architecture skills that are increasingly critical across a broad range of technology fields. you’ll learn the basics of structured data modeling, gain practical sql coding experience, and develop an in-depth understanding of data warehouse design and data manipulation. you’ll have the opportunity to work with large data sets in a data warehouse environment to create dashboards and visual analytics. you will use of microstrategy, a leading bi tool, olap (online analytical processing) and visual insights capabilities to create dashboards and visual analytics. in the final capstone project, you’ll apply your skills to build a small, basic data warehouse, populate it with data, and create dashboards and other visualizations to analyze and communicate the data to a broad audience.
",1700.0,intermediate,specialization,3 - 6 Months
python and statistics for financial analysis,the hong kong university of science and technology,"['Basic Descriptive Statistics', 'Computer Programming', 'Data Analysis', 'Finance', 'Financial Analysis', 'Probability & Statistics', 'Python Programming', 'Statistical Analysis', 'General Statistics', 'Probability Distribution', 'Statistical Programming', 'Data Visualization']",4.4,https://www.coursera.org/learn/python-statistics-financial-analysis,205510.0,"course overview: https://youtu.be/jgfv5qzayno
python is now becoming the number 1 programming language for data science. due to python’s simplicity and high readability, it is gaining its importance in the financial industry.  the course combines both python coding and statistical concepts and applies into analyzing financial data, such as stock data.

by the end of the course, you can achieve the following using python:

- import, pre-process, save and visualize financial data into pandas dataframe

- manipulate the existing financial data by generating new variables using multiple columns

- recall and apply the important statistical concepts (random variable, frequency, distribution, population and sample, confidence interval, linear regression, etc. ) into financial contexts

- build a trading model using multiple linear regression model 

- evaluate the performance of the trading model using different investment indicators

jupyter notebook environment is configured in the course platform for practicing python coding without installing any client applications.
",4000.0,intermediate,course,1 - 4 Weeks
economics of money and banking,columbia university,"['Banking', 'Finance']",4.9,https://www.coursera.org/learn/money-banking,118884.0,"the university of california san diego, skaggs school of pharmacy and pharmaceutical sciences drug discovery course brings you lectures from both faculty and industry experts.   with this course, recorded on campus at ucsd, we seek to share our access to top people in the field who bring an unprecedented range of expertise on drug discovery.  
in this course you will learn the drug discovery process up to the filing of an initial new drug application or ind. each week you will learn the steps that a pharmaceutical or biotech company goes through to discover a new therapeutic drug. in this course you will be able to:

  *   understand the pharmaceutical and biotechnology market a changing landscape
  *   learn the major aspects of the drug discovery process, starting with target selection, to compound screening to designing lead candidates.
  *   recognize current modern drug discovery based on the lock-and-key theory, which attempts to use one single compound to hit one target to combat the related disease.
  *   increase understanding of the various drug discovery tools and methods that are used for finding, identifying and designing a new drug.
  *   define and understand the regulatory responsibilities for drug discovery to file an investigational new drug application (ind).

this course is intended as part 1 of a series: drug discovery, drug development (https://www.coursera.org/learn/drug-development) and drug commercialization (https://www.coursera.org/learn/drug-commercialization).  we would highly recommend that you take the courses in order since it will give you a better understanding on how a drug is discovered in the lab before being tested in clinical trials and then launched in the market place.
",1500.0,all_levels,course,3 - 6 Months
blockchain revolution,insead,"['BlockChain', 'Finance', 'FinTech', 'Innovation', 'Cryptography', 'Strategy and Operations', 'System Security', 'Distributed Computing Architecture', 'Leadership and Management', 'Contract Management', 'Entrepreneurship', 'Network Model', 'Network Security', 'Regulations and Compliance', 'Research and Design', 'Strategy', 'Human Resources', 'Risk Management', 'Software Security', 'Recruitment']",4.7,https://www.coursera.org/specializations/blockchain-revolution-enterprise,35549.0,"this specialization is intended for public health and healthcare  professionals, researchers, data analysts, social workers, and others who need a comprehensive concepts-centric biostatistics primer.  those who complete the specialization will be able to read and respond to the scientific literature, including the methods and results sections, in public health, medicine, biological science, and related fields. successful learners will also be prepared to participate as part of a research team.
applied learning project
in each course, learners will assume the role of a biostatistical consultant helping research teams review and interpret the published scientific literature. throughout the specializations, learners will return to two important studies, one on asthma medication and another on injectable contraception, to answer the researchers' questions about the published statistical methods and results. 
",2900.0,beginner,specialization,3 - 6 Months
blockchain revolution in financial services,insead,"['BlockChain', 'Finance', 'Cryptography', 'FinTech', 'Business Transformation', 'Innovation', 'Distributed Computing Architecture', 'Payments', 'Leadership and Management', 'System Security', 'Network Security', 'Accounting', 'Banking', 'Business Process Management', 'Contract Management', 'Financial Accounting', 'Financial Management', 'Problem Solving', 'Security Strategy']",4.7,https://www.coursera.org/specializations/blockchain-financial-services,108717.0,"this specialization introduces blockchain, a revolutionary technology that enables peer-to-peer transfer of digital assets without any intermediaries, and is predicted to be just as impactful as the internet. more specifically, it prepares learners to program on the ethereum blockchain. the four courses provide learners with (i) an understanding and working knowledge of foundational blockchain concepts, (ii) a skill set for designing and implementing smart contracts, (iii) methods for developing decentralized applications on the blockchain, and (iv) information about the ongoing specific industry-wide blockchain frameworks.
the specialization covers a range of essential topics, from the cryptographic underpinnings of blockchain technology to enabling decentralized applications on a private ethereum blockchain platform. 
it is ideal for programmers and designers involved in developing and implementing blockchain applications, and anyone who is interested in understanding its potential. 
applied learning project
learners will apply the concepts covered in the courses to deploy an instance of a blockchain and carry out peer-to-peer transactions, program and test smart contracts using solidity language; and analyze, design and code a blockchain-based solution for decentralized applications.
",934000.0,beginner,specialization,3 - 6 Months
entrepreneurial finance: strategy and innovation,duke university,"['Finance', 'Entrepreneurial Finance', 'Risk Management', 'Probability & Statistics', 'R Programming', 'Entrepreneurship', 'Data Analysis', 'Investment Management', 'Statistical Analysis', 'Statistical Programming', 'Financial Analysis', 'Leadership and Management', 'BlockChain', 'Cryptography', 'FinTech', 'Statistical Tests', 'Financial Management', 'Algorithms', 'Innovation', 'System Security', 'Microsoft Excel']",4.5,https://www.coursera.org/specializations/entrepreneurial-finance,55842.0,"today’s professional environment is highly competitive, continuously changingopens in a new tab, and difficult to manage. employees rarely reach positions of leadership without managing one or more projects or a project segment early in their career.  
brought to you by the rice center of engineering leadership and team behind the engineering management master's programopens in a new tab, the goal of this specialization is to give you the tools to more effectively and successfully manage projects; to give you a solid foundation of knowledge, skills, and confidence that sets you apart and gives you a competitive edge as you move toward leadership positions.
this project management for engineering professionals specialization is designed as an introduction to project management. it is targeted for engineers who are interested in improving their project management skills in a new leadership positionopens in a new tab or in advance of their first leadership position. as part of the specialization, you will prepare key project execution plan documents based on available templates. 
applied learning project
as part of the specialization, learners will review an engineering case study and prepare a project charter, a stakeholder engagement matrix, statement of work, work breakdown structure, project schedule, project estimate, project risk matrix and project cause and effect diagram based on the facts of the case.  the learners will also be asked to calculate project progress based on the earned value method.
",1300.0,intermediate,specialization,3 - 6 Months
agile with atlassian jira,atlassian,"['Agile Software Development', 'Leadership and Management', 'Planning', 'Product Development', 'Product Management', 'Project Management', 'Scrum (Software Development)', 'Software Engineering', 'Software Testing', 'Technical Product Management', 'Jira (Software)']",4.7,https://www.coursera.org/learn/agile-atlassian-jira,282500.0,"this course discusses common foundational principles and practices used by agile methodologies, providing you with a flexible set of tools to use in your role (e.g. product owner, scrum master, project manager, team member) on an agile team. learn agile and lean principles, including kanban and scrum, and use jira software cloud as the tool to apply hands-on exercises in these topics. the course includes instruction on company-managed and team-managed jira projects. 
after completing this course, you will have a strong foundational understanding of agile principles and practices and hands-on experience with jira software cloud. site administrators will be able to perform basic administration tasks. you will be able to continuously configure your jira projects to match your team's custom agile methodology.

once completing this course, you will be prepared to earn your first atlassian credential: https://go.atlassian.com/coursera-apb-330

*you can use a free jira software cloud site to complete the hands-on labs associated with this course. this will require a windows, mac, or linux computer.
",8400.0,beginner,course,1 - 4 Weeks
marketing digital,universidade de são paulo,"['Digital Marketing', 'Marketing', 'Customer Analysis', 'Market Analysis', 'Social Media', 'E-Commerce', 'Strategy', 'Marketing Management', 'Media Strategy & Planning', 'Product Marketing', 'Search Engine Optimization']",4.8,https://www.coursera.org/learn/estrategia-marketing-digital,224172.0,"aprenda a desenvolver a estratégia de marketing digital para a sua empresa ou startup, nesse curso você irá aprender sobre os principais pontos do marketing como roi, seo, sem, testes ab e como gerenciar o funil de conversão e também como usar plataformas como google adwords e analytics, facebook ads e email marketing.
esse curso é ministrado por profissionais do mercado que vão apresentar como aplicar cada um dos conceitos com aulas teóricas e práticas.

neste curso serão abordados os seguintes temas:
diferença entre o marketing tradicional
importância do roi e como calcular
introdução a funil
google analytics
google adwords 
tipos de canais
como funciona sem
como funciona seo
como funciona facebook ads
como funciona email marketing
configurando e planejando campanhas
testes ab
como escolher sua estratégia
metrificação e iteração

ao final desse curso, esperamos que você esteja familiarizado com os principais conceitos, ferramentas e metodologias do marketing digital.

não deixe de ver as perguntas frequentes antes de se inscrever

conheça os nossos outros cursos:
- criação de startups: como desenvolver negócios inovadores
       https://www.coursera.org/learn/criacao-startups  
- ux / ui: fundamentos para o design de interface
       https://www.coursera.org/learn/ux-ui-design-de-interface 
- consolidando empresas: estrutura jurídica e financeira
       https://www.coursera.org/learn/consolidando-empresas
- inove na gestão de equipes e negócios: o crescimento da empresa
       https://www.coursera.org/learn/gestao-equipes-negocios 
- marketing e vendas b2b: fechando novos negócios
       https://www.coursera.org/learn/marketing-vendas-b2b
",2100.0,beginner,course,1 - 3 Months
"information systems auditing, controls and assurance",the hong kong university of science and technology,"['Security Engineering', 'Strategy and Operations', 'Change Management', 'Audit', 'Leadership and Management', 'Risk Management']",4.7,https://www.coursera.org/learn/information-systems-audit,78740.0,"the course is awarded the best free online courses of all time, and best online courses of the year (2021 edition) by class central (http://www.classcentral.com).
---
information systems (is) are important assets to business organizations and are ubiquitous in our daily lives. 

with the latest is technologies emerging, such as big data, fintech, virtual banks, there are more concerns from the public on how organizations maintain systems’ integrity, such as data privacy, information security, the compliance to the government regulations. management in organizations also need to be assured that systems work the way they expected. is auditors play a crucial role in handling these issues.

in the course “information systems auditing, controls and assurance”, you will explore risks of information systems, and how to mitigate the risks by proper is controls. you will also get familiar with the is audit procedures and how they are applied during the is development throughout the systems development life cycle (sdlc). 

finally, you will get to observe how we can make the system changes more manageable using formal is management practices, such as change management controls and emergency changes. 

the conversations between the course instructor - prof. percy dias, and the is auditing practitioner will give you a concrete idea on how is auditors perform their duties, the qualities to become is auditors and future prospects of is auditing industry.

this course is suitable for students and graduates from information systems, information technology and computer science, and it practitioners who are interested to get into the is auditing field. it is also a good starting point for learners who would like to pursue further studies for is audit certifications – such as certified information systems auditor (cisa).
",3200.0,beginner,course,1 - 4 Weeks
creative writing,wesleyan university,"['Creativity', 'Human Learning', 'Storytelling', 'Writing']",4.6,https://www.coursera.org/specializations/creative-writing,183827.0,"create high-fidelity designs and prototypes in figma is the fifth course in a certificate program that will equip you with the skills you need to apply to entry-level jobs in user experience (ux) design. in this course, you will follow step-by-step tutorials to learn how to create high-fidelity designs, called mockups, in figma, a popular design tool. then, you’ll turn those designs into an interactive prototype that works like a finished product. you’ll conduct research to collect feedback about your designs and make improvements. finally, you’ll learn how to share your designs with development teams and highlight your work in your professional ux portfolio.
current ux designers and researchers at google will serve as your instructors, and you will complete hands-on activities that simulate real-world ux design scenarios. learners who complete the seven courses in this certificate program should be equipped to apply for entry-level jobs as ux designers. 

by the end of this course, you will be able to:
   - build mockups and high-fidelity prototypes in figma.
   - define and apply common visual design elements and principles.
   - demonstrate how design systems can be used to organize, standardize, and enhance designs.
   - understand the role of design critique sessions and feedback while iterating on designs. 
   - learn how to hand off finished design projects to engineering teams. 
   - complete mobile app designs to include in a professional ux portfolio. 

this course is suitable for beginner-level ux designers who have completed the previous four courses of the google ux design certificate. alternatively, learners who have not completed the previous courses should have a strong understanding of the design process, how to create low-fidelity designs on paper and in figma, and how to conduct usability studies.
",5900.0,beginner,specialization,3 - 6 Months
managing emotions in times of uncertainty & stress,yale university,['Emotional Intelligence'],4.8,https://www.coursera.org/learn/managing-emotions-uncertainty-stress,216938.0,"developed by the yale center for emotional intelligence, managing emotions in times of uncertainty & stress will provide participants with the knowledge, skills, and strategies to understand and manage their emotions and those of their students. the 10-hour online course is designed for school staff, including teachers, paraprofessionals, counselors, principals, and non-teaching staff in prek-12 schools.
",2700.0,beginner,course,1 - 3 Months
ui / ux design,california institute of the arts,"['Design and Product', 'Front-End Web Development', 'Graphic Design', 'Human Computer Interaction', 'Research and Design', 'User Experience', 'User Experience Design', 'User Research', 'Visual Design', 'Visualization (Computer Graphics)', 'Web Design', 'Strategy']",4.7,https://www.coursera.org/specializations/ui-ux-design,168771.0,"the ui/ux design specialization brings a design-centric approach to user interface and user experience design, and offers practical, skill-based instruction centered around a visual communications perspective, rather than on one focused on marketing or programming alone. in this sequence of four courses, you will summarize and demonstrate all stages of the ui/ux development process, from user research to defining a project’s strategy, scope, and information architecture, to developing sitemaps and wireframes. you’ll learn current best practices and conventions in ux design and apply them to create effective and compelling screen-based experiences for websites or apps.
user interface and user experience design is a high-demand field, but the skills and knowledge you will learn in this specialization are applicable to a wide variety of careers, from marketing to web design to human-computer interaction.  
learners enrolled in the ui/ux design specialization are eligible for an extended free trial (1 month) of a full product suite of ux tools from optimal workshopopens in a new tab. details are available in course 3 of the specialization, web design: strategy and information architecture. 
applied learning project
in this specialization you will participate in several short exercises—both visual and non-visual—to apply acquired knowledge, from organizing and structuring screen-based content, defining goals and strategy, to creating wireframes and visual mockups. by the end of this specialization, you will have produced a mid-level digital prototype with simulated functionality, as well as a comprehensive plan for a complex website. 
",7300.0,beginner,specialization,3 - 6 Months
customer service fundamentals,knowledge accelerators,"['Communication', 'Customer Support', 'Leadership and Management', 'Problem Solving', 'Customer Relationship Management', 'Customer Success', 'Strategy', 'Adaptability', 'Critical Thinking', 'User Experience']",4.8,https://www.coursera.org/learn/customer-service-fundamentals,274118.0,"data about our browsing and buying patterns are everywhere.  from credit card transactions and online shopping carts, to customer loyalty programs and user-generated ratings/reviews, there is a staggering amount of data that can be used to describe our past buying behaviors, predict future ones, and prescribe new ways to influence future purchasing decisions. in this course, four of wharton’s top marketing professors will provide an overview of key areas of customer analytics: descriptive analytics, predictive analytics, prescriptive analytics, and their application to real-world business practices including amazon, google, and starbucks to name a few. this course provides an overview of the field of analytics so that you can make informed business decisions. it is an introduction to the theory of customer analytics, and is not intended to prepare learners to perform customer analytics. 
course learning outcomes: 

after completing the course learners will be able to...

describe the major methods of customer data collection used by companies and understand how this data can inform business decisions

describe the main tools used to predict customer behavior and identify the appropriate uses for each tool 

communicate key ideas about customer analytics and how the field informs business decisions

communicate the history of customer analytics and latest best practices at top firms
",1600.0,beginner,course,1 - 4 Weeks
introduction to statistics,stanford university,"['General Statistics', 'Probability & Statistics', 'Statistical Analysis', 'Critical Thinking', 'Basic Descriptive Statistics', 'Data Analysis', 'Statistical Tests', 'Probability Distribution', 'Problem Solving', 'Statistical Visualization']",4.6,https://www.coursera.org/learn/stanford-statistics,110456.0,"the simple spreadsheet is one of the most powerful data analysis tools that exists, and it’s available to almost anyone. major corporations and small businesses alike use spreadsheet models to determine where key measures of their success are now, and where they are likely to be in the future. but in order to get the most out of a spreadsheet, you have the know-how to use it. this course is designed to give you an introduction to basic spreadsheet tools and formulas so that you can begin harness the power of spreadsheets to map the data you have now and to predict the data you may have in the future. through short, easy-to-follow demonstrations, you’ll learn how to use excel or sheets so that you can begin to build models and decision trees in future courses in this specialization. 
basic familiarity with, and access to, excel or sheets is required.
",2700.0,beginner,course,1 - 3 Months
finding your professional voice: confidence & impact,university of london,['Communication'],4.7,https://www.coursera.org/learn/finding-your-professional-voice,213625.0,"welcome to finding purpose and meaning in life: living for what matters most! 
in this course, you’ll learn how science, philosophy and practice all play a role in both finding your purpose and living a purposeful life. you will hear from historical figures and individuals about their journeys to finding and living a purposeful life, and will walk through different exercises to help you find out what matters most to you so you can live a purposeful life. 

as an added benefit, you will also have complimentary access, for a period of time, to the purposeful app. this groundbreaking mobile and desktop app is designed to help you build a purposeful rhythm into each day, so you can bring your best self to what matters most. look for more information in week 1 of the course! 

by the end of this course, you will: 
1. understand that having a strong purpose in life is an essential element of human well-being.
2. know how self-transcending purpose positively affects well-being.
3. be able to create a purpose for your life (don't be intimidated, this is different from creating ""the purpose"" for your life).
4. apply personal approaches and skills to self-change and become and stay connected to your purpose every day.

we are thrilled that you are here! we look forward to hearing and learning from you throughout this course!
",291000.0,beginner,course,1 - 4 Weeks
learning how to learn: powerful mental tools to help you master tough subjects,deep teaching solutions,"['Business Psychology', 'Entrepreneurship', 'Human Learning', 'Leadership and Management']",4.8,https://www.coursera.org/learn/learning-how-to-learn,3641053.0,"this course gives you easy access to the invaluable learning techniques used by experts in art, music, literature, math, science, sports, and many other disciplines. we’ll learn about how the brain uses two very different learning modes and how it encapsulates (“chunks”) information. we’ll also cover illusions of learning, memory techniques, dealing with procrastination, and best practices shown by research to be most effective in helping you master tough subjects.  
using these approaches, no matter what your skill levels in topics you would like to master, you can change your thinking and change your life. if you’re already an expert, this peep under the mental hood will give you ideas for turbocharging successful learning, including counter-intuitive test-taking tips and insights that will help you make the best use of your time on homework and problem sets. if you’re struggling, you’ll see a structured treasure trove of practical techniques that walk you through what you need to do to get on track. if you’ve ever wanted to become better at anything, this course will help serve as your guide.

this course can be taken independent of, concurrent with, or prior to, its companion course, mindshift. (learning how to learn is more learning-focused, and mindshift is more career-focused.)  a related course by the same instructors is uncommon sense teaching.

to join the fully translated portuguese version of the course, visit: https://www.coursera.org/learn/aprender
to join the fully translated spanish version of the course, visit: https://www.coursera.org/learn/aprendiendo-a-aprender
to join the fully translated chinese version of the course, visit: https://www.coursera.org/learn/ruhe-xuexi
to join the fully translated french version of the course, visit : http://www.coursera.org/learn/apprendre-comment-apprendre
",88000.0,beginner,course,1 - 4 Weeks
cybersecurity compliance framework & system administration,ibm,"['Cryptography', 'Linux', 'System Software']",4.7,https://www.coursera.org/learn/cybersecurity-compliance-framework-system-administration,14183.0,"this course is intended to provide a general introduction to key concepts in cyber security. it is aimed at anyone with a good general knowledge of information and communications technology. the nature, scope and importance of cyber security are explained, and key concepts are justified and explored. this includes examining the types of threat that cyber security must address, as well as the range of mechanisms, both technological and procedural, that can be deployed.
the role of cryptography in providing security is explored, including how algorithms and keys play their part in enabling cyber security. the key supporting function played by key management is identified, including why the use of cryptographic functions depends on it.

the need for security management in an organisation is explained, and its main elements are introduced - including the key role played by risk management. the importance of standardised approaches to security management is explained, as is the notion of compliance.
",3100.0,beginner,course,1 - 3 Months
work smarter with microsoft word,microsoft,"['Collaboration', 'Communication', 'Computer Graphics', 'Microsoft Excel', 'Visual Design', 'Research and Design', 'Writing', 'Interactive Data Visualization', 'Spreadsheet Software', 'User Experience Design']",4.7,https://www.coursera.org/learn/microsoft-word-work-smarter,66198.0,"this course is intended for learners with some experience using microsoft windows, who are seeking to build presentation skills with microsoft word. to be successful in this course you should have an understanding of the basics of using a windows-based computer. experience with printing and using a web browser are an asset, but not required.
knowing how to use microsoft office products is essential in any professional setting. whether you want to expand your expertise to apply for a new role, start your own business, or simply develop a new personal skill this course is for you. 

this course will introduce you to microsoft 365. you will become familiar with the apps and services included in an office 365 subscription. if you are familiar with word’s basic features you can take your skills to the next level. if you are not familiar with microsoft products or are a beginner you will get the opportunity to develop basic word processing skills. 
 
this course covers the different features of the word interface, shows you how to create a basic document, and introduces you to word’s most important tools.

by the end of this course, you should be able to apply the necessary techniques to produce high-quality, professional documents. you will also understand how to create complex documents using tables, charts, references, and various types of illustrations.

this course will help you prepare for exam mo-100: microsoft word (word and word 2019). this exam covers the ability to create and maintain professional-looking reports, multi-column newsletters, résumés, and business correspondence. certification exam candidates are expected to demonstrate the correct application of the principal features of word and complete tasks independently. you will get an opportunity to hone all these skills in this course.
",1000.0,beginner,course,1 - 3 Months
digital manufacturing & design technology,university at buffalo,"['Design and Product', 'Leadership and Management', 'Product Lifecycle', 'Product Management', 'Strategy and Operations', 'Product Development', 'Business Process Management', 'Product Design', 'Supply Chain Systems', 'Data Management', 'Systems Design', 'Computer Networking', 'Supply Chain and Logistics', 'Human Computer Interaction', 'Process Analysis', 'Technical Product Management', 'Data Analysis', 'Project Management', 'System Security', 'Business Transformation', 'Cloud Computing', 'Cyberattacks', 'Operations Management', 'Security Engineering', 'Big Data', 'Cloud Storage', 'Communication', 'Computer Architecture', 'Computer Security Models', 'Network Security', 'Security Software', 'Security Strategy', 'Software Security', 'Supplier Relationship Management', 'Data Analysis Software', 'Digital Marketing', 'Machine Learning', 'Computer Security Incident Management', 'Data Visualization', 'Internet Of Things', 'Software Engineering', 'Exploratory Data Analysis', 'Business Communication', 'Marketing']",4.6,https://www.coursera.org/specializations/digital-manufacturing-design-technology,79172.0,"ce cours est conçu pour accompagner toutes les personnes qui veulent avoir un impact positif dans la société, mais qui ne savent pas comment agir. quel que soit votre âge ou votre formation académique, ce cours vous aidera à trouver la voie qui vous correspond pour faire bouger les lignes ! vous apprendrez comment passer de l’envie à l’idée, et de l’idée à l’action.
",6600.0,beginner,specialization,3 - 6 Months
cybersecurity for everyone,"university of maryland, college park","['Cyberattacks', 'Human Computer Interaction', 'Network Security', 'Security Engineering', 'Security Strategy', 'Computer Security Models', 'Leadership and Management', 'Risk Management', 'Software Security', 'Critical Thinking']",4.7,https://www.coursera.org/learn/cybersecurity-for-everyone,4727.0,"the cybersecurity operations fundamentals specialization gives you the basic skills you need to begin a career as an entry-level cybersecurity analyst. as you progress through this specialization, you'll gain the foundational knowledge that organizations require to protect their network.
completing this specialization will prepare you to start your career as a security operations center analyst.
previous ip networking knowledge is preferred.
 
applied learning project
there will not be any projects for this specialization. 

the cybersecurity operations fundamentals specialization gives you the basic skills you need to begin a career as an entry-level cybersecurity analyst. as you progress through this specialization, you'll gain the foundational knowledge that organizations require to protect their network.
",1300.0,beginner,course,1 - 3 Months
python for cybersecurity,infosec,"['Python Programming', 'Computer Programming']",4.5,https://www.coursera.org/specializations/pythonforcybersecurity,12936.0," python is one of the most popular and widely-used programming languages in the world due to its high usability and large collection of libraries. this learning path provides an application-driven introduction to using python for cybersecurity. python can help to automate tasks across the cyberattack life cycle for both cyber attackers and defenders. this specialization demonstrates some of these applications and how python can be used to make cybersecurity professionals more efficient and effective.    
applied learning project
learners will acquire the technical skills needs to develop custom python scripts to automate cybersecurity tasks. the challenges in this project involve developing or modifying python code to address cybersecurity use cases drawn from mitre att&ck and shield.
",349000.0,intermediate,specialization,3 - 6 Months
cryptography i,stanford university,"['Algorithms', 'Cryptography', 'Mathematics', 'Security Engineering', 'Theoretical Computer Science', 'Probability & Statistics', 'Critical Thinking', 'Mathematical Theory & Analysis', 'Computer Security Models', 'Probability Distribution']",4.8,https://www.coursera.org/learn/crypto,118242.0,"this specialization covers elements of three major creative writing genres: short story, narrative essay, and memoir. you will master the techniques that good writers use to compose a bracing story, populated with memorable characters in an interesting setting, written in a fresh descriptive style. you will analyze and constructively evaluate peer writing. in the capstone, you will draft, rewrite, and complete a substantial original story in the genre of your choosing.
our courses are designed for anyone from the aspiring short story writer to established novelist. whether you have a finished novel sitting on your desk calling for a fresh look or have had the germ of an idea for a decade, this specialization gives you tools to achieve your goal. through 4 courses focused on a key aspect of writing, and taken in any order you choose, you will develop a stronger ability to not only refine your writing, but critique writing in general and find inspiration in the works you are already reading. 
thanks to our sponsors, upon completion of their first assignment, learners in each course will receive up to an 80% discount from write-bros and a 30% discount off their first purchase from scrivener to use on their writing software. additionally, learners who complete an assignment will receive 30% off membership at the online writing community scribophile. for more information about our partners, see the faq below.
",4200.0,all_levels,course,1 - 3 Months
security principles,isc2,['Leadership and Management'],4.7,https://www.coursera.org/learn/-security-principles,10313.0,"welcome to course 1 of 5 of this specialization, security principles.
after completing this course, the participant will be able to: 

discuss the foundational concepts of cybersecurity principles.

- recognize foundational security concepts of information assurance.
- define risk management terminology and summarize the process.
- relate risk management to personal or professional practices.
- classify types of security controls.
- distinguish between policies, procedures, standards, regulations and laws.
- demonstrate the relationship among governance elements.
- analyze appropriate outcomes according to the canons of the (isc)2 code of ethics when given examples.
- practice the terminology and review security principles.

agenda

course introduction
module 1: information assurance 
module 2: risk management process 
module 3: security controls
module 4: governance
module 5: (isc)2 code of ethics
module 6: course summary

this training is for it professionals, career changers, college students, recent college graduates, advanced high school students and recent high school graduates looking to start their path toward cybersecurity leadership by taking the certified in cybersecurity entry-level exam.

there are no prerequisites to take the training or the exam. it is recommended that candidates have basic information technology (it) knowledge. no work experience in cybersecurity or formal education diploma/degree is required.
",245000.0,beginner,course,1 - 3 Months
